M_g,beta,beta_over_bc,channel,int_h2_damped,peak_h2_damped,f_peak
1.0000e+00,1.4574e-05,3.0000e+00,LIN-UV,2.6053e-16,3.6459e-16,2.8141e+06
1.0000e+00,1.4574e-05,3.0000e+00,NL-A+F,1.4070e-16,1.6677e-16,2.8141e+06
1.0000e+00,1.4574e-05,3.0000e+00,NL-B+F,1.4070e-16,1.6676e-16,2.8141e+06
1.0000e+00,1.4574e-05,3.0000e+00,SHOT-Ch,4.5029e-19,4.5833e-19,2.3518e+06
1.0000e+00,1.4574e-05,3.0000e+00,NL-A+F-sh,2.8800e-17,4.7765e-17,2.8141e+06
1.0000e+00,1.4574e-05,3.0000e+00,NL-B+F-sh,2.8799e-17,4.7763e-17,2.8141e+06
1.0000e+00,3.0620e-05,6.3030e+00,LIN-UV,1.5049e-14,2.1023e-14,2.9638e+06
1.0000e+00,3.0620e-05,6.3030e+00,NL-A+F,4.6381e-15,4.1271e-15,2.0678e+06
1.0000e+00,3.0620e-05,6.3030e+00,NL-B+F,4.6381e-15,4.1271e-15,2.0678e+06
1.0000e+00,3.0620e-05,6.3030e+00,SHOT-Ch,3.7602e-19,3.7519e-19,2.4756e+06
1.0000e+00,3.0620e-05,6.3030e+00,NL-A+F-sh,6.9238e-16,8.2502e-16,2.4756e+06
1.0000e+00,3.0620e-05,6.3030e+00,NL-B+F-sh,6.9239e-16,8.2502e-16,2.4756e+06
1.0000e+00,6.4332e-05,1.3243e+01,LIN-UV,7.9953e-13,1.1209e-12,3.0404e+06
1.0000e+00,6.4332e-05,1.3243e+01,NL-A+F,6.1536e-14,4.8807e-14,1.2350e+06
1.0000e+00,6.4332e-05,1.3243e+01,NL-B+F,6.1535e-14,4.8807e-14,1.2350e+06
1.0000e+00,6.4332e-05,1.3243e+01,SHOT-Ch,3.4933e-19,3.4557e-19,2.5391e+06
1.0000e+00,6.4332e-05,1.3243e+01,NL-A+F-sh,7.2007e-15,5.3091e-15,1.4789e+06
1.0000e+00,6.4332e-05,1.3243e+01,NL-B+F-sh,7.2006e-15,5.3092e-15,1.4789e+06
1.0000e+00,1.3516e-04,2.7823e+01,LIN-UV,4.0873e-11,5.7800e-11,3.0748e+06
1.0000e+00,1.3516e-04,2.7823e+01,NL-A+F,5.3058e-13,3.9620e-13,7.2715e+05
1.0000e+00,1.3516e-04,2.7823e+01,NL-B+F,5.3058e-13,3.9620e-13,7.2715e+05
1.0000e+00,1.3516e-04,2.7823e+01,SHOT-Ch,3.4014e-19,3.3536e-19,2.5677e+06
1.0000e+00,1.3516e-04,2.7823e+01,NL-A+F-sh,5.5258e-14,2.9263e-14,2.5677e+06
1.0000e+00,1.3516e-04,2.7823e+01,NL-B+F-sh,5.5259e-14,2.9263e-14,2.5677e+06
1.0000e+00,2.8398e-04,5.8457e+01,LIN-UV,2.0357e-09,2.9211e-09,3.0891e+06
1.0000e+00,2.8398e-04,5.8457e+01,NL-A+F,3.0706e-12,2.2604e-12,4.2533e+05
1.0000e+00,2.8398e-04,5.8457e+01,NL-B+F,3.1059e-12,2.2604e-12,4.2533e+05
1.0000e+00,2.8398e-04,5.8457e+01,SHOT-Ch,3.3704e-19,3.3189e-19,2.5796e+06
1.0000e+00,2.8398e-04,5.8457e+01,NL-A+F-sh,3.0560e-13,1.5341e-13,5.0935e+05
1.0000e+00,2.8398e-04,5.8457e+01,NL-B+F-sh,3.1374e-13,1.4972e-13,5.0935e+05
1.0000e+00,5.9664e-04,1.2282e+02,LIN-UV,9.8219e-08,1.4412e-07,3.0947e+06
1.0000e+00,5.9664e-04,1.2282e+02,NL-A+F,1.2338e-11,9.7314e-12,2.9712e+05
1.0000e+00,5.9664e-04,1.2282e+02,NL-B+F,1.2743e-11,9.7314e-12,2.9712e+05
1.0000e+00,5.9664e-04,1.2282e+02,SHOT-Ch,3.3599e-19,3.3070e-19,2.5843e+06
1.0000e+00,5.9664e-04,1.2282e+02,NL-A+F-sh,1.2269e-12,7.0489e-13,2.9712e+05
1.0000e+00,5.9664e-04,1.2282e+02,NL-B+F-sh,1.2993e-12,6.5744e-13,2.9712e+05
1.0000e+00,1.2536e-03,2.5804e+02,LIN-UV,4.5198e-06,6.8488e-06,3.0969e+06
1.0000e+00,1.2536e-03,2.5804e+02,NL-A+F,3.6773e-11,3.3001e-11,2.4829e+05
1.0000e+00,1.2536e-03,2.5804e+02,NL-B+F,3.8426e-11,3.3001e-11,2.4829e+05
1.0000e+00,1.2536e-03,2.5804e+02,SHOT-Ch,3.3562e-19,3.3029e-19,2.5861e+06
1.0000e+00,1.2536e-03,2.5804e+02,NL-A+F-sh,3.6810e-12,2.7059e-12,2.4829e+05
1.0000e+00,1.2536e-03,2.5804e+02,NL-B+F-sh,3.8840e-12,2.4457e-12,2.4829e+05
1.0000e+00,2.6337e-03,5.4215e+02,LIN-UV,1.9366e-04,3.0655e-04,3.0977e+06
1.0000e+00,2.6337e-03,5.4215e+02,NL-A+F,8.7942e-11,9.2561e-11,2.0739e+05
1.0000e+00,2.6337e-03,5.4215e+02,NL-B+F,9.1956e-11,9.2561e-11,2.0739e+05
1.0000e+00,2.6337e-03,5.4215e+02,SHOT-Ch,3.3550e-19,3.3015e-19,2.5868e+06
1.0000e+00,2.6337e-03,5.4215e+02,NL-A+F-sh,8.6730e-12,7.9491e-12,2.0739e+05
1.0000e+00,2.6337e-03,5.4215e+02,NL-B+F-sh,8.9431e-12,7.0819e-12,2.0739e+05
1.0000e+00,5.5335e-03,1.1391e+03,LIN-UV,7.4694e-03,1.2486e-02,3.0980e+06
1.0000e+00,5.5335e-03,1.1391e+03,NL-A+F,1.7772e-10,2.0721e-10,2.0741e+05
1.0000e+00,5.5335e-03,1.1391e+03,NL-B+F,1.8478e-10,2.0721e-10,2.0741e+05
1.0000e+00,5.5335e-03,1.1391e+03,SHOT-Ch,3.3545e-19,3.3010e-19,2.5870e+06
1.0000e+00,5.5335e-03,1.1391e+03,NL-A+F-sh,1.6929e-11,1.8248e-11,2.0741e+05
1.0000e+00,5.5335e-03,1.1391e+03,NL-B+F-sh,1.7012e-11,1.6228e-11,2.0741e+05
1.0000e+00,1.1626e-02,2.3932e+03,LIN-UV,2.4777e-01,4.4015e-01,3.0981e+06
1.0000e+00,1.1626e-02,2.3932e+03,NL-A+F,3.0929e-10,3.9214e-10,1.7320e+05
1.0000e+00,1.1626e-02,2.3932e+03,NL-B+F,3.1889e-10,3.9214e-10,1.7320e+05
1.0000e+00,1.1626e-02,2.3932e+03,SHOT-Ch,3.3543e-19,3.3008e-19,2.5871e+06
1.0000e+00,1.1626e-02,2.3932e+03,NL-A+F-sh,2.8236e-11,3.3099e-11,1.7320e+05
1.0000e+00,1.1626e-02,2.3932e+03,NL-B+F-sh,2.7751e-11,2.9606e-11,1.7320e+05
1.0000e+00,2.4426e-02,5.0281e+03,LIN-UV,6.6673e+00,1.2538e+01,3.0982e+06
1.0000e+00,2.4426e-02,5.0281e+03,NL-A+F,4.6835e-10,6.4511e-10,1.7321e+05
1.0000e+00,2.4426e-02,5.0281e+03,NL-B+F,4.8019e-10,6.4511e-10,1.7321e+05
1.0000e+00,2.4426e-02,5.0281e+03,SHOT-Ch,3.3543e-19,3.3007e-19,2.5872e+06
1.0000e+00,2.4426e-02,5.0281e+03,NL-A+F-sh,4.1075e-11,5.3264e-11,1.7321e+05
1.0000e+00,2.4426e-02,5.0281e+03,NL-B+F-sh,3.9879e-11,4.7937e-11,1.7321e+05
1.0000e+00,5.1320e-02,1.0564e+04,LIN-UV,1.3574e+02,2.6524e+02,3.0982e+06
1.0000e+00,5.1320e-02,1.0564e+04,NL-A+F,6.2853e-10,9.0840e-10,1.7321e+05
1.0000e+00,5.1320e-02,1.0564e+04,NL-B+F,6.4208e-10,9.0840e-10,1.7321e+05
1.0000e+00,5.1320e-02,1.0564e+04,SHOT-Ch,3.3543e-19,3.3007e-19,2.5872e+06
1.0000e+00,5.1320e-02,1.0564e+04,NL-A+F-sh,5.3361e-11,7.3321e-11,1.7321e+05
1.0000e+00,5.1320e-02,1.0564e+04,NL-B+F-sh,5.1482e-11,6.6346e-11,1.7321e+05
1.0000e+00,1.0782e-01,2.2196e+04,LIN-UV,1.9414e+03,4.4691e+03,3.7102e+06
1.0000e+00,1.0782e-01,2.2196e+04,NL-A+F,7.6694e-10,1.1400e-09,1.7321e+05
1.0000e+00,1.0782e-01,2.2196e+04,NL-B+F,7.8153e-10,1.1400e-09,1.7321e+05
1.0000e+00,1.0782e-01,2.2196e+04,SHOT-Ch,3.3543e-19,3.3007e-19,2.5872e+06
1.0000e+00,1.0782e-01,2.2196e+04,NL-A+F-sh,6.3579e-11,9.0337e-11,1.7321e+05
1.0000e+00,1.0782e-01,2.2196e+04,NL-B+F-sh,6.1122e-11,8.2089e-11,1.7321e+05
1.0000e+00,2.2654e-01,4.6633e+04,LIN-UV,1.8300e+04,4.9167e+04,3.7102e+06
1.0000e+00,2.2654e-01,4.6633e+04,NL-A+F,8.7341e-10,1.3198e-09,1.7321e+05
1.0000e+00,2.2654e-01,4.6633e+04,NL-B+F,8.8890e-10,1.3198e-09,1.7321e+05
1.0000e+00,2.2654e-01,4.6633e+04,SHOT-Ch,3.3542e-19,3.3007e-19,2.5872e+06
1.0000e+00,2.2654e-01,4.6633e+04,NL-A+F-sh,7.1232e-11,1.0321e-10,1.7321e+05
1.0000e+00,2.2654e-01,4.6633e+04,NL-B+F-sh,6.8366e-11,9.4011e-11,1.7321e+05
1.0000e+00,4.7596e-01,9.7977e+04,LIN-UV,1.0988e+05,3.3460e+05,3.7102e+06
1.0000e+00,4.7596e-01,9.7977e+04,NL-A+F,9.4884e-10,1.4479e-09,1.7321e+05
1.0000e+00,4.7596e-01,9.7977e+04,NL-B+F,9.6456e-10,1.4479e-09,1.7321e+05
1.0000e+00,4.7596e-01,9.7977e+04,SHOT-Ch,3.3542e-19,3.3007e-19,2.5872e+06
1.0000e+00,4.7596e-01,9.7977e+04,NL-A+F-sh,7.6560e-11,1.1221e-10,1.7321e+05
1.0000e+00,4.7596e-01,9.7977e+04,NL-B+F-sh,7.3393e-11,1.0245e-10,1.7321e+05
1.0000e+00,1.0000e+00,2.0585e+05,LIN-UV,4.2468e+05,1.4187e+06,3.7102e+06
1.0000e+00,1.0000e+00,2.0585e+05,NL-A+F,9.9942e-10,1.5340e-09,1.7321e+05
1.0000e+00,1.0000e+00,2.0585e+05,NL-B+F,1.0153e-09,1.5340e-09,1.7321e+05
1.0000e+00,1.0000e+00,2.0585e+05,SHOT-Ch,3.3542e-19,3.3007e-19,2.5872e+06
1.0000e+00,1.0000e+00,2.0585e+05,NL-A+F-sh,8.0090e-11,1.1820e-10,1.7321e+05
1.0000e+00,1.0000e+00,2.0585e+05,NL-B+F-sh,7.6719e-11,1.0805e-10,1.7321e+05
2.5332e+00,5.7530e-06,3.0000e+00,LIN-UV,6.8243e-17,9.5510e-17,1.2178e+06
2.5332e+00,5.7530e-06,3.0000e+00,NL-A+F,3.8517e-17,4.8224e-17,1.2178e+06
2.5332e+00,5.7530e-06,3.0000e+00,NL-B+F,3.8515e-17,4.8221e-17,1.2178e+06
2.5332e+00,5.7530e-06,3.0000e+00,SHOT-Ch,1.2681e-19,1.4143e-19,1.2178e+06
2.5332e+00,5.7530e-06,3.0000e+00,NL-A+F-sh,4.8097e-18,7.7895e-18,1.2178e+06
2.5332e+00,5.7530e-06,3.0000e+00,NL-B+F-sh,4.8095e-18,7.7895e-18,1.2178e+06
2.5332e+00,1.2860e-05,6.7060e+00,LIN-UV,5.5446e-15,7.7131e-15,1.2864e+06
2.5332e+00,1.2860e-05,6.7060e+00,NL-A+F,1.6398e-15,1.4323e-15,8.7879e+05
2.5332e+00,1.2860e-05,6.7060e+00,NL-B+F,1.6398e-15,1.4323e-15,8.7879e+05
2.5332e+00,1.2860e-05,6.7060e+00,SHOT-Ch,1.0528e-19,1.1482e-19,1.2864e+06
2.5332e+00,1.2860e-05,6.7060e+00,NL-A+F-sh,1.4684e-16,1.7719e-16,1.2864e+06
2.5332e+00,1.2860e-05,6.7060e+00,NL-B+F-sh,1.4684e-16,1.7720e-16,1.2864e+06
2.5332e+00,2.8746e-05,1.4990e+01,LIN-UV,4.1214e-13,5.7337e-13,1.3192e+06
2.5332e+00,2.8746e-05,1.4990e+01,NL-A+F,2.5910e-14,1.9651e-14,5.0841e+05
2.5332e+00,2.8746e-05,1.4990e+01,NL-B+F,2.5909e-14,1.9651e-14,5.0841e+05
2.5332e+00,2.8746e-05,1.4990e+01,SHOT-Ch,9.8201e-20,1.0607e-19,1.3192e+06
2.5332e+00,2.8746e-05,1.4990e+01,NL-A+F-sh,1.8444e-15,1.2027e-15,7.4448e+05
2.5332e+00,2.8746e-05,1.4990e+01,NL-B+F-sh,1.8444e-15,1.2027e-15,7.4448e+05
2.5332e+00,6.4257e-05,3.3507e+01,LIN-UV,2.9600e-11,4.1360e-11,1.3327e+06
2.5332e+00,6.4257e-05,3.3507e+01,NL-A+F,2.5920e-13,1.7645e-13,2.8976e+05
2.5332e+00,6.4257e-05,3.3507e+01,NL-B+F,2.5947e-13,1.7645e-13,2.8976e+05
2.5332e+00,6.4257e-05,3.3507e+01,SHOT-Ch,9.5982e-20,1.0331e-19,1.3327e+06
2.5332e+00,6.4257e-05,3.3507e+01,NL-A+F-sh,1.7018e-14,9.5211e-15,1.1013e+06
2.5332e+00,6.4257e-05,3.3507e+01,NL-B+F-sh,1.7057e-14,9.5025e-15,1.1013e+06
2.5332e+00,1.4363e-04,7.4900e+01,LIN-UV,2.0840e-09,2.9370e-09,1.3379e+06
2.5332e+00,1.4363e-04,7.4900e+01,NL-A+F,1.6847e-12,1.1073e-12,1.6411e+05
2.5332e+00,1.4363e-04,7.4900e+01,NL-B+F,1.7302e-12,1.1073e-12,1.6411e+05
2.5332e+00,1.4363e-04,7.4900e+01,SHOT-Ch,9.5300e-20,1.0245e-19,1.3379e+06
2.5332e+00,1.4363e-04,7.4900e+01,NL-A+F-sh,1.0903e-13,5.1484e-14,6.2380e+05
2.5332e+00,1.4363e-04,7.4900e+01,NL-B+F-sh,1.1531e-13,4.9093e-14,6.2380e+05
2.5332e+00,3.2107e-04,1.6743e+02,LIN-UV,1.4315e-07,2.0457e-07,1.3397e+06
2.5332e+00,3.2107e-04,1.6743e+02,NL-A+F,7.4016e-12,5.1142e-12,1.1221e+05
2.5332e+00,3.2107e-04,1.6743e+02,NL-B+F,7.8331e-12,5.1142e-12,1.1221e+05
2.5332e+00,3.2107e-04,1.6743e+02,SHOT-Ch,9.5088e-20,1.0218e-19,1.3397e+06
2.5332e+00,3.2107e-04,1.6743e+02,NL-A+F-sh,5.0729e-13,2.7344e-13,1.1221e+05
2.5332e+00,3.2107e-04,1.6743e+02,NL-B+F-sh,5.5169e-13,2.4605e-13,1.1221e+05
2.5332e+00,7.1769e-04,3.7425e+02,LIN-UV,9.4565e-06,1.3804e-05,1.3404e+06
2.5332e+00,7.1769e-04,3.7425e+02,NL-A+F,2.3268e-11,1.8911e-11,7.6658e+04
2.5332e+00,7.1769e-04,3.7425e+02,NL-B+F,2.5087e-11,1.8911e-11,7.6658e+04
2.5332e+00,7.1769e-04,3.7425e+02,SHOT-Ch,9.5020e-20,1.0209e-19,1.3404e+06
2.5332e+00,7.1769e-04,3.7425e+02,NL-A+F-sh,1.6953e-12,1.1661e-12,7.6658e+04
2.5332e+00,7.1769e-04,3.7425e+02,NL-B+F-sh,1.8246e-12,1.0120e-12,7.6658e+04
2.5332e+00,1.6043e-03,8.3657e+02,LIN-UV,5.8695e-04,8.8303e-04,1.3406e+06
2.5332e+00,1.6043e-03,8.3657e+02,NL-A+F,5.7277e-11,5.5038e-11,6.3356e+04
2.5332e+00,1.6043e-03,8.3657e+02,NL-B+F,6.1738e-11,5.5038e-11,6.3356e+04
2.5332e+00,1.6043e-03,8.3657e+02,SHOT-Ch,9.4998e-20,1.0206e-19,1.3406e+06
2.5332e+00,1.6043e-03,8.3657e+02,NL-A+F-sh,4.2545e-12,3.6734e-12,6.3356e+04
2.5332e+00,1.6043e-03,8.3657e+02,NL-B+F-sh,4.4294e-12,3.1445e-12,6.3356e+04
2.5332e+00,3.5861e-03,1.8700e+03,LIN-UV,3.3067e-02,5.1728e-02,1.3407e+06
2.5332e+00,3.5861e-03,1.8700e+03,NL-A+F,1.1755e-10,1.3698e-10,6.3359e+04
2.5332e+00,3.5861e-03,1.8700e+03,NL-B+F,1.2491e-10,1.3698e-10,6.3359e+04
2.5332e+00,3.5861e-03,1.8700e+03,SHOT-Ch,9.4991e-20,1.0205e-19,1.3407e+06
2.5332e+00,3.5861e-03,1.8700e+03,NL-A+F-sh,8.5794e-12,9.3956e-12,6.3359e+04
2.5332e+00,3.5861e-03,1.8700e+03,NL-B+F-sh,8.5828e-12,8.0724e-12,6.3359e+04
2.5332e+00,8.0160e-03,4.1801e+03,LIN-UV,1.6098e+00,2.6775e+00,1.6225e+06
2.5332e+00,8.0160e-03,4.1801e+03,NL-A+F,2.0501e-10,2.6408e-10,6.3361e+04
2.5332e+00,8.0160e-03,4.1801e+03,NL-B+F,2.1522e-10,2.6408e-10,6.3361e+04
2.5332e+00,8.0160e-03,4.1801e+03,SHOT-Ch,9.4989e-20,1.0205e-19,1.3407e+06
2.5332e+00,8.0160e-03,4.1801e+03,NL-A+F-sh,1.4456e-11,1.7912e-11,6.3361e+04
2.5332e+00,8.0160e-03,4.1801e+03,NL-B+F-sh,1.4100e-11,1.5517e-11,6.3361e+04
2.5332e+00,1.7918e-02,9.3438e+03,LIN-UV,6.3350e+01,1.2102e+02,1.6225e+06
2.5332e+00,1.7918e-02,9.3438e+03,NL-A+F,3.0708e-10,4.1980e-10,6.3361e+04
2.5332e+00,1.7918e-02,9.3438e+03,NL-B+F,3.1947e-10,4.1980e-10,6.3361e+04
2.5332e+00,1.7918e-02,9.3438e+03,SHOT-Ch,9.4988e-20,1.0205e-19,1.3407e+06
2.5332e+00,1.7918e-02,9.3438e+03,NL-A+F-sh,2.0898e-11,2.7813e-11,6.3361e+04
2.5332e+00,1.7918e-02,9.3438e+03,NL-B+F-sh,2.0089e-11,2.4311e-11,6.3361e+04
2.5332e+00,4.0053e-02,2.0886e+04,LIN-UV,1.8525e+03,4.1412e+03,1.6225e+06
2.5332e+00,4.0053e-02,2.0886e+04,NL-A+F,4.0433e-10,5.7381e-10,6.3361e+04
2.5332e+00,4.0053e-02,2.0886e+04,NL-B+F,4.1784e-10,5.7381e-10,6.3361e+04
2.5332e+00,4.0053e-02,2.0886e+04,SHOT-Ch,9.4987e-20,1.0205e-19,1.3408e+06
2.5332e+00,4.0053e-02,2.0886e+04,NL-A+F-sh,2.6737e-11,3.7169e-11,6.3361e+04
2.5332e+00,4.0053e-02,2.0886e+04,NL-B+F-sh,2.5483e-11,3.2750e-11,6.3361e+04
2.5332e+00,8.9532e-02,4.6688e+04,LIN-UV,3.6603e+04,9.5907e+04,1.6225e+06
2.5332e+00,8.9532e-02,4.6688e+04,NL-A+F,4.8303e-10,7.0175e-10,6.3361e+04
2.5332e+00,8.9532e-02,4.6688e+04,NL-B+F,4.9745e-10,7.0175e-10,6.3361e+04
2.5332e+00,8.9532e-02,4.6688e+04,SHOT-Ch,9.4987e-20,1.0205e-19,1.3408e+06
2.5332e+00,8.9532e-02,4.6688e+04,NL-A+F-sh,3.1294e-11,4.4684e-11,6.3361e+04
2.5332e+00,8.9532e-02,4.6688e+04,NL-B+F-sh,2.9715e-11,3.9562e-11,6.3361e+04
2.5332e+00,2.0013e-01,1.0436e+05,LIN-UV,4.4781e+05,1.3512e+06,1.6225e+06
2.5332e+00,2.0013e-01,1.0436e+05,NL-A+F,5.3961e-10,7.9535e-10,6.3361e+04
2.5332e+00,2.0013e-01,1.0436e+05,NL-B+F,5.5483e-10,7.9535e-10,6.3361e+04
2.5332e+00,2.0013e-01,1.0436e+05,SHOT-Ch,9.4987e-20,1.0205e-19,1.3408e+06
2.5332e+00,2.0013e-01,1.0436e+05,NL-A+F-sh,3.4493e-11,5.0057e-11,6.3361e+04
2.5332e+00,2.0013e-01,1.0436e+05,NL-B+F-sh,3.2704e-11,4.4439e-11,6.3361e+04
2.5332e+00,4.4736e-01,2.3328e+05,LIN-UV,3.2241e+06,1.0867e+07,1.6225e+06
2.5332e+00,4.4736e-01,2.3328e+05,NL-A+F,5.7720e-10,8.5822e-10,6.3361e+04
2.5332e+00,4.4736e-01,2.3328e+05,NL-B+F,5.9259e-10,8.5822e-10,6.3361e+04
2.5332e+00,4.4736e-01,2.3328e+05,SHOT-Ch,9.4987e-20,1.0205e-19,1.3408e+06
2.5332e+00,4.4736e-01,2.3328e+05,NL-A+F-sh,3.6586e-11,5.3614e-11,6.3361e+04
2.5332e+00,4.4736e-01,2.3328e+05,NL-B+F-sh,3.4647e-11,4.7712e-11,6.3361e+04
2.5332e+00,1.0000e+00,5.2146e+05,LIN-UV,1.3801e+07,5.0294e+07,1.6225e+06
2.5332e+00,1.0000e+00,5.2146e+05,NL-A+F,6.0096e-10,8.9819e-10,6.3361e+04
2.5332e+00,1.0000e+00,5.2146e+05,NL-B+F,6.1643e-10,8.9819e-10,6.3361e+04
2.5332e+00,1.0000e+00,5.2146e+05,SHOT-Ch,9.4987e-20,1.0205e-19,1.3408e+06
2.5332e+00,1.0000e+00,5.2146e+05,NL-A+F-sh,3.7896e-11,5.5856e-11,6.3361e+04
2.5332e+00,1.0000e+00,5.2146e+05,NL-B+F-sh,3.5860e-11,4.9772e-11,6.3361e+04
6.4172e+00,2.2710e-06,3.0000e+00,LIN-UV,1.8343e-17,2.4873e-17,6.4400e+05
6.4172e+00,2.2710e-06,3.0000e+00,NL-A+F,1.0643e-17,1.2860e-17,5.2702e+05
6.4172e+00,2.2710e-06,3.0000e+00,NL-B+F,1.0642e-17,1.2860e-17,5.2702e+05
6.4172e+00,2.2710e-06,3.0000e+00,SHOT-Ch,3.5892e-20,4.0889e-20,5.2702e+05
6.4172e+00,2.2710e-06,3.0000e+00,NL-A+F-sh,8.1390e-19,1.3482e-18,6.4400e+05
6.4172e+00,2.2710e-06,3.0000e+00,NL-B+F-sh,8.1385e-19,1.3481e-18,6.4400e+05
6.4172e+00,5.4010e-06,7.1347e+00,LIN-UV,2.0995e-15,2.8354e-15,6.8253e+05
6.4172e+00,5.4010e-06,7.1347e+00,NL-A+F,5.7301e-16,4.9475e-16,4.5656e+05
6.4172e+00,5.4010e-06,7.1347e+00,NL-B+F,5.7300e-16,4.9475e-16,4.5656e+05
6.4172e+00,5.4010e-06,7.1347e+00,SHOT-Ch,2.9692e-20,3.3074e-20,5.5822e+05
6.4172e+00,5.4010e-06,7.1347e+00,NL-A+F-sh,3.0615e-17,3.6055e-17,5.5822e+05
6.4172e+00,5.4010e-06,7.1347e+00,NL-B+F-sh,3.0614e-17,3.6055e-17,5.5822e+05
6.4172e+00,1.2845e-05,1.6968e+01,LIN-UV,2.1799e-13,2.9452e-13,6.9970e+05
6.4172e+00,1.2845e-05,1.6968e+01,NL-A+F,1.0739e-14,7.6507e-15,2.0922e+05
6.4172e+00,1.2845e-05,1.6968e+01,NL-B+F,1.0739e-14,7.6507e-15,2.0922e+05
6.4172e+00,1.2845e-05,1.6968e+01,SHOT-Ch,2.7819e-20,3.0728e-20,5.7217e+05
6.4172e+00,1.2845e-05,1.6968e+01,NL-A+F-sh,4.6831e-16,3.2633e-16,5.7217e+05
6.4172e+00,1.2845e-05,1.6968e+01,NL-B+F-sh,4.6831e-16,3.2634e-16,5.7217e+05
6.4172e+00,3.0548e-05,4.0353e+01,LIN-UV,2.1934e-11,2.9753e-11,7.0621e+05
6.4172e+00,3.0548e-05,4.0353e+01,NL-A+F,1.2279e-13,7.5450e-14,1.1543e+05
6.4172e+00,3.0548e-05,4.0353e+01,NL-B+F,1.2363e-13,7.5450e-14,1.1543e+05
6.4172e+00,3.0548e-05,4.0353e+01,SHOT-Ch,2.7285e-20,3.0057e-20,5.7747e+05
6.4172e+00,3.0548e-05,4.0353e+01,NL-A+F-sh,5.0567e-15,2.8353e-15,4.7221e+05
6.4172e+00,3.0548e-05,4.0353e+01,NL-B+F-sh,5.1393e-15,2.8182e-15,4.7221e+05
6.4172e+00,7.2649e-05,9.5968e+01,LIN-UV,2.1744e-09,2.9740e-09,7.0847e+05
6.4172e+00,7.2649e-05,9.5968e+01,NL-A+F,8.9046e-13,5.1217e-13,6.3307e+04
6.4172e+00,7.2649e-05,9.5968e+01,NL-B+F,9.3291e-13,5.1217e-13,6.3307e+04
6.4172e+00,7.2649e-05,9.5968e+01,SHOT-Ch,2.7135e-20,2.9867e-20,5.7931e+05
6.4172e+00,7.2649e-05,9.5968e+01,NL-A+F-sh,3.7700e-14,1.8244e-14,2.1178e+05
6.4172e+00,7.2649e-05,9.5968e+01,NL-B+F-sh,4.0993e-14,1.6861e-14,2.1178e+05
6.4172e+00,1.7278e-04,2.2823e+02,LIN-UV,2.1165e-07,2.9371e-07,7.0921e+05
6.4172e+00,1.7278e-04,2.2823e+02,NL-A+F,4.2716e-12,2.6060e-12,3.4648e+04
6.4172e+00,1.7278e-04,2.2823e+02,NL-B+F,4.6835e-12,2.6060e-12,3.4648e+04
6.4172e+00,1.7278e-04,2.2823e+02,SHOT-Ch,2.7092e-20,2.9812e-20,5.7992e+05
6.4172e+00,1.7278e-04,2.2823e+02,NL-A+F-sh,2.0646e-13,1.0197e-13,3.4648e+04
6.4172e+00,1.7278e-04,2.2823e+02,NL-B+F-sh,2.3020e-13,8.8265e-14,3.4648e+04
6.4172e+00,4.1090e-04,5.4279e+02,LIN-UV,1.9978e-05,2.8406e-05,7.0945e+05
6.4172e+00,4.1090e-04,5.4279e+02,NL-A+F,1.4163e-11,1.0219e-11,2.8341e+04
6.4172e+00,4.1090e-04,5.4279e+02,NL-B+F,1.5977e-11,1.0219e-11,2.8341e+04
6.4172e+00,4.1090e-04,5.4279e+02,SHOT-Ch,2.7080e-20,2.9796e-20,5.8012e+05
6.4172e+00,4.1090e-04,5.4279e+02,NL-A+F-sh,7.7491e-13,5.0204e-13,2.8341e+04
6.4172e+00,4.1090e-04,5.4279e+02,NL-B+F-sh,8.5014e-13,4.1778e-13,2.8341e+04
6.4172e+00,9.7721e-04,1.2909e+03,LIN-UV,1.7905e-03,2.6472e-03,7.0953e+05
6.4172e+00,9.7721e-04,1.2909e+03,NL-A+F,3.5889e-11,3.3022e-11,2.3177e+04
6.4172e+00,9.7721e-04,1.2909e+03,NL-B+F,4.0223e-11,3.3022e-11,2.3177e+04
6.4172e+00,9.7721e-04,1.2909e+03,SHOT-Ch,2.7076e-20,2.9791e-20,5.8018e+05
6.4172e+00,9.7721e-04,1.2909e+03,NL-A+F-sh,2.0739e-12,1.7933e-12,2.3177e+04
6.4172e+00,9.7721e-04,1.2909e+03,NL-B+F-sh,2.1682e-12,1.4761e-12,2.3177e+04
6.4172e+00,2.3240e-03,3.0700e+03,LIN-UV,1.4741e-01,2.3124e-01,7.0956e+05
6.4172e+00,2.3240e-03,3.0700e+03,NL-A+F,7.4778e-11,8.1828e-11,1.8953e+04
6.4172e+00,2.3240e-03,3.0700e+03,NL-B+F,8.1785e-11,8.1828e-11,1.8953e+04
6.4172e+00,2.3240e-03,3.0700e+03,SHOT-Ch,2.7075e-20,2.9790e-20,5.8020e+05
6.4172e+00,2.3240e-03,3.0700e+03,NL-A+F-sh,4.3120e-12,4.5175e-12,1.8953e+04
6.4172e+00,2.3240e-03,3.0700e+03,NL-B+F-sh,4.2868e-12,3.7481e-12,1.8953e+04
6.4172e+00,5.5270e-03,7.3011e+03,LIN-UV,1.0606e+01,1.8082e+01,7.0956e+05
6.4172e+00,5.5270e-03,7.3011e+03,NL-A+F,1.3051e-10,1.6631e-10,1.8953e+04
6.4172e+00,5.5270e-03,7.3011e+03,NL-B+F,1.4006e-10,1.6631e-10,1.8953e+04
6.4172e+00,5.5270e-03,7.3011e+03,SHOT-Ch,2.7075e-20,2.9789e-20,5.8021e+05
6.4172e+00,5.5270e-03,7.3011e+03,NL-A+F-sh,7.3168e-12,9.0612e-12,1.8953e+04
6.4172e+00,5.5270e-03,7.3011e+03,NL-B+F-sh,7.0616e-12,7.6081e-12,1.8953e+04
6.4172e+00,1.3144e-02,1.7364e+04,LIN-UV,6.2131e+02,1.1766e+03,7.0957e+05
6.4172e+00,1.3144e-02,1.7364e+04,NL-A+F,1.9304e-10,2.6718e-10,1.8953e+04
6.4172e+00,1.3144e-02,1.7364e+04,NL-B+F,2.0407e-10,2.6718e-10,1.8953e+04
6.4172e+00,1.3144e-02,1.7364e+04,SHOT-Ch,2.7074e-20,2.9789e-20,5.8021e+05
6.4172e+00,1.3144e-02,1.7364e+04,NL-A+F-sh,1.0483e-11,1.4203e-11,1.8953e+04
6.4172e+00,1.3144e-02,1.7364e+04,NL-B+F-sh,9.9382e-12,1.2079e-11,1.8953e+04
6.4172e+00,3.1260e-02,4.1294e+04,LIN-UV,2.6963e+04,5.7273e+04,7.0957e+05
6.4172e+00,3.1260e-02,4.1294e+04,NL-A+F,2.4921e-10,3.6102e-10,1.8953e+04
6.4172e+00,3.1260e-02,4.1294e+04,NL-B+F,2.6112e-10,3.6102e-10,1.8953e+04
6.4172e+00,3.1260e-02,4.1294e+04,SHOT-Ch,2.7074e-20,2.9789e-20,5.8021e+05
6.4172e+00,3.1260e-02,4.1294e+04,NL-A+F-sh,1.3192e-11,1.8775e-11,1.8953e+04
6.4172e+00,3.1260e-02,4.1294e+04,NL-B+F-sh,1.2398e-11,1.6114e-11,1.8953e+04
6.4172e+00,7.4344e-02,9.8207e+04,LIN-UV,7.7455e+05,1.8212e+06,7.0957e+05
6.4172e+00,7.4344e-02,9.8207e+04,NL-A+F,2.9172e-10,4.3343e-10,1.8953e+04
6.4172e+00,7.4344e-02,9.8207e+04,NL-B+F,3.0437e-10,4.3343e-10,1.8953e+04
6.4172e+00,7.4344e-02,9.8207e+04,SHOT-Ch,2.7074e-20,2.9789e-20,5.8021e+05
6.4172e+00,7.4344e-02,9.8207e+04,NL-A+F-sh,1.5174e-11,2.2191e-11,1.8953e+04
6.4172e+00,7.4344e-02,9.8207e+04,NL-B+F-sh,1.4213e-11,1.9147e-11,1.8953e+04
6.4172e+00,1.7681e-01,2.3356e+05,LIN-UV,1.3181e+07,3.3031e+07,7.0957e+05
6.4172e+00,1.7681e-01,2.3356e+05,NL-A+F,3.2033e-10,4.8267e-10,1.8953e+04
6.4172e+00,1.7681e-01,2.3356e+05,NL-B+F,3.3313e-10,4.8267e-10,1.8953e+04
6.4172e+00,1.7681e-01,2.3356e+05,SHOT-Ch,2.7074e-20,2.9789e-20,5.8021e+05
6.4172e+00,1.7681e-01,2.3356e+05,NL-A+F-sh,1.6480e-11,2.4466e-11,1.8953e+04
6.4172e+00,1.7681e-01,2.3356e+05,NL-B+F-sh,1.5399e-11,2.1192e-11,1.8953e+04
6.4172e+00,4.2048e-01,5.5545e+05,LIN-UV,1.2342e+08,3.1398e+08,7.0957e+05
6.4172e+00,4.2048e-01,5.5545e+05,NL-A+F,3.3819e-10,5.1360e-10,1.8953e+04
6.4172e+00,4.2048e-01,5.5545e+05,NL-B+F,3.5159e-10,5.1360e-10,1.8953e+04
6.4172e+00,4.2048e-01,5.5545e+05,SHOT-Ch,2.7074e-20,2.9789e-20,5.8021e+05
6.4172e+00,4.2048e-01,5.5545e+05,NL-A+F-sh,1.7285e-11,2.5877e-11,1.8953e+04
6.4172e+00,4.2048e-01,5.5545e+05,NL-B+F-sh,1.6151e-11,2.2437e-11,1.8953e+04
6.4172e+00,1.0000e+00,1.3210e+06,LIN-UV,6.3475e+08,1.5781e+09,7.0957e+05
6.4172e+00,1.0000e+00,1.3210e+06,NL-A+F,3.4886e-10,5.3212e-10,1.8953e+04
6.4172e+00,1.0000e+00,1.3210e+06,NL-B+F,3.6231e-10,5.3212e-10,1.8953e+04
6.4172e+00,1.0000e+00,1.3210e+06,SHOT-Ch,2.7074e-20,2.9789e-20,5.8021e+05
6.4172e+00,1.0000e+00,1.3210e+06,NL-A+F-sh,1.7762e-11,2.6715e-11,1.8953e+04
6.4172e+00,1.0000e+00,1.3210e+06,NL-B+F-sh,1.6586e-11,2.3194e-11,1.8953e+04
1.6256e+01,8.9650e-07,3.0000e+00,LIN-UV,4.9454e-18,7.0562e-18,2.8163e+05
1.6256e+01,8.9650e-07,3.0000e+00,NL-A+F,2.9441e-18,3.5704e-18,2.8163e+05
1.6256e+01,8.9650e-07,3.0000e+00,NL-B+F,2.9434e-18,3.5693e-18,2.8163e+05
1.6256e+01,8.9650e-07,3.0000e+00,SHOT-Ch,1.0148e-20,1.1001e-20,2.2807e+05
1.6256e+01,8.9650e-07,3.0000e+00,NL-A+F-sh,1.3690e-19,2.3069e-19,2.8163e+05
1.6256e+01,8.9650e-07,3.0000e+00,NL-B+F-sh,1.3686e-19,2.3064e-19,2.8163e+05
1.6256e+01,2.2684e-06,7.5907e+00,LIN-UV,7.9328e-16,1.1240e-15,2.9927e+05
1.6256e+01,2.2684e-06,7.5907e+00,NL-A+F,1.9824e-16,1.7099e-16,1.9602e+05
1.6256e+01,2.2684e-06,7.5907e+00,NL-B+F,1.9824e-16,1.7099e-16,1.9602e+05
1.6256e+01,2.2684e-06,7.5907e+00,SHOT-Ch,8.3613e-21,8.9078e-21,2.4220e+05
1.6256e+01,2.2684e-06,7.5907e+00,NL-A+F-sh,6.3053e-18,6.9487e-18,2.4220e+05
1.6256e+01,2.2684e-06,7.5907e+00,NL-B+F-sh,6.3053e-18,6.9487e-18,2.4220e+05
1.6256e+01,5.7396e-06,1.9206e+01,LIN-UV,1.1471e-13,1.6233e-13,3.0660e+05
1.6256e+01,5.7396e-06,1.9206e+01,NL-A+F,4.3975e-15,2.8860e-15,8.6073e+04
1.6256e+01,5.7396e-06,1.9206e+01,NL-B+F,4.3975e-15,2.8860e-15,8.6073e+04
1.6256e+01,5.7396e-06,1.9206e+01,SHOT-Ch,7.8674e-21,8.3326e-21,2.4810e+05
1.6256e+01,5.7396e-06,1.9206e+01,NL-A+F-sh,1.1772e-16,8.1469e-17,2.4810e+05
1.6256e+01,5.7396e-06,1.9206e+01,NL-B+F-sh,1.1772e-16,8.1469e-17,2.4810e+05
1.6256e+01,1.4523e-05,4.8597e+01,LIN-UV,1.6124e-11,2.2860e-11,3.0915e+05
1.6256e+01,1.4523e-05,4.8597e+01,NL-A+F,5.6693e-14,3.1210e-14,4.5971e+04
1.6256e+01,1.4523e-05,4.8597e+01,NL-B+F,5.7723e-14,3.1210e-14,4.5971e+04
1.6256e+01,1.4523e-05,4.8597e+01,SHOT-Ch,7.7394e-21,8.1832e-21,2.5015e+05
1.6256e+01,1.4523e-05,4.8597e+01,NL-A+F-sh,1.4569e-15,8.2130e-16,1.6379e+05
1.6256e+01,1.4523e-05,4.8597e+01,NL-B+F-sh,1.5147e-15,7.9893e-16,1.6379e+05
1.6256e+01,3.6746e-05,1.2296e+02,LIN-UV,2.2424e-09,3.1937e-09,3.0996e+05
1.6256e+01,3.6746e-05,1.2296e+02,NL-A+F,4.5562e-13,2.2796e-13,2.4417e+04
1.6256e+01,3.6746e-05,1.2296e+02,NL-B+F,4.9092e-13,2.2796e-13,2.4417e+04
1.6256e+01,3.6746e-05,1.2296e+02,SHOT-Ch,7.7065e-21,8.1447e-21,2.5081e+05
1.6256e+01,3.6746e-05,1.2296e+02,NL-A+F-sh,1.2780e-14,6.4534e-15,8.6997e+04
1.6256e+01,3.6746e-05,1.2296e+02,NL-B+F-sh,1.4284e-14,5.8053e-15,8.6997e+04
1.6256e+01,9.2975e-05,3.1113e+02,LIN-UV,3.0773e-07,4.4208e-07,3.1021e+05
1.6256e+01,9.2975e-05,3.1113e+02,NL-A+F,2.3845e-12,1.2956e-12,1.2946e+04
1.6256e+01,9.2975e-05,3.1113e+02,NL-B+F,2.7456e-12,1.2956e-12,1.2946e+04
1.6256e+01,9.2975e-05,3.1113e+02,SHOT-Ch,7.6979e-21,8.1346e-21,2.5100e+05
1.6256e+01,9.2975e-05,3.1113e+02,NL-A+F-sh,8.3283e-14,3.9120e-14,4.6125e+04
1.6256e+01,9.2975e-05,3.1113e+02,NL-B+F-sh,9.5152e-14,3.2810e-14,4.6125e+04
1.6256e+01,2.3525e-04,7.8723e+02,LIN-UV,4.1243e-05,6.0159e-05,3.1028e+05
1.6256e+01,2.3525e-04,7.8723e+02,NL-A+F,8.3646e-12,5.7093e-12,8.4781e+03
1.6256e+01,2.3525e-04,7.8723e+02,NL-B+F,9.9001e-12,5.7093e-12,8.4781e+03
1.6256e+01,2.3525e-04,7.8723e+02,SHOT-Ch,7.6956e-21,8.1318e-21,2.5106e+05
1.6256e+01,2.3525e-04,7.8723e+02,NL-A+F-sh,3.5301e-13,2.2326e-13,8.4781e+03
1.6256e+01,2.3525e-04,7.8723e+02,NL-B+F-sh,3.8904e-13,1.7868e-13,8.4781e+03
1.6256e+01,5.9524e-04,1.9919e+03,LIN-UV,5.2995e-03,7.9313e-03,3.1030e+05
1.6256e+01,5.9524e-04,1.9919e+03,NL-A+F,2.1871e-11,1.9419e-11,6.8606e+03
1.6256e+01,5.9524e-04,1.9919e+03,NL-B+F,2.5617e-11,1.9419e-11,6.8606e+03
1.6256e+01,5.9524e-04,1.9919e+03,SHOT-Ch,7.6949e-21,8.1311e-21,2.5108e+05
1.6256e+01,5.9524e-04,1.9919e+03,NL-A+F-sh,1.0073e-12,8.5795e-13,6.8606e+03
1.6256e+01,5.9524e-04,1.9919e+03,NL-B+F-sh,1.0517e-12,6.8020e-13,6.8606e+03
1.6256e+01,1.5061e-03,5.0400e+03,LIN-UV,6.3308e-01,9.8693e-01,3.1031e+05
1.6256e+01,1.5061e-03,5.0400e+03,NL-A+F,4.6300e-11,5.0582e-11,6.8607e+03
1.6256e+01,1.5061e-03,5.0400e+03,NL-B+F,5.2258e-11,5.0582e-11,6.8607e+03
1.6256e+01,1.5061e-03,5.0400e+03,SHOT-Ch,7.6947e-21,8.1309e-21,2.5109e+05
1.6256e+01,1.5061e-03,5.0400e+03,NL-A+F-sh,2.1537e-12,2.3017e-12,6.8607e+03
1.6256e+01,1.5061e-03,5.0400e+03,NL-B+F-sh,2.1200e-12,1.8476e-12,6.8607e+03
1.6256e+01,3.8108e-03,1.2752e+04,LIN-UV,6.6948e+01,1.1073e+02,3.1031e+05
1.6256e+01,3.8108e-03,1.2752e+04,NL-A+F,8.0788e-11,9.7618e-11,6.8608e+03
1.6256e+01,3.8108e-03,1.2752e+04,NL-B+F,8.8511e-11,9.7618e-11,6.8608e+03
1.6256e+01,3.8108e-03,1.2752e+04,SHOT-Ch,7.6947e-21,8.1308e-21,2.5109e+05
1.6256e+01,3.8108e-03,1.2752e+04,NL-A+F-sh,3.6683e-12,4.3749e-12,6.8608e+03
1.6256e+01,3.8108e-03,1.2752e+04,NL-B+F-sh,3.4847e-12,3.5717e-12,6.8608e+03
1.6256e+01,9.6424e-03,3.2267e+04,LIN-UV,5.8207e+03,1.0373e+04,3.1031e+05
1.6256e+01,9.6424e-03,3.2267e+04,NL-A+F,1.1783e-10,1.5082e-10,6.8608e+03
1.6256e+01,9.6424e-03,3.2267e+04,NL-B+F,1.2666e-10,1.5082e-10,6.8608e+03
1.6256e+01,9.6424e-03,3.2267e+04,SHOT-Ch,7.6947e-21,8.1308e-21,2.5109e+05
1.6256e+01,9.6424e-03,3.2267e+04,NL-A+F-sh,5.1957e-12,6.5910e-12,6.8608e+03
1.6256e+01,9.6424e-03,3.2267e+04,NL-B+F-sh,4.8486e-12,5.4606e-12,6.8608e+03
1.6256e+01,2.4398e-02,8.1642e+04,LIN-UV,3.7501e+05,7.2070e+05,3.1031e+05
1.6256e+01,2.4398e-02,8.1642e+04,NL-A+F,1.4913e-10,1.9754e-10,6.8608e+03
1.6256e+01,2.4398e-02,8.1642e+04,NL-B+F,1.5895e-10,1.9754e-10,6.8608e+03
1.6256e+01,2.4398e-02,8.1642e+04,SHOT-Ch,7.6947e-21,8.1308e-21,2.5109e+05
1.6256e+01,2.4398e-02,8.1642e+04,NL-A+F-sh,6.4264e-12,8.4536e-12,6.8608e+03
1.6256e+01,2.4398e-02,8.1642e+04,NL-B+F-sh,5.9587e-12,7.0615e-12,6.8608e+03
1.6256e+01,6.1732e-02,2.0658e+05,LIN-UV,1.5694e+07,3.1659e+07,3.1031e+05
1.6256e+01,6.1732e-02,2.0658e+05,NL-A+F,1.7128e-10,2.3148e-10,6.8608e+03
1.6256e+01,6.1732e-02,2.0658e+05,NL-B+F,1.8128e-10,2.3148e-10,6.8608e+03
1.6256e+01,6.1732e-02,2.0658e+05,SHOT-Ch,7.6947e-21,8.1308e-21,2.5109e+05
1.6256e+01,6.1732e-02,2.0658e+05,NL-A+F-sh,7.2708e-12,9.7675e-12,6.8608e+03
1.6256e+01,6.1732e-02,2.0658e+05,NL-B+F-sh,6.7100e-12,8.2154e-12,6.8608e+03
1.6256e+01,1.5620e-01,5.2269e+05,LIN-UV,3.7091e+08,7.4314e+08,3.1031e+05
1.6256e+01,1.5620e-01,5.2269e+05,NL-A+F,1.8525e-10,2.5322e-10,6.8608e+03
1.6256e+01,1.5620e-01,5.2269e+05,NL-B+F,1.9573e-10,2.5322e-10,6.8608e+03
1.6256e+01,1.5620e-01,5.2269e+05,SHOT-Ch,7.6947e-21,8.1308e-21,2.5109e+05
1.6256e+01,1.5620e-01,5.2269e+05,NL-A+F-sh,7.7936e-12,1.0595e-11,6.8608e+03
1.6256e+01,1.5620e-01,5.2269e+05,NL-B+F-sh,7.1868e-12,8.9317e-12,6.8608e+03
1.6256e+01,3.9522e-01,1.3225e+06,LIN-UV,4.4594e+09,1.0055e+10,3.8350e+05
1.6256e+01,3.9522e-01,1.3225e+06,NL-A+F,1.9347e-10,2.6613e-10,6.8608e+03
1.6256e+01,3.9522e-01,1.3225e+06,NL-B+F,2.0401e-10,2.6613e-10,6.8608e+03
1.6256e+01,3.9522e-01,1.3225e+06,SHOT-Ch,7.6947e-21,8.1308e-21,2.5109e+05
1.6256e+01,3.9522e-01,1.3225e+06,NL-A+F-sh,8.0980e-12,1.1081e-11,6.8608e+03
1.6256e+01,3.9522e-01,1.3225e+06,NL-B+F-sh,7.4584e-12,9.3608e-12,6.8608e+03
1.6256e+01,1.0000e+00,3.3463e+06,LIN-UV,2.6807e+10,7.0249e+10,3.8350e+05
1.6256e+01,1.0000e+00,3.3463e+06,NL-A+F,1.9812e-10,2.7346e-10,6.8608e+03
1.6256e+01,1.0000e+00,3.3463e+06,NL-B+F,2.0869e-10,2.7346e-10,6.8608e+03
1.6256e+01,1.0000e+00,3.3463e+06,SHOT-Ch,7.6947e-21,8.1308e-21,2.5109e+05
1.6256e+01,1.0000e+00,3.3463e+06,NL-A+F-sh,8.2691e-12,1.1355e-11,6.8608e+03
1.6256e+01,1.0000e+00,3.3463e+06,NL-B+F-sh,7.6123e-12,9.6050e-12,6.8608e+03
4.1180e+01,3.5390e-07,3.0000e+00,LIN-UV,1.3125e-18,1.8732e-18,1.2316e+05
4.1180e+01,3.5390e-07,3.0000e+00,NL-A+F,8.0637e-19,1.0340e-18,1.2316e+05
4.1180e+01,3.5390e-07,3.0000e+00,NL-B+F,8.0637e-19,1.0340e-18,1.2316e+05
4.1180e+01,3.5390e-07,3.0000e+00,SHOT-Ch,2.8469e-21,3.4415e-21,1.2316e+05
4.1180e+01,3.5390e-07,3.0000e+00,NL-A+F-sh,2.2436e-20,3.6446e-20,1.2316e+05
4.1180e+01,3.5390e-07,3.0000e+00,NL-B+F-sh,2.2436e-20,3.6446e-20,1.2316e+05
4.1180e+01,9.5270e-07,8.0760e+00,LIN-UV,2.9475e-16,4.1702e-16,1.3120e+05
4.1180e+01,9.5270e-07,8.0760e+00,NL-A+F,6.7992e-17,5.7876e-17,8.4145e+04
4.1180e+01,9.5270e-07,8.0760e+00,NL-B+F,6.7992e-17,5.7876e-17,8.4145e+04
4.1180e+01,9.5270e-07,8.0760e+00,SHOT-Ch,2.3387e-21,2.7637e-21,1.3120e+05
4.1180e+01,9.5270e-07,8.0760e+00,NL-A+F-sh,1.2845e-18,1.3500e-18,1.3120e+05
4.1180e+01,9.5270e-07,8.0760e+00,NL-B+F-sh,1.2845e-18,1.3500e-18,1.3120e+05
4.1180e+01,2.5647e-06,2.1741e+01,LIN-UV,5.9296e-14,8.3723e-14,1.3431e+05
4.1180e+01,2.5647e-06,2.1741e+01,NL-A+F,1.7836e-15,1.0954e-15,4.4211e+04
4.1180e+01,2.5647e-06,2.1741e+01,NL-B+F,1.7836e-15,1.0954e-15,4.4211e+04
4.1180e+01,2.5647e-06,2.1741e+01,SHOT-Ch,2.2103e-21,2.5922e-21,1.3431e+05
4.1180e+01,2.5647e-06,2.1741e+01,NL-A+F-sh,2.9263e-17,2.2564e-17,1.3431e+05
4.1180e+01,2.5647e-06,2.1741e+01,NL-B+F-sh,2.9263e-17,2.2564e-17,1.3431e+05
4.1180e+01,6.9040e-06,5.8526e+01,LIN-UV,1.1626e-11,1.6427e-11,1.3531e+05
4.1180e+01,6.9040e-06,5.8526e+01,NL-A+F,2.5599e-14,1.2571e-14,1.8305e+04
4.1180e+01,6.9040e-06,5.8526e+01,NL-B+F,2.6475e-14,1.2571e-14,1.8305e+04
4.1180e+01,6.9040e-06,5.8526e+01,SHOT-Ch,2.1801e-21,2.5512e-21,1.3531e+05
4.1180e+01,6.9040e-06,5.8526e+01,NL-A+F-sh,4.1082e-16,2.3533e-16,6.9460e+04
4.1180e+01,6.9040e-06,5.8526e+01,NL-B+F-sh,4.3767e-16,2.2476e-16,6.9460e+04
4.1180e+01,1.8586e-05,1.5755e+02,LIN-UV,2.2620e-09,3.2039e-09,1.3559e+05
4.1180e+01,1.8586e-05,1.5755e+02,NL-A+F,2.2630e-13,1.0443e-13,2.8611e+04
4.1180e+01,1.8586e-05,1.5755e+02,NL-B+F,2.5352e-13,1.0446e-13,2.8611e+04
4.1180e+01,1.8586e-05,1.5755e+02,SHOT-Ch,2.1731e-21,2.5414e-21,1.3559e+05
4.1180e+01,1.8586e-05,1.5755e+02,NL-A+F-sh,4.2786e-15,2.2294e-15,2.8611e+04
4.1180e+01,1.8586e-05,1.5755e+02,NL-B+F-sh,4.9209e-15,1.9231e-15,2.8611e+04
4.1180e+01,5.0033e-05,4.2413e+02,LIN-UV,4.3592e-07,6.2052e-07,1.3567e+05
4.1180e+01,5.0033e-05,4.2413e+02,NL-A+F,1.2933e-12,6.0981e-13,4.8368e+03
4.1180e+01,5.0033e-05,4.2413e+02,NL-B+F,1.5638e-12,6.0981e-13,4.8368e+03
4.1180e+01,5.0033e-05,4.2413e+02,SHOT-Ch,2.1713e-21,2.5390e-21,1.3567e+05
4.1180e+01,5.0033e-05,4.2413e+02,NL-A+F-sh,3.3389e-14,1.6256e-14,1.4696e+04
4.1180e+01,5.0033e-05,4.2413e+02,NL-B+F-sh,3.8455e-14,1.3042e-14,1.4696e+04
4.1180e+01,1.3469e-04,1.1417e+03,LIN-UV,8.2505e-05,1.1853e-04,1.3570e+05
4.1180e+01,1.3469e-04,1.1417e+03,NL-A+F,4.8294e-12,2.9468e-12,3.1015e+03
4.1180e+01,1.3469e-04,1.1417e+03,NL-B+F,6.0485e-12,2.9468e-12,3.1015e+03
4.1180e+01,1.3469e-04,1.1417e+03,SHOT-Ch,2.1709e-21,2.5384e-21,1.3570e+05
4.1180e+01,1.3469e-04,1.1417e+03,NL-A+F-sh,1.6053e-13,9.3705e-14,3.1015e+03
4.1180e+01,1.3469e-04,1.1417e+03,NL-B+F-sh,1.7783e-13,7.2144e-14,3.1015e+03
4.1180e+01,3.6258e-04,3.0736e+03,LIN-UV,1.5095e-02,2.2044e-02,1.3570e+05
4.1180e+01,3.6258e-04,3.0736e+03,NL-A+F,1.3077e-11,1.0871e-11,2.4835e+03
4.1180e+01,3.6258e-04,3.0736e+03,NL-B+F,1.6011e-11,1.0871e-11,2.4835e+03
4.1180e+01,3.6258e-04,3.0736e+03,SHOT-Ch,2.1708e-21,2.5383e-21,1.3570e+05
4.1180e+01,3.6258e-04,3.0736e+03,NL-A+F-sh,4.8796e-13,3.9683e-13,2.4835e+03
4.1180e+01,3.6258e-04,3.0736e+03,NL-B+F-sh,5.0612e-13,3.0364e-13,2.4835e+03
4.1180e+01,9.7606e-04,8.2741e+03,LIN-UV,2.5959e+00,3.8957e+00,1.3570e+05
4.1180e+01,9.7606e-04,8.2741e+03,NL-A+F,2.8152e-11,2.9926e-11,1.9886e+03
4.1180e+01,9.7606e-04,8.2741e+03,NL-B+F,3.2761e-11,2.9926e-11,1.9886e+03
4.1180e+01,9.7606e-04,8.2741e+03,SHOT-Ch,2.1708e-21,2.5382e-21,1.3570e+05
4.1180e+01,9.7606e-04,8.2741e+03,NL-A+F-sh,1.0699e-12,1.1216e-12,1.9886e+03
4.1180e+01,9.7606e-04,8.2741e+03,NL-B+F-sh,1.0394e-12,8.7274e-13,1.9886e+03
4.1180e+01,2.6276e-03,2.2274e+04,LIN-UV,4.0019e+02,6.2556e+02,1.3570e+05
4.1180e+01,2.6276e-03,2.2274e+04,NL-A+F,4.9056e-11,6.1484e-11,1.9886e+03
4.1180e+01,2.6276e-03,2.2274e+04,NL-B+F,5.4977e-11,6.1484e-11,1.9886e+03
4.1180e+01,2.6276e-03,2.2274e+04,SHOT-Ch,2.1708e-21,2.5382e-21,1.3570e+05
4.1180e+01,2.6276e-03,2.2274e+04,NL-A+F-sh,1.8236e-12,2.2654e-12,1.9886e+03
4.1180e+01,2.6276e-03,2.2274e+04,NL-B+F-sh,1.7070e-12,1.7984e-12,1.9886e+03
4.1180e+01,7.0734e-03,5.9961e+04,LIN-UV,5.1269e+04,8.4336e+04,1.3570e+05
4.1180e+01,7.0734e-03,5.9961e+04,NL-A+F,7.0476e-11,9.5951e-11,1.9886e+03
4.1180e+01,7.0734e-03,5.9961e+04,NL-B+F,7.7198e-11,9.5951e-11,1.9886e+03
4.1180e+01,7.0734e-03,5.9961e+04,SHOT-Ch,2.1708e-21,2.5382e-21,1.3570e+05
4.1180e+01,7.0734e-03,5.9961e+04,NL-A+F-sh,2.5486e-12,3.4467e-12,1.9886e+03
4.1180e+01,7.0734e-03,5.9961e+04,NL-B+F-sh,2.3433e-12,2.7800e-12,1.9886e+03
4.1180e+01,1.9042e-02,1.6141e+05,LIN-UV,4.8755e+06,8.3888e+06,1.3570e+05
4.1180e+01,1.9042e-02,1.6141e+05,NL-A+F,8.7455e-11,1.2418e-10,1.9886e+03
4.1180e+01,1.9042e-02,1.6141e+05,NL-B+F,9.4625e-11,1.2418e-10,1.9886e+03
4.1180e+01,1.9042e-02,1.6141e+05,SHOT-Ch,2.1708e-21,2.5382e-21,1.3570e+05
4.1180e+01,1.9042e-02,1.6141e+05,NL-A+F-sh,3.0977e-12,4.3737e-12,1.9886e+03
4.1180e+01,1.9042e-02,1.6141e+05,NL-B+F-sh,2.8261e-12,3.5640e-12,1.9886e+03
4.1180e+01,5.1260e-02,4.3453e+05,LIN-UV,2.9570e+08,5.3916e+08,1.6948e+05
4.1180e+01,5.1260e-02,4.3453e+05,NL-A+F,9.8699e-11,1.4319e-10,1.9886e+03
4.1180e+01,5.1260e-02,4.3453e+05,NL-B+F,1.0625e-10,1.4319e-10,1.9886e+03
4.1180e+01,5.1260e-02,4.3453e+05,SHOT-Ch,2.1708e-21,2.5382e-21,1.3570e+05
4.1180e+01,5.1260e-02,4.3453e+05,NL-A+F-sh,3.4511e-12,4.9808e-12,1.9886e+03
4.1180e+01,5.1260e-02,4.3453e+05,NL-B+F-sh,3.1406e-12,4.0793e-12,1.9886e+03
4.1180e+01,1.3799e-01,1.1697e+06,LIN-UV,9.6271e+09,2.1795e+10,1.6948e+05
4.1180e+01,1.3799e-01,1.1697e+06,NL-A+F,1.0536e-10,1.5454e-10,1.9886e+03
4.1180e+01,1.3799e-01,1.1697e+06,NL-B+F,1.1297e-10,1.5454e-10,1.9886e+03
4.1180e+01,1.3799e-01,1.1697e+06,SHOT-Ch,2.1708e-21,2.5382e-21,1.3570e+05
4.1180e+01,1.3799e-01,1.1697e+06,NL-A+F-sh,3.6572e-12,5.3378e-12,1.9886e+03
4.1180e+01,1.3799e-01,1.1697e+06,NL-B+F-sh,3.3213e-12,4.3879e-12,1.9886e+03
4.1180e+01,3.7147e-01,3.1490e+06,LIN-UV,1.4629e+11,3.9532e+11,1.6948e+05
4.1180e+01,3.7147e-01,3.1490e+06,NL-A+F,1.0907e-10,1.6088e-10,1.9886e+03
4.1180e+01,3.7147e-01,3.1490e+06,NL-B+F,1.1670e-10,1.6088e-10,1.9886e+03
4.1180e+01,3.7147e-01,3.1490e+06,SHOT-Ch,2.1708e-21,2.5382e-21,1.3570e+05
4.1180e+01,3.7147e-01,3.1490e+06,NL-A+F-sh,3.7707e-12,5.5354e-12,1.9886e+03
4.1180e+01,3.7147e-01,3.1490e+06,NL-B+F-sh,3.4211e-12,4.5592e-12,1.9886e+03
4.1180e+01,1.0000e+00,8.4770e+06,LIN-UV,1.0038e+12,3.0595e+12,1.6948e+05
4.1180e+01,1.0000e+00,8.4770e+06,NL-A+F,1.1106e-10,1.6429e-10,1.9886e+03
4.1180e+01,1.0000e+00,8.4770e+06,NL-B+F,1.1870e-10,1.6429e-10,1.9886e+03
4.1180e+01,1.0000e+00,8.4770e+06,SHOT-Ch,2.1708e-21,2.5382e-21,1.3570e+05
4.1180e+01,1.0000e+00,8.4770e+06,NL-A+F-sh,3.8314e-12,5.6412e-12,1.9886e+03
4.1180e+01,1.0000e+00,8.4770e+06,NL-B+F-sh,3.4745e-12,4.6512e-12,1.9886e+03
1.0432e+02,1.3970e-07,3.0000e+00,LIN-UV,3.4189e-19,4.6879e-19,5.3862e+04
1.0432e+02,1.3970e-07,3.0000e+00,NL-A+F,2.1764e-19,2.8042e-19,5.3862e+04
1.0432e+02,1.3970e-07,3.0000e+00,NL-B+F,2.1759e-19,2.8039e-19,5.3862e+04
1.0432e+02,1.3970e-07,3.0000e+00,SHOT-Ch,7.8712e-22,9.9220e-22,5.3862e+04
1.0432e+02,1.3970e-07,3.0000e+00,NL-A+F-sh,3.5819e-21,5.3945e-21,5.3862e+04
1.0432e+02,1.3970e-07,3.0000e+00,NL-B+F-sh,3.5812e-21,5.3947e-21,5.3862e+04
1.0432e+02,4.0012e-07,8.5923e+00,LIN-UV,1.0743e-16,1.4589e-16,5.7509e+04
1.0432e+02,4.0012e-07,8.5923e+00,NL-A+F,2.3087e-17,1.9173e-17,3.6116e+04
1.0432e+02,4.0012e-07,8.5923e+00,NL-B+F,2.3087e-17,1.9173e-17,3.6116e+04
1.0432e+02,4.0012e-07,8.5923e+00,SHOT-Ch,6.4531e-22,7.9736e-22,5.7509e+04
1.0432e+02,4.0012e-07,8.5923e+00,NL-A+F-sh,2.5851e-19,2.7874e-19,5.7509e+04
1.0432e+02,4.0012e-07,8.5923e+00,NL-B+F-sh,2.5851e-19,2.7874e-19,5.7509e+04
1.0432e+02,1.1460e-06,2.4609e+01,LIN-UV,3.0048e-14,4.0714e-14,5.8824e+04
1.0432e+02,1.1460e-06,2.4609e+01,NL-A+F,7.1603e-16,4.0733e-16,1.8372e+04
1.0432e+02,1.1460e-06,2.4609e+01,NL-B+F,7.1603e-16,4.0733e-16,1.8372e+04
1.0432e+02,1.1460e-06,2.4609e+01,SHOT-Ch,6.1265e-22,7.5248e-22,5.8824e+04
1.0432e+02,1.1460e-06,2.4609e+01,NL-A+F-sh,7.1781e-18,5.7778e-18,5.8824e+04
1.0432e+02,1.1460e-06,2.4609e+01,NL-B+F-sh,7.1781e-18,5.7778e-18,5.8824e+04
1.0432e+02,3.2822e-06,7.0482e+01,LIN-UV,8.2099e-12,1.1126e-11,5.9209e+04
1.0432e+02,3.2822e-06,7.0482e+01,NL-A+F,1.1318e-14,5.2713e-15,2.3336e+04
1.0432e+02,3.2822e-06,7.0482e+01,NL-B+F,1.1962e-14,5.2713e-15,2.3336e+04
1.0432e+02,3.2822e-06,7.0482e+01,SHOT-Ch,6.0568e-22,7.4279e-22,5.9209e+04
1.0432e+02,3.2822e-06,7.0482e+01,NL-A+F-sh,1.1417e-16,6.4424e-17,2.9452e+04
1.0432e+02,3.2822e-06,7.0482e+01,NL-B+F-sh,1.2491e-16,6.0810e-17,2.9452e+04
1.0432e+02,9.4005e-06,2.0187e+02,LIN-UV,2.2308e-09,3.0269e-09,5.9311e+04
1.0432e+02,9.4005e-06,2.0187e+02,NL-A+F,1.0934e-13,5.4284e-14,9.2133e+03
1.0432e+02,9.4005e-06,2.0187e+02,NL-B+F,1.2806e-13,5.4284e-14,9.2133e+03
1.0432e+02,9.4005e-06,2.0187e+02,SHOT-Ch,6.0419e-22,7.4069e-22,5.9311e+04
1.0432e+02,9.4005e-06,2.0187e+02,NL-A+F-sh,1.4197e-15,7.6062e-16,1.1628e+04
1.0432e+02,9.4005e-06,2.0187e+02,NL-B+F-sh,1.6669e-15,6.3861e-16,1.1628e+04
1.0432e+02,2.6924e-05,5.7817e+02,LIN-UV,6.0202e-07,8.1914e-07,5.9338e+04
1.0432e+02,2.6924e-05,5.7817e+02,NL-A+F,6.8496e-13,3.3020e-13,4.5850e+03
1.0432e+02,2.6924e-05,5.7817e+02,NL-B+F,8.7683e-13,3.3108e-13,5.7866e+03
1.0432e+02,2.6924e-05,5.7817e+02,SHOT-Ch,6.0385e-22,7.4022e-22,5.9338e+04
1.0432e+02,2.6924e-05,5.7817e+02,NL-A+F-sh,1.3318e-14,6.5778e-15,5.7866e+03
1.0432e+02,2.6924e-05,5.7817e+02,NL-B+F-sh,1.5468e-14,5.2141e-15,5.7866e+03
1.0432e+02,7.7112e-05,1.6559e+03,LIN-UV,1.6026e-04,2.1924e-04,5.9344e+04
1.0432e+02,7.7112e-05,1.6559e+03,NL-A+F,2.7442e-12,1.6248e-12,8.9898e+02
1.0432e+02,7.7112e-05,1.6559e+03,NL-B+F,3.6655e-12,1.6248e-12,8.9898e+02
1.0432e+02,7.7112e-05,1.6559e+03,SHOT-Ch,6.0378e-22,7.4011e-22,5.9344e+04
1.0432e+02,7.7112e-05,1.6559e+03,NL-A+F-sh,7.2911e-14,4.1984e-14,8.9898e+02
1.0432e+02,7.7112e-05,1.6559e+03,NL-B+F-sh,8.1448e-14,3.1093e-14,8.9898e+02
1.0432e+02,2.2086e-04,4.7427e+03,LIN-UV,4.1524e-02,5.7382e-02,5.9346e+04
1.0432e+02,2.2086e-04,4.7427e+03,NL-A+F,7.7240e-12,6.3952e-12,7.1232e+02
1.0432e+02,2.2086e-04,4.7427e+03,NL-B+F,9.9234e-12,6.3952e-12,7.1232e+02
1.0432e+02,2.2086e-04,4.7427e+03,SHOT-Ch,6.0376e-22,7.4008e-22,5.9346e+04
1.0432e+02,2.2086e-04,4.7427e+03,NL-A+F-sh,2.3589e-13,1.9275e-13,7.1232e+02
1.0432e+02,2.2086e-04,4.7427e+03,NL-B+F-sh,2.4379e-13,1.4240e-13,7.1232e+02
1.0432e+02,6.3255e-04,1.3583e+04,LIN-UV,1.0213e+01,1.4364e+01,5.9346e+04
1.0432e+02,6.3255e-04,1.3583e+04,NL-A+F,1.6914e-11,1.8047e-11,7.1232e+02
1.0432e+02,6.3255e-04,1.3583e+04,NL-B+F,2.0346e-11,1.8047e-11,7.1232e+02
1.0432e+02,6.3255e-04,1.3583e+04,SHOT-Ch,6.0375e-22,7.4007e-22,5.9346e+04
1.0432e+02,6.3255e-04,1.3583e+04,NL-A+F-sh,5.2889e-13,5.6059e-13,7.1232e+02
1.0432e+02,6.3255e-04,1.3583e+04,NL-B+F-sh,5.0839e-13,4.2281e-13,7.1232e+02
1.0432e+02,1.8117e-03,3.8904e+04,LIN-UV,2.2798e+03,3.2939e+03,5.9346e+04
1.0432e+02,1.8117e-03,3.8904e+04,NL-A+F,2.9390e-11,3.5316e-11,7.1232e+02
1.0432e+02,1.8117e-03,3.8904e+04,NL-B+F,3.3764e-11,3.5316e-11,7.1232e+02
1.0432e+02,1.8117e-03,3.8904e+04,SHOT-Ch,6.0375e-22,7.4007e-22,5.9346e+04
1.0432e+02,1.8117e-03,3.8904e+04,NL-A+F-sh,8.9963e-13,1.0768e-12,7.1232e+02
1.0432e+02,1.8117e-03,3.8904e+04,NL-B+F-sh,8.3144e-13,8.3077e-13,7.1232e+02
1.0432e+02,5.1888e-03,1.1143e+05,LIN-UV,4.2788e+05,6.3887e+05,5.9346e+04
1.0432e+02,5.1888e-03,1.1143e+05,NL-A+F,4.1543e-11,5.3160e-11,7.1232e+02
1.0432e+02,5.1888e-03,1.1143e+05,NL-B+F,4.6294e-11,5.3160e-11,7.1232e+02
1.0432e+02,5.1888e-03,1.1143e+05,SHOT-Ch,6.0375e-22,7.4007e-22,5.9346e+04
1.0432e+02,5.1888e-03,1.1143e+05,NL-A+F-sh,1.2386e-12,1.5806e-12,7.1232e+02
1.0432e+02,5.1888e-03,1.1143e+05,NL-B+F-sh,1.1212e-12,1.2430e-12,7.1232e+02
1.0432e+02,1.4861e-02,3.1913e+05,LIN-UV,5.9858e+07,1.0256e+08,7.4900e+04
1.0432e+02,1.4861e-02,3.1913e+05,NL-A+F,5.0572e-11,6.6932e-11,7.1232e+02
1.0432e+02,1.4861e-02,3.1913e+05,NL-B+F,5.5624e-11,6.6932e-11,7.1232e+02
1.0432e+02,1.4861e-02,3.1913e+05,SHOT-Ch,6.0375e-22,7.4007e-22,5.9346e+04
1.0432e+02,1.4861e-02,3.1913e+05,NL-A+F-sh,1.4798e-12,1.9540e-12,7.1232e+02
1.0432e+02,1.4861e-02,3.1913e+05,NL-B+F-sh,1.3300e-12,1.5523e-12,7.1232e+02
1.0432e+02,4.2564e-02,9.1402e+05,LIN-UV,5.2572e+09,1.0948e+10,7.4900e+04
1.0432e+02,4.2564e-02,9.1402e+05,NL-A+F,5.6170e-11,7.5663e-11,7.1232e+02
1.0432e+02,4.2564e-02,9.1402e+05,NL-B+F,6.1483e-11,7.5663e-11,7.1232e+02
1.0432e+02,4.2564e-02,9.1402e+05,SHOT-Ch,6.0375e-22,7.4007e-22,5.9346e+04
1.0432e+02,4.2564e-02,9.1402e+05,NL-A+F-sh,1.6255e-12,2.1851e-12,7.1232e+02
1.0432e+02,4.2564e-02,9.1402e+05,NL-B+F-sh,1.4580e-12,1.7437e-12,7.1232e+02
1.0432e+02,1.2191e-01,2.6178e+06,LIN-UV,2.3557e+11,5.9583e+11,7.4900e+04
1.0432e+02,1.2191e-01,2.6178e+06,NL-A+F,5.9293e-11,8.0590e-11,7.1232e+02
1.0432e+02,1.2191e-01,2.6178e+06,NL-B+F,6.4635e-11,8.0590e-11,7.1232e+02
1.0432e+02,1.2191e-01,2.6178e+06,SHOT-Ch,6.0375e-22,7.4007e-22,5.9346e+04
1.0432e+02,1.2191e-01,2.6178e+06,NL-A+F-sh,1.7057e-12,2.3138e-12,7.1232e+02
1.0432e+02,1.2191e-01,2.6178e+06,NL-B+F-sh,1.5270e-12,1.8527e-12,7.1232e+02
1.0432e+02,3.4915e-01,7.4977e+06,LIN-UV,4.4971e+12,1.3268e+13,7.4900e+04
1.0432e+02,3.4915e-01,7.4977e+06,NL-A+F,6.0937e-11,8.3201e-11,7.1232e+02
1.0432e+02,3.4915e-01,7.4977e+06,NL-B+F,6.6294e-11,8.3201e-11,7.1232e+02
1.0432e+02,3.4915e-01,7.4977e+06,SHOT-Ch,6.0375e-22,7.4007e-22,5.9346e+04
1.0432e+02,3.4915e-01,7.4977e+06,NL-A+F-sh,1.7476e-12,2.3815e-12,7.1232e+02
1.0432e+02,3.4915e-01,7.4977e+06,NL-B+F-sh,1.5631e-12,1.9102e-12,7.1232e+02
1.0432e+02,1.0000e+00,2.1474e+07,LIN-UV,3.4786e+13,1.1332e+14,7.4900e+04
1.0432e+02,1.0000e+00,2.1474e+07,NL-A+F,6.1778e-11,8.4539e-11,7.1232e+02
1.0432e+02,1.0000e+00,2.1474e+07,NL-B+F,6.7141e-11,8.4539e-11,7.1232e+02
1.0432e+02,1.0000e+00,2.1474e+07,SHOT-Ch,6.0375e-22,7.4007e-22,5.9346e+04
1.0432e+02,1.0000e+00,2.1474e+07,NL-A+F-sh,1.7689e-12,2.4161e-12,7.1232e+02
1.0432e+02,1.0000e+00,2.1474e+07,NL-B+F-sh,1.5816e-12,1.9398e-12,7.1232e+02
2.6426e+02,5.5149e-08,3.0000e+00,LIN-UV,8.7313e-20,1.1805e-19,3.0018e+04
2.6426e+02,5.5149e-08,3.0000e+00,NL-A+F,5.7728e-20,7.1869e-20,2.3555e+04
2.6426e+02,5.5149e-08,3.0000e+00,NL-B+F,5.7723e-20,7.1868e-20,2.3555e+04
2.6426e+02,5.5149e-08,3.0000e+00,SHOT-Ch,2.1343e-22,2.6499e-22,2.3555e+04
2.6426e+02,5.5149e-08,3.0000e+00,NL-A+F-sh,5.5824e-22,8.9714e-22,3.0018e+04
2.6426e+02,5.5149e-08,3.0000e+00,NL-B+F-sh,5.5821e-22,8.9694e-22,3.0018e+04
2.6426e+02,1.6805e-07,9.1415e+00,LIN-UV,3.8391e-17,5.1724e-17,3.2142e+04
2.6426e+02,1.6805e-07,9.1415e+00,NL-A+F,7.7487e-18,6.3014e-18,1.9765e+04
2.6426e+02,1.6805e-07,9.1415e+00,NL-B+F,7.7484e-18,6.3014e-18,1.9765e+04
2.6426e+02,1.6805e-07,9.1415e+00,SHOT-Ch,1.7486e-22,2.1348e-22,2.5205e+04
2.6426e+02,1.6805e-07,9.1415e+00,NL-A+F-sh,5.1402e-20,5.4321e-20,2.5205e+04
2.6426e+02,1.6805e-07,9.1415e+00,NL-B+F-sh,5.1400e-20,5.4323e-20,2.5205e+04
2.6426e+02,5.1207e-07,2.7856e+01,LIN-UV,1.4925e-14,2.0080e-14,3.2851e+04
2.6426e+02,5.1207e-07,2.7856e+01,NL-A+F,2.8387e-16,1.4799e-16,7.6329e+03
2.6426e+02,5.1207e-07,2.7856e+01,NL-B+F,2.8388e-16,1.4799e-16,7.6329e+03
2.6426e+02,5.1207e-07,2.7856e+01,SHOT-Ch,1.6675e-22,2.0270e-22,2.5757e+04
2.6426e+02,5.1207e-07,2.7856e+01,NL-A+F-sh,1.7324e-18,1.3833e-18,2.5757e+04
2.6426e+02,5.1207e-07,2.7856e+01,NL-B+F-sh,1.7325e-18,1.3832e-18,2.5757e+04
2.6426e+02,1.5604e-06,8.4882e+01,LIN-UV,5.6793e-12,7.6427e-12,3.3041e+04
2.6426e+02,1.5604e-06,8.4882e+01,NL-A+F,4.8994e-15,2.4599e-15,7.6763e+03
2.6426e+02,1.5604e-06,8.4882e+01,NL-B+F,5.3285e-15,2.4599e-15,7.6763e+03
2.6426e+02,1.5604e-06,8.4882e+01,SHOT-Ch,1.6518e-22,2.0059e-22,2.5906e+04
2.6426e+02,1.5604e-06,8.4882e+01,NL-A+F-sh,3.1384e-17,1.8497e-17,9.7904e+03
2.6426e+02,1.5604e-06,8.4882e+01,NL-B+F-sh,3.5242e-17,1.6689e-17,9.7904e+03
2.6426e+02,4.7547e-06,2.5865e+02,LIN-UV,2.1526e-09,2.9012e-09,3.3087e+04
2.6426e+02,4.7547e-06,2.5865e+02,NL-A+F,5.1522e-14,2.7567e-14,3.7051e+03
2.6426e+02,4.7547e-06,2.5865e+02,NL-B+F,6.3152e-14,2.7567e-14,3.7051e+03
2.6426e+02,4.7547e-06,2.5865e+02,SHOT-Ch,1.6487e-22,2.0018e-22,2.5942e+04
2.6426e+02,4.7547e-06,2.5865e+02,NL-A+F-sh,4.6769e-16,2.5621e-16,3.7051e+03
2.6426e+02,4.7547e-06,2.5865e+02,NL-B+F-sh,5.5439e-16,2.0593e-16,3.7051e+03
2.6426e+02,1.4488e-05,7.8815e+02,LIN-UV,8.1194e-07,1.0981e-06,3.3098e+04
2.6426e+02,1.4488e-05,7.8815e+02,NL-A+F,3.5596e-13,1.8394e-13,1.7864e+03
2.6426e+02,1.4488e-05,7.8815e+02,NL-B+F,4.8631e-13,1.8482e-13,1.7864e+03
2.6426e+02,1.4488e-05,7.8815e+02,SHOT-Ch,1.6481e-22,2.0009e-22,2.5951e+04
2.6426e+02,1.4488e-05,7.8815e+02,NL-A+F-sh,5.2868e-15,2.7695e-15,1.7864e+03
2.6426e+02,1.4488e-05,7.8815e+02,NL-B+F-sh,6.2095e-15,2.0697e-15,1.7864e+03
2.6426e+02,4.4149e-05,2.4016e+03,LIN-UV,3.0312e-04,4.1294e-04,3.3101e+04
2.6426e+02,4.4149e-05,2.4016e+03,NL-A+F,1.5431e-12,8.4971e-13,3.2543e+02
2.6426e+02,4.4149e-05,2.4016e+03,NL-B+F,2.1617e-12,8.4971e-13,3.2543e+02
2.6426e+02,4.4149e-05,2.4016e+03,SHOT-Ch,1.6479e-22,2.0008e-22,2.5953e+04
2.6426e+02,4.4149e-05,2.4016e+03,NL-A+F-sh,3.3083e-14,1.7947e-14,3.2543e+02
2.6426e+02,4.4149e-05,2.4016e+03,NL-B+F-sh,3.6654e-14,1.2858e-14,3.2543e+02
2.6426e+02,1.3453e-04,7.3182e+03,LIN-UV,1.1077e-01,1.5314e-01,3.3101e+04
2.6426e+02,1.3453e-04,7.3182e+03,NL-A+F,4.5274e-12,3.6085e-12,2.5516e+02
2.6426e+02,1.3453e-04,7.3182e+03,NL-B+F,6.0671e-12,3.6085e-12,2.5516e+02
2.6426e+02,1.3453e-04,7.3182e+03,SHOT-Ch,1.6479e-22,2.0007e-22,2.5953e+04
2.6426e+02,1.3453e-04,7.3182e+03,NL-A+F-sh,1.1382e-13,9.0128e-14,2.5516e+02
2.6426e+02,1.3453e-04,7.3182e+03,NL-B+F-sh,1.1670e-13,6.4441e-14,2.5516e+02
2.6426e+02,4.0994e-04,2.2300e+04,LIN-UV,3.8762e+01,5.5162e+01,3.3101e+04
2.6426e+02,4.0994e-04,2.2300e+04,NL-A+F,1.0082e-11,1.0079e-11,2.0006e+02
2.6426e+02,4.0994e-04,2.2300e+04,NL-B+F,1.2476e-11,1.0079e-11,2.0006e+02
2.6426e+02,4.0994e-04,2.2300e+04,SHOT-Ch,1.6479e-22,2.0007e-22,2.5953e+04
2.6426e+02,4.0994e-04,2.2300e+04,NL-A+F-sh,2.6028e-13,2.5921e-13,2.0006e+02
2.6426e+02,4.0994e-04,2.2300e+04,NL-B+F-sh,2.4695e-13,1.8992e-13,2.0006e+02
2.6426e+02,1.2491e-03,6.7952e+04,LIN-UV,1.2456e+04,1.8709e+04,3.3101e+04
2.6426e+02,1.2491e-03,6.7952e+04,NL-A+F,1.7438e-11,2.0903e-11,2.0006e+02
2.6426e+02,1.2491e-03,6.7952e+04,NL-B+F,2.0358e-11,2.0903e-11,2.0006e+02
2.6426e+02,1.2491e-03,6.7952e+04,SHOT-Ch,1.6479e-22,2.0007e-22,2.5953e+04
2.6426e+02,1.2491e-03,6.7952e+04,NL-A+F-sh,4.4072e-13,5.2696e-13,2.0006e+02
2.6426e+02,1.2491e-03,6.7952e+04,NL-B+F-sh,4.0005e-13,3.9678e-13,2.0006e+02
2.6426e+02,3.8064e-03,2.0706e+05,LIN-UV,3.4082e+06,5.6145e+06,3.3101e+04
2.6426e+02,3.8064e-03,2.0706e+05,NL-A+F,2.4231e-11,3.1518e-11,2.0006e+02
2.6426e+02,3.8064e-03,2.0706e+05,NL-B+F,2.7516e-11,3.1518e-11,2.0006e+02
2.6426e+02,3.8064e-03,2.0706e+05,SHOT-Ch,1.6479e-22,2.0007e-22,2.5953e+04
2.6426e+02,3.8064e-03,2.0706e+05,NL-A+F-sh,5.9719e-13,7.7528e-13,2.0006e+02
2.6426e+02,3.8064e-03,2.0706e+05,NL-B+F-sh,5.3319e-13,5.9394e-13,2.0006e+02
2.6426e+02,1.1599e-02,6.3095e+05,LIN-UV,6.9980e+08,1.3250e+09,3.3101e+04
2.6426e+02,1.1599e-02,6.3095e+05,NL-A+F,2.8957e-11,3.9089e-11,2.0006e+02
2.6426e+02,1.1599e-02,6.3095e+05,NL-B+F,3.2439e-11,3.9089e-11,2.0006e+02
2.6426e+02,1.1599e-02,6.3095e+05,SHOT-Ch,1.6479e-22,2.0007e-22,2.5953e+04
2.6426e+02,1.1599e-02,6.3095e+05,NL-A+F-sh,7.0167e-13,9.4558e-13,2.0006e+02
2.6426e+02,1.1599e-02,6.3095e+05,NL-B+F-sh,6.2222e-13,7.3153e-13,2.0006e+02
2.6426e+02,3.5343e-02,1.9226e+06,LIN-UV,8.9085e+10,2.0103e+11,3.3101e+04
2.6426e+02,3.5343e-02,1.9226e+06,NL-A+F,3.1704e-11,4.3536e-11,2.0006e+02
2.6426e+02,3.5343e-02,1.9226e+06,NL-B+F,3.5217e-11,4.3536e-11,2.0006e+02
2.6426e+02,3.5343e-02,1.9226e+06,SHOT-Ch,1.6479e-22,2.0007e-22,2.5953e+04
2.6426e+02,3.5343e-02,1.9226e+06,NL-A+F-sh,7.6102e-13,1.0434e-12,2.0006e+02
2.6426e+02,3.5343e-02,1.9226e+06,NL-B+F-sh,6.7221e-13,8.1224e-13,2.0006e+02
2.6426e+02,1.0770e-01,5.8586e+06,LIN-UV,5.5024e+12,1.4801e+13,3.3101e+04
2.6426e+02,1.0770e-01,5.8586e+06,NL-A+F,3.3149e-11,4.5886e-11,2.0006e+02
2.6426e+02,1.0770e-01,5.8586e+06,NL-B+F,3.6676e-11,4.5886e-11,2.0006e+02
2.6426e+02,1.0770e-01,5.8586e+06,SHOT-Ch,1.6479e-22,2.0007e-22,2.5953e+04
2.6426e+02,1.0770e-01,5.8586e+06,NL-A+F-sh,7.9187e-13,1.0944e-12,2.0006e+02
2.6426e+02,1.0770e-01,5.8586e+06,NL-B+F-sh,6.9834e-13,8.5470e-13,2.0006e+02
2.6426e+02,3.2817e-01,1.7852e+07,LIN-UV,1.3158e+14,4.0529e+14,3.3101e+04
2.6426e+02,3.2817e-01,1.7852e+07,NL-A+F,3.3872e-11,4.7062e-11,2.0006e+02
2.6426e+02,3.2817e-01,1.7852e+07,NL-B+F,3.7405e-11,4.7062e-11,2.0006e+02
2.6426e+02,3.2817e-01,1.7852e+07,SHOT-Ch,1.6479e-22,2.0007e-22,2.5953e+04
2.6426e+02,3.2817e-01,1.7852e+07,NL-A+F-sh,8.0720e-13,1.1198e-12,2.0006e+02
2.6426e+02,3.2817e-01,1.7852e+07,NL-B+F-sh,7.1126e-13,8.7579e-13,2.0006e+02
2.6426e+02,1.0000e+00,5.4398e+07,LIN-UV,1.1370e+15,3.8052e+15,3.3101e+04
2.6426e+02,1.0000e+00,5.4398e+07,NL-A+F,3.4224e-11,4.7636e-11,2.0006e+02
2.6426e+02,1.0000e+00,5.4398e+07,NL-B+F,3.7904e-11,4.7636e-11,2.0006e+02
2.6426e+02,1.0000e+00,5.4398e+07,SHOT-Ch,1.6479e-22,2.0007e-22,2.5953e+04
2.6426e+02,1.0000e+00,5.4398e+07,NL-A+F-sh,8.1465e-13,1.1322e-12,2.0006e+02
2.6426e+02,1.0000e+00,5.4398e+07,NL-B+F-sh,7.1914e-13,8.8413e-13,2.0006e+02
6.6943e+02,2.1770e-08,3.0000e+00,LIN-UV,2.1966e-20,3.3785e-20,1.3266e+04
6.6943e+02,2.1770e-08,3.0000e+00,NL-A+F,1.5092e-20,1.8980e-20,1.3266e+04
6.6943e+02,2.1770e-08,3.0000e+00,NL-B+F,1.5089e-20,1.8968e-20,1.3266e+04
6.6943e+02,2.1770e-08,3.0000e+00,SHOT-Ch,5.6967e-23,6.9274e-23,1.3266e+04
6.6943e+02,2.1770e-08,3.0000e+00,NL-A+F-sh,8.5563e-23,1.5331e-22,1.3266e+04
6.6943e+02,2.1770e-08,3.0000e+00,NL-B+F-sh,8.5553e-23,1.5324e-22,1.3266e+04
6.6943e+02,7.0578e-08,9.7259e+00,LIN-UV,1.3518e-17,2.0669e-17,1.4234e+04
6.6943e+02,7.0578e-08,9.7259e+00,NL-A+F,2.5768e-18,2.0966e-18,8.5706e+03
6.6943e+02,7.0578e-08,9.7259e+00,NL-B+F,2.5768e-18,2.0966e-18,8.5706e+03
6.6943e+02,7.0578e-08,9.7259e+00,SHOT-Ch,4.6710e-23,5.5390e-23,1.4234e+04
6.6943e+02,7.0578e-08,9.7259e+00,NL-A+F-sh,1.0124e-20,1.0265e-20,1.1045e+04
6.6943e+02,7.0578e-08,9.7259e+00,NL-B+F-sh,1.0124e-20,1.0265e-20,1.1045e+04
6.6943e+02,2.2881e-07,3.1531e+01,LIN-UV,7.3049e-15,1.1150e-14,1.4534e+04
6.6943e+02,2.2881e-07,3.1531e+01,NL-A+F,1.1104e-16,5.5157e-17,8.7493e+03
6.6943e+02,2.2881e-07,3.1531e+01,NL-B+F,1.1132e-16,5.5157e-17,8.7493e+03
6.6943e+02,2.2881e-07,3.1531e+01,SHOT-Ch,4.4746e-23,5.2684e-23,1.4534e+04
6.6943e+02,2.2881e-07,3.1531e+01,NL-A+F-sh,4.1267e-19,3.1891e-19,1.1277e+04
6.6943e+02,2.2881e-07,3.1531e+01,NL-B+F-sh,4.1390e-19,3.1825e-19,1.1277e+04
6.6943e+02,7.4181e-07,1.0222e+02,LIN-UV,3.8700e-12,5.9071e-12,1.4608e+04
6.6943e+02,7.4181e-07,1.0222e+02,NL-A+F,2.0770e-15,1.1256e-15,3.1865e+03
6.6943e+02,7.4181e-07,1.0222e+02,NL-B+F,2.3446e-15,1.1256e-15,3.1865e+03
6.6943e+02,7.4181e-07,1.0222e+02,SHOT-Ch,4.4401e-23,5.2193e-23,1.4608e+04
6.6943e+02,7.4181e-07,1.0222e+02,NL-A+F-sh,8.5725e-18,5.1624e-18,4.1070e+03
6.6943e+02,7.4181e-07,1.0222e+02,NL-B+F-sh,9.8985e-18,4.5179e-18,4.1070e+03
6.6943e+02,2.4049e-06,3.3140e+02,LIN-UV,2.0445e-09,3.1236e-09,1.4624e+04
6.6943e+02,2.4049e-06,3.3140e+02,NL-A+F,2.3747e-14,1.3178e-14,1.4899e+03
6.6943e+02,2.4049e-06,3.3140e+02,NL-B+F,3.0688e-14,1.3205e-14,1.4899e+03
6.6943e+02,2.4049e-06,3.3140e+02,SHOT-Ch,4.4340e-23,5.2102e-23,1.4624e+04
6.6943e+02,2.4049e-06,3.3140e+02,NL-A+F-sh,1.5315e-16,8.7146e-17,1.4899e+03
6.6943e+02,2.4049e-06,3.3140e+02,NL-B+F-sh,1.8335e-16,6.7691e-17,1.4899e+03
6.6943e+02,7.7967e-06,1.0744e+03,LIN-UV,1.0764e-06,1.6482e-06,1.4628e+04
6.6943e+02,7.7967e-06,1.0744e+03,NL-A+F,1.8232e-13,9.4900e-14,5.4002e+02
6.6943e+02,7.7967e-06,1.0744e+03,NL-B+F,2.6435e-13,9.6822e-14,6.9602e+02
6.6943e+02,7.7967e-06,1.0744e+03,SHOT-Ch,4.4328e-23,5.2085e-23,1.4628e+04
6.6943e+02,7.7967e-06,1.0744e+03,NL-A+F-sh,2.0890e-15,1.0867e-15,5.4002e+02
6.6943e+02,7.7967e-06,1.0744e+03,NL-B+F-sh,2.4629e-15,8.0816e-16,6.9602e+02
6.6943e+02,2.5277e-05,3.4832e+03,LIN-UV,5.6238e-04,8.6527e-04,1.4629e+04
6.6943e+02,2.5277e-05,3.4832e+03,NL-A+F,8.6202e-13,4.4524e-13,9.1399e+01
6.6943e+02,2.5277e-05,3.4832e+03,NL-B+F,1.2851e-12,4.4524e-13,9.1399e+01
6.6943e+02,2.5277e-05,3.4832e+03,SHOT-Ch,4.4326e-23,5.2081e-23,1.4629e+04
6.6943e+02,2.5277e-05,3.4832e+03,NL-A+F-sh,1.4998e-14,7.6801e-15,9.1399e+01
6.6943e+02,2.5277e-05,3.4832e+03,NL-B+F-sh,1.6740e-14,5.3080e-15,9.1399e+01
6.6943e+02,8.1946e-05,1.1292e+04,LIN-UV,2.8891e-01,4.4914e-01,1.4629e+04
6.6943e+02,8.1946e-05,1.1292e+04,NL-A+F,2.6421e-12,2.0075e-12,7.0914e+01
6.6943e+02,8.1946e-05,1.1292e+04,NL-B+F,3.7008e-12,2.0075e-12,7.0914e+01
6.6943e+02,8.1946e-05,1.1292e+04,SHOT-Ch,4.4326e-23,5.2081e-23,1.4629e+04
6.6943e+02,8.1946e-05,1.1292e+04,NL-A+F-sh,5.4829e-14,4.1508e-14,7.0914e+01
6.6943e+02,8.1946e-05,1.1292e+04,NL-B+F-sh,5.6046e-14,2.8731e-14,7.0914e+01
6.6943e+02,2.6567e-04,3.6610e+04,LIN-UV,1.4321e+02,2.2745e+02,1.4629e+04
6.6943e+02,2.6567e-04,3.6610e+04,NL-A+F,5.9741e-12,6.3677e-12,7.0915e+01
6.6943e+02,2.6567e-04,3.6610e+04,NL-B+F,7.6186e-12,6.3677e-12,7.0915e+01
6.6943e+02,2.6567e-04,3.6610e+04,SHOT-Ch,4.4325e-23,5.2080e-23,1.4629e+04
6.6943e+02,2.6567e-04,3.6610e+04,NL-A+F-sh,1.2753e-13,1.3569e-13,7.0915e+01
6.6943e+02,2.6567e-04,3.6610e+04,NL-B+F-sh,1.1988e-13,9.6562e-14,7.0915e+01
6.6943e+02,8.6128e-04,1.1869e+05,LIN-UV,6.5911e+04,1.0920e+05,1.4629e+04
6.6943e+02,8.6128e-04,1.1869e+05,NL-A+F,1.0268e-11,1.2728e-11,7.0915e+01
6.6943e+02,8.6128e-04,1.1869e+05,NL-B+F,1.2270e-11,1.2728e-11,7.0915e+01
6.6943e+02,8.6128e-04,1.1869e+05,SHOT-Ch,4.4325e-23,5.2080e-23,1.4629e+04
6.6943e+02,8.6128e-04,1.1869e+05,NL-A+F-sh,2.1450e-13,2.6559e-13,7.0915e+01
6.6943e+02,8.6128e-04,1.1869e+05,NL-B+F-sh,1.9256e-13,1.9458e-13,7.0915e+01
6.6943e+02,2.7922e-03,3.8478e+05,LIN-UV,2.6169e+07,4.6796e+07,1.4629e+04
6.6943e+02,2.7922e-03,3.8478e+05,NL-A+F,1.4016e-11,1.8645e-11,7.0915e+01
6.6943e+02,2.7922e-03,3.8478e+05,NL-B+F,1.6174e-11,1.8645e-11,7.0915e+01
6.6943e+02,2.7922e-03,3.8478e+05,SHOT-Ch,4.4325e-23,5.2080e-23,1.4629e+04
6.6943e+02,2.7922e-03,3.8478e+05,NL-A+F-sh,2.8584e-13,3.7994e-13,7.0915e+01
6.6943e+02,2.7922e-03,3.8478e+05,NL-B+F-sh,2.5156e-13,2.8400e-13,7.0915e+01
6.6943e+02,9.0524e-03,1.2474e+06,LIN-UV,7.8656e+09,1.5874e+10,1.4629e+04
6.6943e+02,9.0524e-03,1.2474e+06,NL-A+F,1.6456e-11,2.2628e-11,7.0915e+01
6.6943e+02,9.0524e-03,1.2474e+06,NL-B+F,1.8741e-11,2.2628e-11,7.0915e+01
6.6943e+02,9.0524e-03,1.2474e+06,SHOT-Ch,4.4325e-23,5.2080e-23,1.4629e+04
6.6943e+02,9.0524e-03,1.2474e+06,NL-A+F-sh,3.3055e-13,4.5418e-13,7.0915e+01
6.6943e+02,9.0524e-03,1.2474e+06,NL-B+F-sh,2.8914e-13,3.4263e-13,7.0915e+01
6.6943e+02,2.9348e-02,4.0442e+06,LIN-UV,1.4517e+12,3.4312e+12,1.4629e+04
6.6943e+02,2.9348e-02,4.0442e+06,NL-A+F,1.7789e-11,2.4837e-11,7.0915e+01
6.6943e+02,2.9348e-02,4.0442e+06,NL-B+F,2.0090e-11,2.4837e-11,7.0915e+01
6.6943e+02,2.9348e-02,4.0442e+06,SHOT-Ch,4.4325e-23,5.2080e-23,1.4629e+04
6.6943e+02,2.9348e-02,4.0442e+06,NL-A+F-sh,3.5446e-13,4.9456e-13,7.0915e+01
6.6943e+02,2.9348e-02,4.0442e+06,NL-B+F-sh,3.0893e-13,3.7528e-13,7.0915e+01
6.6943e+02,9.5144e-02,1.3111e+07,LIN-UV,1.2375e+14,3.4320e+14,1.4629e+04
6.6943e+02,9.5144e-02,1.3111e+07,NL-A+F,1.8451e-11,2.5943e-11,7.0915e+01
6.6943e+02,9.5144e-02,1.3111e+07,NL-B+F,2.0759e-11,2.5943e-11,7.0915e+01
6.6943e+02,9.5144e-02,1.3111e+07,SHOT-Ch,4.4325e-23,5.2080e-23,1.4629e+04
6.6943e+02,9.5144e-02,1.3111e+07,NL-A+F-sh,3.6623e-13,5.1459e-13,7.0915e+01
6.6943e+02,9.5144e-02,1.3111e+07,NL-B+F-sh,3.1867e-13,3.9152e-13,7.0915e+01
6.6943e+02,3.0845e-01,4.2506e+07,LIN-UV,3.6975e+15,1.1575e+16,1.4629e+04
6.6943e+02,3.0845e-01,4.2506e+07,NL-A+F,1.8766e-11,2.6471e-11,7.0915e+01
6.6943e+02,3.0845e-01,4.2506e+07,NL-B+F,2.1078e-11,2.6471e-11,7.0915e+01
6.6943e+02,3.0845e-01,4.2506e+07,SHOT-Ch,4.4325e-23,5.2080e-23,1.4629e+04
6.6943e+02,3.0845e-01,4.2506e+07,NL-A+F-sh,3.7179e-13,5.2410e-13,7.0915e+01
6.6943e+02,3.0845e-01,4.2506e+07,NL-B+F-sh,3.2329e-13,3.9926e-13,7.0915e+01
6.6943e+02,1.0000e+00,1.3780e+08,LIN-UV,3.5419e+16,1.1905e+17,1.4629e+04
6.6943e+02,1.0000e+00,1.3780e+08,NL-A+F,1.8913e-11,2.6717e-11,7.0915e+01
6.6943e+02,1.0000e+00,1.3780e+08,NL-B+F,2.1225e-11,2.6717e-11,7.0915e+01
6.6943e+02,1.0000e+00,1.3780e+08,SHOT-Ch,4.4325e-23,5.2080e-23,1.4629e+04
6.6943e+02,1.0000e+00,1.3780e+08,NL-A+F-sh,3.7437e-13,5.2852e-13,7.0915e+01
6.6943e+02,1.0000e+00,1.3780e+08,NL-B+F-sh,3.2546e-13,4.0289e-13,7.0915e+01
1.6958e+03,8.5939e-09,3.0000e+00,LIN-UV,5.7427e-21,9.1757e-21,5.8629e+03
1.6958e+03,8.5939e-09,3.0000e+00,NL-A+F,4.0201e-21,5.5272e-21,5.8629e+03
1.6958e+03,8.5939e-09,3.0000e+00,NL-B+F,4.0200e-21,5.5271e-21,5.8629e+03
1.6958e+03,8.5939e-09,3.0000e+00,SHOT-Ch,1.5485e-23,2.1168e-23,5.8629e+03
1.6958e+03,8.5939e-09,3.0000e+00,NL-A+F-sh,1.3771e-23,2.4886e-23,5.8629e+03
1.6958e+03,8.5939e-09,3.0000e+00,NL-B+F-sh,1.3770e-23,2.4886e-23,5.8629e+03
1.6958e+03,2.9642e-08,1.0348e+01,LIN-UV,4.9689e-18,7.8438e-18,6.3025e+03
1.6958e+03,2.9642e-08,1.0348e+01,NL-A+F,8.5844e-19,6.8420e-19,3.7160e+03
1.6958e+03,2.9642e-08,1.0348e+01,NL-B+F,8.5842e-19,6.8420e-19,3.7160e+03
1.6958e+03,2.9642e-08,1.0348e+01,SHOT-Ch,1.2743e-23,1.6986e-23,6.3025e+03
1.6958e+03,2.9642e-08,1.0348e+01,NL-A+F-sh,2.0373e-21,1.9269e-21,4.8394e+03
1.6958e+03,2.9642e-08,1.0348e+01,NL-B+F-sh,2.0372e-21,1.9269e-21,4.8394e+03
1.6958e+03,1.0224e-07,3.5691e+01,LIN-UV,3.7346e-15,5.8807e-15,6.4292e+03
1.6958e+03,1.0224e-07,3.5691e+01,NL-A+F,4.2865e-17,2.2825e-17,3.7898e+03
1.6958e+03,1.0224e-07,3.5691e+01,NL-B+F,4.3265e-17,2.2825e-17,3.7898e+03
1.6958e+03,1.0224e-07,3.5691e+01,SHOT-Ch,1.2262e-23,1.6246e-23,6.4292e+03
1.6958e+03,1.0224e-07,3.5691e+01,NL-A+F-sh,9.7758e-20,7.2043e-20,4.9361e+03
1.6958e+03,1.0224e-07,3.5691e+01,NL-B+F-sh,9.9038e-20,7.1714e-20,4.9361e+03
1.6958e+03,3.5266e-07,1.2311e+02,LIN-UV,2.7542e-12,4.3361e-12,6.4577e+03
1.6958e+03,3.5266e-07,1.2311e+02,NL-A+F,8.6239e-16,4.9788e-16,1.3226e+03
1.6958e+03,3.5266e-07,1.2311e+02,NL-B+F,1.0223e-15,4.9788e-16,1.3226e+03
1.6958e+03,3.5266e-07,1.2311e+02,SHOT-Ch,1.2185e-23,1.6125e-23,6.4577e+03
1.6958e+03,3.5266e-07,1.2311e+02,NL-A+F-sh,2.3306e-18,1.3953e-18,1.7227e+03
1.6958e+03,3.5266e-07,1.2311e+02,NL-B+F-sh,2.7867e-18,1.1937e-18,1.7227e+03
1.6958e+03,1.2164e-06,4.2462e+02,LIN-UV,2.0272e-09,3.1930e-09,6.4636e+03
1.6958e+03,1.2164e-06,4.2462e+02,NL-A+F,1.0739e-14,5.9931e-15,4.5997e+02
1.6958e+03,1.2164e-06,4.2462e+02,NL-B+F,1.4758e-14,6.0270e-15,5.9911e+02
1.6958e+03,1.2164e-06,4.2462e+02,SHOT-Ch,1.2172e-23,1.6104e-23,6.4636e+03
1.6958e+03,1.2164e-06,4.2462e+02,NL-A+F-sh,4.9879e-17,2.8170e-17,5.9911e+02
1.6958e+03,1.2164e-06,4.2462e+02,NL-B+F-sh,6.0620e-17,2.1429e-17,5.9911e+02
1.6958e+03,4.1956e-06,1.4646e+03,LIN-UV,1.4886e-06,2.3476e-06,6.4647e+03
1.6958e+03,4.1956e-06,1.4646e+03,NL-A+F,9.2361e-14,5.1048e-14,2.0820e+02
1.6958e+03,4.1956e-06,1.4646e+03,NL-B+F,1.4057e-13,5.1202e-14,2.0820e+02
1.6958e+03,4.1956e-06,1.4646e+03,SHOT-Ch,1.2170e-23,1.6101e-23,6.4647e+03
1.6958e+03,4.1956e-06,1.4646e+03,NL-A+F-sh,8.2161e-16,4.5504e-16,2.0820e+02
1.6958e+03,4.1956e-06,1.4646e+03,NL-B+F-sh,9.6438e-16,3.1756e-16,2.0820e+02
1.6958e+03,1.4472e-05,5.0518e+03,LIN-UV,1.0869e-03,1.7193e-03,6.4649e+03
1.6958e+03,1.4472e-05,5.0518e+03,NL-A+F,4.7967e-13,2.4337e-13,3.2740e+01
1.6958e+03,1.4472e-05,5.0518e+03,NL-B+F,7.5323e-13,2.4337e-13,3.2740e+01
1.6958e+03,1.4472e-05,5.0518e+03,SHOT-Ch,1.2169e-23,1.6100e-23,6.4649e+03
1.6958e+03,1.4472e-05,5.0518e+03,NL-A+F-sh,6.7933e-15,3.4315e-15,3.2740e+01
1.6958e+03,1.4472e-05,5.0518e+03,NL-B+F-sh,7.5964e-15,2.2950e-15,3.2740e+01
1.6958e+03,4.9915e-05,1.7425e+04,LIN-UV,7.8357e-01,1.2476e+00,6.4650e+03
1.6958e+03,4.9915e-05,1.7425e+04,NL-A+F,1.5373e-12,1.2002e-12,2.5137e+01
1.6958e+03,4.9915e-05,1.7425e+04,NL-B+F,2.2301e-12,1.2002e-12,2.5137e+01
1.6958e+03,4.9915e-05,1.7425e+04,SHOT-Ch,1.2169e-23,1.6100e-23,6.4650e+03
1.6958e+03,4.9915e-05,1.7425e+04,NL-A+F-sh,2.6367e-14,2.0550e-14,2.5137e+01
1.6958e+03,4.9915e-05,1.7425e+04,NL-B+F-sh,2.6751e-14,1.3806e-14,2.5137e+01
1.6958e+03,1.7217e-04,6.0102e+04,LIN-UV,5.4895e+02,8.8667e+02,6.4650e+03
1.6958e+03,1.7217e-04,6.0102e+04,NL-A+F,3.5269e-12,3.5020e-12,2.5137e+01
1.6958e+03,1.7217e-04,6.0102e+04,NL-B+F,4.6060e-12,3.5020e-12,2.5137e+01
1.6958e+03,1.7217e-04,6.0102e+04,SHOT-Ch,1.2169e-23,1.6100e-23,6.4650e+03
1.6958e+03,1.7217e-04,6.0102e+04,NL-A+F-sh,6.2265e-14,6.1778e-14,2.5137e+01
1.6958e+03,1.7217e-04,6.0102e+04,NL-B+F-sh,5.7865e-14,4.2810e-14,2.5137e+01
1.6958e+03,5.9385e-04,2.0730e+05,LIN-UV,3.6133e+05,6.0117e+05,6.4650e+03
1.6958e+03,5.9385e-04,2.0730e+05,NL-A+F,6.0107e-12,6.6256e-12,2.5137e+01
1.6958e+03,5.9385e-04,2.0730e+05,NL-B+F,7.3201e-12,6.6256e-12,2.5137e+01
1.6958e+03,5.9385e-04,2.0730e+05,SHOT-Ch,1.2169e-23,1.6100e-23,6.4650e+03
1.6958e+03,5.9385e-04,2.0730e+05,NL-A+F-sh,1.0381e-13,1.1437e-13,2.5137e+01
1.6958e+03,5.9385e-04,2.0730e+05,NL-B+F-sh,9.2056e-14,8.1706e-14,2.5137e+01
1.6958e+03,2.0483e-03,7.1504e+05,LIN-UV,2.0864e+08,3.6706e+08,6.4650e+03
1.6958e+03,2.0483e-03,7.1504e+05,NL-A+F,8.0563e-12,9.3524e-12,2.5137e+01
1.6958e+03,2.0483e-03,7.1504e+05,NL-B+F,9.4645e-12,9.3524e-12,2.5137e+01
1.6958e+03,2.0483e-03,7.1504e+05,SHOT-Ch,1.2169e-23,1.6100e-23,6.4650e+03
1.6958e+03,2.0483e-03,7.1504e+05,NL-A+F-sh,1.3601e-13,1.5783e-13,2.5137e+01
1.6958e+03,2.0483e-03,7.1504e+05,NL-B+F-sh,1.1824e-13,1.1500e-13,2.5137e+01
1.6958e+03,7.0651e-03,2.4663e+06,LIN-UV,9.2896e+10,1.7879e+11,6.4650e+03
1.6958e+03,7.0651e-03,2.4663e+06,NL-A+F,9.3038e-12,1.1075e-11,2.5137e+01
1.6958e+03,7.0651e-03,2.4663e+06,NL-B+F,1.0730e-11,1.1075e-11,2.5137e+01
1.6958e+03,7.0651e-03,2.4663e+06,SHOT-Ch,1.2169e-23,1.6100e-23,6.4650e+03
1.6958e+03,7.0651e-03,2.4663e+06,NL-A+F-sh,1.5495e-13,1.8439e-13,2.5137e+01
1.6958e+03,7.0651e-03,2.4663e+06,NL-B+F-sh,1.3354e-13,1.3590e-13,2.5137e+01
1.6958e+03,2.4369e-02,8.5069e+06,LIN-UV,2.5661e+13,5.5161e+13,6.4650e+03
1.6958e+03,2.4369e-02,8.5069e+06,NL-A+F,9.9443e-12,1.1976e-11,2.5137e+01
1.6958e+03,2.4369e-02,8.5069e+06,NL-B+F,1.1441e-11,1.1976e-11,2.5137e+01
1.6958e+03,2.4369e-02,8.5069e+06,SHOT-Ch,1.2169e-23,1.6100e-23,6.4650e+03
1.6958e+03,2.4369e-02,8.5069e+06,NL-A+F-sh,1.6450e-13,1.9805e-13,2.5137e+01
1.6958e+03,2.4369e-02,8.5069e+06,NL-B+F-sh,1.4171e-13,1.4631e-13,2.5137e+01
1.6958e+03,8.4054e-02,2.9342e+07,LIN-UV,3.2277e+15,7.5282e+15,6.4650e+03
1.6958e+03,8.4054e-02,2.9342e+07,NL-A+F,1.0246e-11,1.2404e-11,2.5137e+01
1.6958e+03,8.4054e-02,2.9342e+07,NL-B+F,1.1747e-11,1.2404e-11,2.5137e+01
1.6958e+03,8.4054e-02,2.9342e+07,SHOT-Ch,1.2169e-23,1.6100e-23,6.4650e+03
1.6958e+03,8.4054e-02,2.9342e+07,NL-A+F-sh,1.6896e-13,2.0448e-13,2.5137e+01
1.6958e+03,8.4054e-02,2.9342e+07,NL-B+F-sh,1.4533e-13,1.5142e-13,2.5137e+01
1.6958e+03,2.8992e-01,1.0121e+08,LIN-UV,1.3504e+17,3.1332e+17,6.4650e+03
1.6958e+03,2.8992e-01,1.0121e+08,NL-A+F,1.0383e-11,1.2598e-11,2.5137e+01
1.6958e+03,2.8992e-01,1.0121e+08,NL-B+F,1.1885e-11,1.2598e-11,2.5137e+01
1.6958e+03,2.8992e-01,1.0121e+08,SHOT-Ch,1.2169e-23,1.6100e-23,6.4650e+03
1.6958e+03,2.8992e-01,1.0121e+08,NL-A+F-sh,1.7097e-13,2.0740e-13,2.5137e+01
1.6958e+03,2.8992e-01,1.0121e+08,NL-B+F-sh,1.4697e-13,1.5373e-13,2.5137e+01
1.6958e+03,1.0000e+00,3.4908e+08,LIN-UV,1.6580e+18,3.5183e+18,6.4650e+03
1.6958e+03,1.0000e+00,3.4908e+08,NL-A+F,1.0443e-11,1.2684e-11,2.5137e+01
1.6958e+03,1.0000e+00,3.4908e+08,NL-B+F,1.1947e-11,1.2684e-11,2.5137e+01
1.6958e+03,1.0000e+00,3.4908e+08,SHOT-Ch,1.2169e-23,1.6100e-23,6.4650e+03
1.6958e+03,1.0000e+00,3.4908e+08,NL-A+F-sh,1.7186e-13,2.0869e-13,2.5137e+01
1.6958e+03,1.0000e+00,3.4908e+08,NL-B+F-sh,1.4771e-13,1.5478e-13,2.5137e+01
4.2959e+03,3.3925e-09,3.0000e+00,LIN-UV,1.5389e-21,2.3801e-21,2.5910e+03
4.2959e+03,3.3925e-09,3.0000e+00,NL-A+F,1.0855e-21,1.5272e-21,2.5910e+03
4.2959e+03,3.3925e-09,3.0000e+00,NL-B+F,1.0855e-21,1.5271e-21,2.5910e+03
4.2959e+03,3.3925e-09,3.0000e+00,SHOT-Ch,4.2678e-24,6.0757e-24,2.5910e+03
4.2959e+03,3.3925e-09,3.0000e+00,NL-A+F-sh,2.2896e-24,3.8767e-24,2.5910e+03
4.2959e+03,3.3925e-09,3.0000e+00,NL-B+F-sh,2.2895e-24,3.8767e-24,2.5910e+03
4.2959e+03,1.2449e-08,1.1009e+01,LIN-UV,1.8603e-18,2.8443e-18,2.7903e+03
4.2959e+03,1.2449e-08,1.1009e+01,NL-A+F,2.8593e-19,2.1900e-19,1.6109e+03
4.2959e+03,1.2449e-08,1.1009e+01,NL-B+F,2.8592e-19,2.1900e-19,1.6109e+03
4.2959e+03,1.2449e-08,1.1009e+01,SHOT-Ch,3.5123e-24,4.8988e-24,2.7903e+03
4.2959e+03,1.2449e-08,1.1009e+01,NL-A+F-sh,4.1453e-22,4.0988e-22,2.7903e+03
4.2959e+03,1.2449e-08,1.1009e+01,NL-B+F-sh,4.1451e-22,4.0986e-22,2.7903e+03
4.2959e+03,4.5686e-08,4.0400e+01,LIN-UV,1.9425e-15,2.9638e-15,2.8436e+03
4.2959e+03,4.5686e-08,4.0400e+01,NL-A+F,1.6276e-17,9.1652e-18,1.6414e+03
4.2959e+03,4.5686e-08,4.0400e+01,NL-B+F,1.6690e-17,9.1652e-18,1.6414e+03
4.2959e+03,4.5686e-08,4.0400e+01,SHOT-Ch,3.3916e-24,4.7096e-24,2.8436e+03
4.2959e+03,4.5686e-08,4.0400e+01,NL-A+F-sh,2.2895e-20,1.5925e-20,2.1604e+03
4.2959e+03,4.5686e-08,4.0400e+01,NL-B+F-sh,2.3703e-20,1.5927e-20,2.1604e+03
4.2959e+03,1.6765e-07,1.4826e+02,LIN-UV,1.9938e-12,3.0414e-12,2.8546e+03
4.2959e+03,1.6765e-07,1.4826e+02,NL-A+F,3.5092e-16,2.1255e-16,5.4895e+02
4.2959e+03,1.6765e-07,1.4826e+02,NL-B+F,4.3668e-16,2.1255e-16,5.4895e+02
4.2959e+03,1.6765e-07,1.4826e+02,SHOT-Ch,3.3740e-24,4.6814e-24,2.8546e+03
4.2959e+03,1.6765e-07,1.4826e+02,NL-A+F-sh,6.3119e-19,3.8522e-19,5.4895e+02
4.2959e+03,1.6765e-07,1.4826e+02,NL-B+F-sh,7.7432e-19,3.1259e-19,5.4895e+02
4.2959e+03,6.1524e-07,5.4406e+02,LIN-UV,2.0437e-09,3.1182e-09,2.8567e+03
4.2959e+03,6.1524e-07,5.4406e+02,NL-A+F,4.7812e-15,2.8170e-15,1.8302e+02
4.2959e+03,6.1524e-07,5.4406e+02,NL-B+F,7.0488e-15,2.8171e-15,1.8302e+02
4.2959e+03,6.1524e-07,5.4406e+02,SHOT-Ch,3.3714e-24,4.6771e-24,2.8567e+03
4.2959e+03,6.1524e-07,5.4406e+02,NL-A+F-sh,1.6167e-17,9.5024e-18,1.8302e+02
4.2959e+03,6.1524e-07,5.4406e+02,NL-B+F-sh,2.0036e-17,6.8203e-18,1.8302e+02
4.2959e+03,2.2578e-06,1.9966e+03,LIN-UV,2.0916e-06,3.1935e-06,2.8570e+03
4.2959e+03,2.2578e-06,1.9966e+03,NL-A+F,4.6392e-14,2.5405e-14,8.0270e+01
4.2959e+03,2.2578e-06,1.9966e+03,NL-B+F,7.4273e-14,2.6130e-14,8.0270e+01
4.2959e+03,2.2578e-06,1.9966e+03,SHOT-Ch,3.3709e-24,4.6764e-24,2.8570e+03
4.2959e+03,2.2578e-06,1.9966e+03,NL-A+F-sh,3.2163e-16,1.7664e-16,8.0270e+01
4.2959e+03,2.2578e-06,1.9966e+03,NL-B+F-sh,3.7764e-16,1.2244e-16,8.0270e+01
4.2959e+03,8.2853e-06,7.3268e+03,LIN-UV,2.1320e-03,3.2606e-03,2.8571e+03
4.2959e+03,8.2853e-06,7.3268e+03,NL-A+F,2.6628e-13,1.3566e-13,3.5201e+01
4.2959e+03,8.2853e-06,7.3268e+03,NL-B+F,4.3452e-13,1.3624e-13,3.5201e+01
4.2959e+03,8.2853e-06,7.3268e+03,SHOT-Ch,3.3709e-24,4.6763e-24,2.8571e+03
4.2959e+03,8.2853e-06,7.3268e+03,NL-A+F-sh,3.0743e-15,1.5671e-15,3.5201e+01
4.2959e+03,8.2853e-06,7.3268e+03,NL-B+F-sh,3.4182e-15,1.0221e-15,3.5201e+01
4.2959e+03,3.0405e-05,2.6887e+04,LIN-UV,2.1524e+00,3.3046e+00,2.8571e+03
4.2959e+03,3.0405e-05,2.6887e+04,NL-A+F,8.9319e-13,6.4780e-13,8.9101e+00
4.2959e+03,3.0405e-05,2.6887e+04,NL-B+F,1.3263e-12,6.4780e-13,8.9101e+00
4.2959e+03,3.0405e-05,2.6887e+04,SHOT-Ch,3.3709e-24,4.6763e-24,2.8571e+03
4.2959e+03,3.0405e-05,2.6887e+04,NL-A+F-sh,1.2665e-14,9.1779e-15,8.9101e+00
4.2959e+03,3.0405e-05,2.6887e+04,NL-B+F-sh,1.2679e-14,6.0060e-15,8.9101e+00
4.2959e+03,1.1158e-04,9.8668e+04,LIN-UV,2.1247e+03,3.2910e+03,2.8571e+03
4.2959e+03,1.1158e-04,9.8668e+04,NL-A+F,2.0746e-12,2.0460e-12,6.7694e+00
4.2959e+03,1.1158e-04,9.8668e+04,NL-B+F,2.7523e-12,2.0460e-12,6.7694e+00
4.2959e+03,1.1158e-04,9.8668e+04,SHOT-Ch,3.3709e-24,4.6763e-24,2.8571e+03
4.2959e+03,1.1158e-04,9.8668e+04,NL-A+F-sh,3.0286e-14,2.9855e-14,6.7694e+00
4.2959e+03,1.1158e-04,9.8668e+04,NL-B+F-sh,2.7722e-14,2.0199e-14,6.7694e+00
4.2959e+03,4.0946e-04,3.6209e+05,LIN-UV,1.9920e+06,3.1449e+06,2.8571e+03
4.2959e+03,4.0946e-04,3.6209e+05,NL-A+F,3.4994e-12,4.1277e-12,6.7694e+00
4.2959e+03,4.0946e-04,3.6209e+05,NL-B+F,4.3219e-12,4.1277e-12,6.7694e+00
4.2959e+03,4.0946e-04,3.6209e+05,SHOT-Ch,3.3709e-24,4.6763e-24,2.8571e+03
4.2959e+03,4.0946e-04,3.6209e+05,NL-A+F-sh,4.9961e-14,5.8915e-14,6.7694e+00
4.2959e+03,4.0946e-04,3.6209e+05,NL-B+F-sh,4.3688e-14,4.1123e-14,6.7694e+00
4.2959e+03,1.5026e-03,1.3287e+06,LIN-UV,1.6662e+09,2.7299e+09,2.8571e+03
4.2959e+03,1.5026e-03,1.3287e+06,NL-A+F,4.6043e-12,5.8345e-12,6.7694e+00
4.2959e+03,1.5026e-03,1.3287e+06,NL-B+F,5.4870e-12,5.8345e-12,6.7694e+00
4.2959e+03,1.5026e-03,1.3287e+06,SHOT-Ch,3.3709e-24,4.6763e-24,2.8571e+03
4.2959e+03,1.5026e-03,1.3287e+06,NL-A+F-sh,6.4343e-14,8.1515e-14,6.7694e+00
4.2959e+03,1.5026e-03,1.3287e+06,NL-B+F-sh,5.5217e-14,5.8013e-14,6.7694e+00
4.2959e+03,5.5141e-03,4.8761e+06,LIN-UV,1.0978e+12,1.9073e+12,2.8571e+03
4.2959e+03,5.5141e-03,4.8761e+06,NL-A+F,5.2356e-12,6.8294e-12,6.7694e+00
4.2959e+03,5.5141e-03,4.8761e+06,NL-B+F,6.1676e-12,6.8294e-12,6.7694e+00
4.2959e+03,5.5141e-03,4.8761e+06,SHOT-Ch,3.3709e-24,4.6763e-24,2.8571e+03
4.2959e+03,5.5141e-03,4.8761e+06,NL-A+F-sh,7.2290e-14,9.4277e-14,6.7694e+00
4.2959e+03,5.5141e-03,4.8761e+06,NL-B+F-sh,6.1743e-14,6.7613e-14,6.7694e+00
4.2959e+03,2.0235e-02,1.7894e+07,LIN-UV,4.5640e+14,8.4145e+14,2.8571e+03
4.2959e+03,2.0235e-02,1.7894e+07,NL-A+F,5.5409e-12,7.3143e-12,6.7694e+00
4.2959e+03,2.0235e-02,1.7894e+07,NL-B+F,6.4779e-12,7.3143e-12,6.7694e+00
4.2959e+03,2.0235e-02,1.7894e+07,SHOT-Ch,3.3709e-24,4.6763e-24,2.8571e+03
4.2959e+03,2.0235e-02,1.7894e+07,NL-A+F-sh,7.6073e-14,1.0040e-13,6.7694e+00
4.2959e+03,2.0235e-02,1.7894e+07,NL-B+F-sh,6.4748e-14,7.2336e-14,6.7694e+00
4.2959e+03,7.4257e-02,6.5666e+07,LIN-UV,8.5855e+16,1.5741e+17,2.8571e+03
4.2959e+03,7.4257e-02,6.5666e+07,NL-A+F,5.6774e-12,7.5316e-12,6.7694e+00
4.2959e+03,7.4257e-02,6.5666e+07,NL-B+F,6.6164e-12,7.5316e-12,6.7694e+00
4.2959e+03,7.4257e-02,6.5666e+07,SHOT-Ch,3.3709e-24,4.6763e-24,2.8571e+03
4.2959e+03,7.4257e-02,6.5666e+07,NL-A+F-sh,7.7751e-14,1.0312e-13,6.7694e+00
4.2959e+03,7.4257e-02,6.5666e+07,NL-B+F-sh,6.6087e-14,7.4450e-14,6.7694e+00
4.2959e+03,2.7250e-01,2.4097e+08,LIN-UV,5.0755e+18,8.9502e+18,3.7607e+03
4.2959e+03,2.7250e-01,2.4097e+08,NL-A+F,5.7363e-12,7.6255e-12,6.7694e+00
4.2959e+03,2.7250e-01,2.4097e+08,NL-B+F,6.6762e-12,7.6255e-12,6.7694e+00
4.2959e+03,2.7250e-01,2.4097e+08,SHOT-Ch,3.3709e-24,4.6763e-24,2.8571e+03
4.2959e+03,2.7250e-01,2.4097e+08,NL-A+F-sh,7.8473e-14,1.0430e-13,6.7694e+00
4.2959e+03,2.7250e-01,2.4097e+08,NL-B+F-sh,6.6664e-14,7.5362e-14,6.7694e+00
4.2959e+03,1.0000e+00,8.8431e+08,LIN-UV,7.8227e+19,1.7461e+20,3.7607e+03
4.2959e+03,1.0000e+00,8.8431e+08,NL-A+F,5.7613e-12,7.6654e-12,6.7694e+00
4.2959e+03,1.0000e+00,8.8431e+08,NL-B+F,6.7016e-12,7.6654e-12,6.7694e+00
4.2959e+03,1.0000e+00,8.8431e+08,SHOT-Ch,3.3709e-24,4.6763e-24,2.8571e+03
4.2959e+03,1.0000e+00,8.8431e+08,NL-A+F-sh,7.8780e-14,1.0480e-13,6.7694e+00
4.2959e+03,1.0000e+00,8.8431e+08,NL-B+F-sh,6.6914e-14,7.5756e-14,6.7694e+00
1.0882e+04,1.3392e-09,3.0000e+00,LIN-UV,4.0599e-22,5.9171e-22,1.1451e+03
1.0882e+04,1.3392e-09,3.0000e+00,NL-A+F,2.8949e-22,4.0209e-22,1.1451e+03
1.0882e+04,1.3392e-09,3.0000e+00,NL-B+F,2.8949e-22,4.0209e-22,1.1451e+03
1.0882e+04,1.3392e-09,3.0000e+00,SHOT-Ch,1.1614e-24,1.6437e-24,1.1451e+03
1.0882e+04,1.3392e-09,3.0000e+00,NL-A+F-sh,3.7329e-25,5.7974e-25,1.1451e+03
1.0882e+04,1.3392e-09,3.0000e+00,NL-B+F-sh,3.7329e-25,5.7974e-25,1.1451e+03
1.0882e+04,5.2286e-09,1.1713e+01,LIN-UV,6.8571e-19,9.8881e-19,1.2352e+03
1.0882e+04,5.2286e-09,1.1713e+01,NL-A+F,9.4562e-20,6.8899e-20,9.2873e+02
1.0882e+04,5.2286e-09,1.1713e+01,NL-B+F,9.4561e-20,6.8899e-20,9.2873e+02
1.0882e+04,5.2286e-09,1.1713e+01,SHOT-Ch,9.5650e-25,1.3323e-24,1.2352e+03
1.0882e+04,5.2286e-09,1.1713e+01,NL-A+F-sh,8.3978e-23,8.4980e-23,1.2352e+03
1.0882e+04,5.2286e-09,1.1713e+01,NL-B+F-sh,8.3977e-23,8.4979e-23,1.2352e+03
1.0882e+04,2.0414e-08,4.5731e+01,LIN-UV,9.9487e-16,1.4322e-15,1.2576e+03
1.0882e+04,2.0414e-08,4.5731e+01,NL-A+F,6.0648e-18,3.5673e-18,7.1080e+02
1.0882e+04,2.0414e-08,4.5731e+01,NL-B+F,6.3414e-18,3.5673e-18,7.1080e+02
1.0882e+04,2.0414e-08,4.5731e+01,SHOT-Ch,9.2667e-25,1.2869e-24,1.2576e+03
1.0882e+04,2.0414e-08,4.5731e+01,NL-A+F-sh,5.2945e-21,3.6570e-21,7.1080e+02
1.0882e+04,2.0414e-08,4.5731e+01,NL-B+F-sh,5.6064e-21,3.5070e-21,7.1080e+02
1.0882e+04,7.9703e-08,1.7855e+02,LIN-UV,1.4211e-12,2.0454e-12,1.2618e+03
1.0882e+04,7.9703e-08,1.7855e+02,NL-A+F,1.4010e-16,8.7565e-17,2.2783e+02
1.0882e+04,7.9703e-08,1.7855e+02,NL-B+F,1.8444e-16,8.7570e-17,2.2783e+02
1.0882e+04,7.9703e-08,1.7855e+02,SHOT-Ch,9.2276e-25,1.2809e-24,1.2618e+03
1.0882e+04,7.9703e-08,1.7855e+02,NL-A+F-sh,1.7033e-19,1.0767e-19,2.2783e+02
1.0882e+04,7.9703e-08,1.7855e+02,NL-B+F-sh,2.1432e-19,8.4046e-20,2.2783e+02
1.0882e+04,3.1119e-07,6.9710e+02,LIN-UV,2.0281e-09,2.9195e-09,1.2625e+03
1.0882e+04,3.1119e-07,6.9710e+02,NL-A+F,2.1009e-15,1.2720e-15,7.2824e+01
1.0882e+04,3.1119e-07,6.9710e+02,NL-B+F,3.2878e-15,1.2741e-15,7.2824e+01
1.0882e+04,3.1119e-07,6.9710e+02,SHOT-Ch,9.2221e-25,1.2800e-24,1.2625e+03
1.0882e+04,3.1119e-07,6.9710e+02,NL-A+F-sh,5.2157e-18,3.1608e-18,7.2824e+01
1.0882e+04,3.1119e-07,6.9710e+02,NL-B+F-sh,6.5132e-18,2.1916e-18,7.2824e+01
1.0882e+04,1.2150e-06,2.7217e+03,LIN-UV,2.8915e-06,4.1638e-06,1.2626e+03
1.0882e+04,1.2150e-06,2.7217e+03,NL-A+F,2.3147e-14,1.3305e-14,2.3266e+01
1.0882e+04,1.2150e-06,2.7217e+03,NL-B+F,3.9118e-14,1.3310e-14,2.3266e+01
1.0882e+04,1.2150e-06,2.7217e+03,SHOT-Ch,9.2213e-25,1.2799e-24,1.2626e+03
1.0882e+04,1.2150e-06,2.7217e+03,NL-A+F-sh,1.2533e-16,7.2011e-17,2.3266e+01
1.0882e+04,1.2150e-06,2.7217e+03,NL-B+F-sh,1.4795e-16,4.6977e-17,2.3266e+01
1.0882e+04,4.7436e-06,1.0626e+04,LIN-UV,4.1104e-03,5.9243e-03,1.2627e+03
1.0882e+04,4.7436e-06,1.0626e+04,NL-A+F,1.4759e-13,7.5019e-14,1.3150e+01
1.0882e+04,4.7436e-06,1.0626e+04,NL-B+F,2.5073e-13,7.8371e-14,1.3150e+01
1.0882e+04,4.7436e-06,1.0626e+04,SHOT-Ch,9.2212e-25,1.2799e-24,1.2627e+03
1.0882e+04,4.7436e-06,1.0626e+04,NL-A+F-sh,1.3900e-15,7.0695e-16,1.3150e+01
1.0882e+04,4.7436e-06,1.0626e+04,NL-B+F-sh,1.5441e-15,4.6567e-16,1.3150e+01
1.0882e+04,1.8520e-05,4.1488e+04,LIN-UV,5.8011e+00,8.3795e+00,1.2627e+03
1.0882e+04,1.8520e-05,4.1488e+04,NL-A+F,5.1822e-13,3.6826e-13,2.3744e+00
1.0882e+04,1.8520e-05,4.1488e+04,NL-B+F,8.0135e-13,3.6826e-13,2.3744e+00
1.0882e+04,1.8520e-05,4.1488e+04,SHOT-Ch,9.2212e-25,1.2799e-24,1.2627e+03
1.0882e+04,1.8520e-05,4.1488e+04,NL-A+F-sh,6.0743e-15,4.3147e-15,2.3744e+00
1.0882e+04,1.8520e-05,4.1488e+04,NL-B+F-sh,6.0992e-15,2.7395e-15,2.3744e+00
1.0882e+04,7.2309e-05,1.6198e+05,LIN-UV,8.0440e+03,1.1680e+04,1.2627e+03
1.0882e+04,7.2309e-05,1.6198e+05,NL-A+F,1.2161e-12,1.2712e-12,2.3744e+00
1.0882e+04,7.2309e-05,1.6198e+05,NL-B+F,1.6424e-12,1.2712e-12,2.3744e+00
1.0882e+04,7.2309e-05,1.6198e+05,SHOT-Ch,9.2212e-25,1.2799e-24,1.2627e+03
1.0882e+04,7.2309e-05,1.6198e+05,NL-A+F-sh,1.4675e-14,1.5337e-14,2.3744e+00
1.0882e+04,7.2309e-05,1.6198e+05,NL-B+F-sh,1.3279e-14,1.0128e-14,2.3744e+00
1.0882e+04,2.8232e-04,6.3243e+05,LIN-UV,1.0690e+07,1.5704e+07,1.2627e+03
1.0882e+04,2.8232e-04,6.3243e+05,NL-A+F,2.0274e-12,2.4782e-12,2.3744e+00
1.0882e+04,2.8232e-04,6.3243e+05,NL-B+F,2.5443e-12,2.4782e-12,2.3744e+00
1.0882e+04,2.8232e-04,6.3243e+05,SHOT-Ch,9.2212e-25,1.2799e-24,1.2627e+03
1.0882e+04,2.8232e-04,6.3243e+05,NL-A+F-sh,2.3924e-14,2.9239e-14,2.3744e+00
1.0882e+04,2.8232e-04,6.3243e+05,NL-B+F-sh,2.0682e-14,1.9928e-14,2.3744e+00
1.0882e+04,1.1023e-03,2.4692e+06,LIN-UV,1.2865e+10,1.9342e+10,1.2627e+03
1.0882e+04,1.1023e-03,2.4692e+06,NL-A+F,2.6193e-12,3.4151e-12,2.3744e+00
1.0882e+04,1.1023e-03,2.4692e+06,NL-B+F,3.1730e-12,3.4151e-12,2.3744e+00
1.0882e+04,1.1023e-03,2.4692e+06,SHOT-Ch,9.2212e-25,1.2799e-24,1.2627e+03
1.0882e+04,1.1023e-03,2.4692e+06,NL-A+F-sh,3.0296e-14,3.9496e-14,2.3744e+00
1.0882e+04,1.1023e-03,2.4692e+06,NL-B+F-sh,2.5715e-14,2.7428e-14,2.3744e+00
1.0882e+04,4.3035e-03,9.6405e+06,LIN-UV,1.2440e+13,1.9367e+13,1.2627e+03
1.0882e+04,4.3035e-03,9.6405e+06,NL-A+F,2.9362e-12,3.9304e-12,2.3744e+00
1.0882e+04,4.3035e-03,9.6405e+06,NL-B+F,3.4951e-12,3.9304e-12,2.3744e+00
1.0882e+04,4.3035e-03,9.6405e+06,SHOT-Ch,9.2212e-25,1.2799e-24,1.2627e+03
1.0882e+04,4.3035e-03,9.6405e+06,NL-A+F-sh,3.3603e-14,4.4978e-14,2.3744e+00
1.0882e+04,4.3035e-03,9.6405e+06,NL-B+F-sh,2.8286e-14,3.1548e-14,2.3744e+00
1.0882e+04,1.6802e-02,3.7640e+07,LIN-UV,7.7123e+15,1.2243e+16,1.2627e+03
1.0882e+04,1.6802e-02,3.7640e+07,NL-A+F,3.0809e-12,4.1684e-12,2.3744e+00
1.0882e+04,1.6802e-02,3.7640e+07,NL-B+F,3.6674e-12,4.1684e-12,2.3744e+00
1.0882e+04,1.6802e-02,3.7640e+07,SHOT-Ch,9.2212e-25,1.2799e-24,1.2627e+03
1.0882e+04,1.6802e-02,3.7640e+07,NL-A+F-sh,3.5093e-14,4.7476e-14,2.3744e+00
1.0882e+04,1.6802e-02,3.7640e+07,NL-B+F-sh,2.9565e-14,3.3331e-14,2.3744e+00
1.0882e+04,6.5601e-02,1.4696e+08,LIN-UV,2.1406e+18,3.5020e+18,1.6795e+03
1.0882e+04,6.5601e-02,1.4696e+08,NL-A+F,3.1423e-12,4.2699e-12,2.3744e+00
1.0882e+04,6.5601e-02,1.4696e+08,NL-B+F,3.7299e-12,4.2699e-12,2.3744e+00
1.0882e+04,6.5601e-02,1.4696e+08,SHOT-Ch,9.2212e-25,1.2799e-24,1.2627e+03
1.0882e+04,6.5601e-02,1.4696e+08,NL-A+F-sh,3.5721e-14,4.8535e-14,2.3744e+00
1.0882e+04,6.5601e-02,1.4696e+08,NL-B+F-sh,3.0059e-14,3.4136e-14,2.3744e+00
1.0882e+04,2.5613e-01,5.7376e+08,LIN-UV,1.7381e+20,3.7723e+20,1.6795e+03
1.0882e+04,2.5613e-01,5.7376e+08,NL-A+F,3.1676e-12,4.3118e-12,2.3744e+00
1.0882e+04,2.5613e-01,5.7376e+08,NL-B+F,3.7557e-12,4.3118e-12,2.3744e+00
1.0882e+04,2.5613e-01,5.7376e+08,SHOT-Ch,9.2212e-25,1.2799e-24,1.2627e+03
1.0882e+04,2.5613e-01,5.7376e+08,NL-A+F-sh,3.5980e-14,4.8971e-14,2.3744e+00
1.0882e+04,2.5613e-01,5.7376e+08,NL-B+F-sh,3.0259e-14,3.4464e-14,2.3744e+00
1.0882e+04,1.0000e+00,2.2401e+09,LIN-UV,3.2080e+21,8.3163e+21,1.6795e+03
1.0882e+04,1.0000e+00,2.2401e+09,NL-A+F,3.1779e-12,4.3289e-12,2.3744e+00
1.0882e+04,1.0000e+00,2.2401e+09,NL-B+F,3.7661e-12,4.3289e-12,2.3744e+00
1.0882e+04,1.0000e+00,2.2401e+09,SHOT-Ch,9.2212e-25,1.2799e-24,1.2627e+03
1.0882e+04,1.0000e+00,2.2401e+09,NL-A+F-sh,3.6085e-14,4.9149e-14,2.3744e+00
1.0882e+04,1.0000e+00,2.2401e+09,NL-B+F-sh,3.0344e-14,3.4601e-14,2.3744e+00
2.7567e+04,5.2866e-10,3.0000e+00,LIN-UV,1.0542e-22,1.4147e-22,5.0605e+02
2.7567e+04,5.2866e-10,3.0000e+00,NL-A+F,7.6147e-23,1.0132e-22,5.0605e+02
2.7567e+04,5.2866e-10,3.0000e+00,NL-B+F,7.6130e-23,1.0131e-22,5.0605e+02
2.7567e+04,5.2866e-10,3.0000e+00,SHOT-Ch,3.1128e-25,4.2089e-25,5.0605e+02
2.7567e+04,5.2866e-10,3.0000e+00,NL-A+F-sh,5.9706e-26,8.3522e-26,5.0605e+02
2.7567e+04,5.2866e-10,3.0000e+00,NL-B+F-sh,5.9694e-26,8.3527e-26,5.0605e+02
2.7567e+04,2.1960e-09,1.2462e+01,LIN-UV,2.4877e-19,3.3066e-19,5.4675e+02
2.7567e+04,2.1960e-09,1.2462e+01,NL-A+F,3.0970e-20,2.2168e-20,4.0679e+02
2.7567e+04,2.1960e-09,1.2462e+01,NL-B+F,3.0968e-20,2.2168e-20,4.0679e+02
2.7567e+04,2.1960e-09,1.2462e+01,SHOT-Ch,2.5668e-25,3.4303e-25,5.4675e+02
2.7567e+04,2.1960e-09,1.2462e+01,NL-A+F-sh,1.6828e-23,1.6817e-23,5.4675e+02
2.7567e+04,2.1960e-09,1.2462e+01,NL-B+F-sh,1.6827e-23,1.6816e-23,5.4675e+02
2.7567e+04,9.1219e-09,5.1764e+01,LIN-UV,5.0166e-16,6.6591e-16,5.5610e+02
2.7567e+04,9.1219e-09,5.1764e+01,NL-A+F,2.2158e-18,1.3452e-18,3.0778e+02
2.7567e+04,9.1219e-09,5.1764e+01,NL-B+F,2.3750e-18,1.3452e-18,3.0778e+02
2.7567e+04,9.1219e-09,5.1764e+01,SHOT-Ch,2.4949e-25,3.3281e-25,5.5610e+02
2.7567e+04,9.1219e-09,5.1764e+01,NL-A+F-sh,1.2106e-21,8.4127e-22,3.0778e+02
2.7567e+04,9.1219e-09,5.1764e+01,NL-B+F-sh,1.3132e-21,7.9025e-22,3.0778e+02
2.7567e+04,3.7891e-08,2.1502e+02,LIN-UV,9.9726e-13,1.3236e-12,5.5772e+02
2.7567e+04,3.7891e-08,2.1502e+02,NL-A+F,5.4959e-17,3.4813e-17,9.4552e+01
2.7567e+04,3.7891e-08,2.1502e+02,NL-B+F,7.7154e-17,3.4872e-17,9.4552e+01
2.7567e+04,3.7891e-08,2.1502e+02,SHOT-Ch,2.4864e-25,3.3158e-25,5.5772e+02
2.7567e+04,3.7891e-08,2.1502e+02,NL-A+F-sh,4.5816e-20,2.9434e-20,9.4552e+01
2.7567e+04,3.7891e-08,2.1502e+02,NL-B+F-sh,5.9172e-20,2.2091e-20,9.4552e+01
2.7567e+04,1.5740e-07,8.9319e+02,LIN-UV,1.9813e-09,2.6298e-09,5.5798e+02
2.7567e+04,1.5740e-07,8.9319e+02,NL-A+F,9.1324e-16,5.5105e-16,2.8976e+01
2.7567e+04,1.5740e-07,8.9319e+02,NL-B+F,1.5238e-15,5.5777e-16,2.8976e+01
2.7567e+04,1.5740e-07,8.9319e+02,SHOT-Ch,2.4853e-25,3.3143e-25,5.5798e+02
2.7567e+04,1.5740e-07,8.9319e+02,NL-A+F-sh,1.6754e-18,1.0135e-18,2.8976e+01
2.7567e+04,1.5740e-07,8.9319e+02,NL-B+F-sh,2.1132e-18,6.8362e-19,2.8976e+01
2.7567e+04,6.5381e-07,3.7102e+03,LIN-UV,3.9336e-06,5.2220e-06,5.5801e+02
2.7567e+04,6.5381e-07,3.7102e+03,NL-A+F,1.1484e-14,6.7543e-15,8.8763e+00
2.7567e+04,6.5381e-07,3.7102e+03,NL-B+F,2.0147e-14,6.8049e-15,8.8763e+00
2.7567e+04,6.5381e-07,3.7102e+03,SHOT-Ch,2.4851e-25,3.3141e-25,5.5801e+02
2.7567e+04,6.5381e-07,3.7102e+03,NL-A+F-sh,4.8614e-17,2.8598e-17,8.8763e+00
2.7567e+04,6.5381e-07,3.7102e+03,NL-B+F-sh,5.7053e-17,1.8250e-17,8.8763e+00
2.7567e+04,2.7158e-06,1.5412e+04,LIN-UV,7.7933e-03,1.0351e-02,5.5802e+02
2.7567e+04,2.7158e-06,1.5412e+04,NL-A+F,8.1720e-14,4.3845e-14,3.6548e+00
2.7567e+04,2.7158e-06,1.5412e+04,NL-B+F,1.4507e-13,4.3944e-14,3.6548e+00
2.7567e+04,2.7158e-06,1.5412e+04,SHOT-Ch,2.4851e-25,3.3140e-25,5.5802e+02
2.7567e+04,2.7158e-06,1.5412e+04,NL-A+F-sh,6.2792e-16,3.3691e-16,3.6548e+00
2.7567e+04,2.7158e-06,1.5412e+04,NL-B+F-sh,7.0119e-16,2.0667e-16,4.9127e+00
2.7567e+04,1.1281e-05,6.4019e+04,LIN-UV,1.5357e+01,2.0420e+01,5.5802e+02
2.7567e+04,1.1281e-05,6.4019e+04,NL-A+F,3.0030e-13,2.2119e-13,8.3287e-01
2.7567e+04,1.1281e-05,6.4019e+04,NL-B+F,4.7833e-13,2.2119e-13,8.3287e-01
2.7567e+04,1.1281e-05,6.4019e+04,SHOT-Ch,2.4851e-25,3.3140e-25,5.5802e+02
2.7567e+04,1.1281e-05,6.4019e+04,NL-A+F-sh,2.9092e-15,2.1424e-15,8.3287e-01
2.7567e+04,1.1281e-05,6.4019e+04,NL-B+F-sh,2.9120e-15,1.3242e-15,8.3287e-01
2.7567e+04,4.6861e-05,2.6593e+05,LIN-UV,2.9845e+04,3.9796e+04,5.5802e+02
2.7567e+04,4.6861e-05,2.6593e+05,NL-A+F,7.1120e-13,7.0854e-13,8.3287e-01
2.7567e+04,4.6861e-05,2.6593e+05,NL-B+F,9.8050e-13,7.0854e-13,8.3287e-01
2.7567e+04,4.6861e-05,2.6593e+05,SHOT-Ch,2.4851e-25,3.3140e-25,5.5802e+02
2.7567e+04,4.6861e-05,2.6593e+05,NL-A+F-sh,7.0914e-15,7.0642e-15,8.3287e-01
2.7567e+04,4.6861e-05,2.6593e+05,NL-B+F-sh,6.3661e-15,4.5512e-15,8.3287e-01
2.7567e+04,1.9466e-04,1.1046e+06,LIN-UV,5.6007e+07,7.5176e+07,5.5802e+02
2.7567e+04,1.9466e-04,1.1046e+06,NL-A+F,1.1706e-12,1.3180e-12,8.3287e-01
2.7567e+04,1.9466e-04,1.1046e+06,NL-B+F,1.4973e-12,1.3180e-12,8.3287e-01
2.7567e+04,1.9466e-04,1.1046e+06,SHOT-Ch,2.4851e-25,3.3140e-25,5.5802e+02
2.7567e+04,1.9466e-04,1.1046e+06,NL-A+F-sh,1.1414e-14,1.2851e-14,8.3287e-01
2.7567e+04,1.9466e-04,1.1046e+06,NL-B+F-sh,9.7865e-15,8.5459e-15,8.3287e-01
2.7567e+04,8.0858e-04,4.5885e+06,LIN-UV,9.6458e+10,1.3118e+11,5.5802e+02
2.7567e+04,8.0858e-04,4.5885e+06,NL-A+F,1.4854e-12,1.7622e-12,8.3287e-01
2.7567e+04,8.0858e-04,4.5885e+06,NL-B+F,1.8195e-12,1.7622e-12,8.3287e-01
2.7567e+04,8.0858e-04,4.5885e+06,SHOT-Ch,2.4851e-25,3.3140e-25,5.5802e+02
2.7567e+04,8.0858e-04,4.5885e+06,NL-A+F-sh,1.4218e-14,1.6866e-14,8.3287e-01
2.7567e+04,8.0858e-04,4.5885e+06,NL-B+F-sh,1.1911e-14,1.1459e-14,8.3287e-01
2.7567e+04,3.3588e-03,1.9060e+07,LIN-UV,1.3604e+14,1.8810e+14,5.5802e+02
2.7567e+04,3.3588e-03,1.9060e+07,NL-A+F,1.6437e-12,1.9922e-12,8.3287e-01
2.7567e+04,3.3588e-03,1.9060e+07,NL-B+F,1.9969e-12,1.9922e-12,8.3287e-01
2.7567e+04,3.3588e-03,1.9060e+07,SHOT-Ch,2.4851e-25,3.3140e-25,5.5802e+02
2.7567e+04,3.3588e-03,1.9060e+07,NL-A+F-sh,1.5588e-14,1.8892e-14,8.3287e-01
2.7567e+04,3.3588e-03,1.9060e+07,NL-B+F-sh,1.3018e-14,1.2906e-14,8.3287e-01
2.7567e+04,1.3952e-02,7.9174e+07,LIN-UV,1.2504e+17,1.8159e+17,7.5008e+02
2.7567e+04,1.3952e-02,7.9174e+07,NL-A+F,1.7120e-12,2.0927e-12,8.3287e-01
2.7567e+04,1.3952e-02,7.9174e+07,NL-B+F,2.0664e-12,2.0927e-12,8.3287e-01
2.7567e+04,1.3952e-02,7.9174e+07,SHOT-Ch,2.4851e-25,3.3140e-25,5.5802e+02
2.7567e+04,1.3952e-02,7.9174e+07,NL-A+F-sh,1.6172e-14,1.9768e-14,8.3287e-01
2.7567e+04,1.3952e-02,7.9174e+07,NL-B+F-sh,1.3466e-14,1.3554e-14,8.3287e-01
2.7567e+04,5.7955e-02,3.2888e+08,LIN-UV,5.0904e+19,9.6178e+19,7.5008e+02
2.7567e+04,5.7955e-02,3.2888e+08,NL-A+F,1.7396e-12,2.1336e-12,8.3287e-01
2.7567e+04,5.7955e-02,3.2888e+08,NL-B+F,2.0945e-12,2.1336e-12,8.3287e-01
2.7567e+04,5.7955e-02,3.2888e+08,SHOT-Ch,2.4851e-25,3.3140e-25,5.5802e+02
2.7567e+04,5.7955e-02,3.2888e+08,NL-A+F-sh,1.6407e-14,2.0122e-14,8.3287e-01
2.7567e+04,5.7955e-02,3.2888e+08,NL-B+F-sh,1.3646e-14,1.3817e-14,8.3287e-01
2.7567e+04,2.4074e-01,1.3661e+09,LIN-UV,5.6065e+21,1.3445e+22,7.5008e+02
2.7567e+04,2.4074e-01,1.3661e+09,NL-A+F,1.7505e-12,2.1497e-12,8.3287e-01
2.7567e+04,2.4074e-01,1.3661e+09,NL-B+F,2.1055e-12,2.1497e-12,8.3287e-01
2.7567e+04,2.4074e-01,1.3661e+09,SHOT-Ch,2.4851e-25,3.3140e-25,5.5802e+02
2.7567e+04,2.4074e-01,1.3661e+09,NL-A+F-sh,1.6499e-14,2.0261e-14,8.3287e-01
2.7567e+04,2.4074e-01,1.3661e+09,NL-B+F-sh,1.3717e-14,1.3921e-14,8.3287e-01
2.7567e+04,1.0000e+00,5.6748e+09,LIN-UV,1.2125e+23,3.3420e+23,7.5008e+02
2.7567e+04,1.0000e+00,5.6748e+09,NL-A+F,1.7547e-12,2.1560e-12,8.3287e-01
2.7567e+04,1.0000e+00,5.6748e+09,NL-B+F,2.1098e-12,2.1560e-12,8.3287e-01
2.7567e+04,1.0000e+00,5.6748e+09,SHOT-Ch,2.4851e-25,3.3140e-25,5.5802e+02
2.7567e+04,1.0000e+00,5.6748e+09,NL-A+F-sh,1.6535e-14,2.0315e-14,8.3287e-01
2.7567e+04,1.0000e+00,5.6748e+09,NL-B+F-sh,1.3746e-14,1.3962e-14,8.3287e-01
6.9834e+04,2.0869e-10,3.0000e+00,LIN-UV,2.6984e-23,3.2742e-23,2.2364e+02
6.9834e+04,2.0869e-10,3.0000e+00,NL-A+F,1.9768e-23,2.4606e-23,2.2364e+02
6.9834e+04,2.0869e-10,3.0000e+00,NL-B+F,1.9768e-23,2.4606e-23,2.2364e+02
6.9834e+04,2.0869e-10,3.0000e+00,SHOT-Ch,8.2212e-26,1.0289e-25,2.2364e+02
6.9834e+04,2.0869e-10,3.0000e+00,NL-A+F-sh,9.4418e-27,1.2275e-26,3.0355e+02
6.9834e+04,2.0869e-10,3.0000e+00,NL-B+F-sh,9.4416e-27,1.2274e-26,3.0355e+02
6.9834e+04,9.2229e-10,1.3258e+01,LIN-UV,8.9015e-20,1.0712e-19,2.4198e+02
6.9834e+04,9.2229e-10,1.3258e+01,NL-A+F,1.0033e-20,7.3493e-21,2.4198e+02
6.9834e+04,9.2229e-10,1.3258e+01,NL-B+F,1.0032e-20,7.3493e-21,2.4198e+02
6.9834e+04,9.2229e-10,1.3258e+01,SHOT-Ch,6.7942e-26,8.4378e-26,2.4198e+02
6.9834e+04,9.2229e-10,1.3258e+01,NL-A+F-sh,3.3324e-24,3.1937e-24,2.4198e+02
6.9834e+04,9.2229e-10,1.3258e+01,NL-B+F-sh,3.3324e-24,3.1937e-24,2.4198e+02
6.9834e+04,4.0760e-09,5.8594e+01,LIN-UV,2.4949e-16,3.0000e-16,2.4589e+02
6.9834e+04,4.0760e-09,5.8594e+01,NL-A+F,7.9388e-19,4.9145e-19,1.3326e+02
6.9834e+04,4.0760e-09,5.8594e+01,NL-B+F,8.7662e-19,4.9162e-19,1.3326e+02
6.9834e+04,4.0760e-09,5.8594e+01,SHOT-Ch,6.6235e-26,8.2188e-26,2.4589e+02
6.9834e+04,4.0760e-09,5.8594e+01,NL-A+F-sh,2.7419e-22,1.9088e-22,1.3326e+02
6.9834e+04,4.0760e-09,5.8594e+01,NL-B+F-sh,3.0450e-22,1.7493e-22,1.3326e+02
6.9834e+04,1.8014e-08,2.5895e+02,LIN-UV,6.9019e-13,8.2989e-13,2.4651e+02
6.9834e+04,1.8014e-08,2.5895e+02,NL-A+F,2.1222e-17,1.3364e-17,3.9239e+01
6.9834e+04,1.8014e-08,2.5895e+02,NL-B+F,3.2031e-17,1.3491e-17,3.9239e+01
6.9834e+04,1.8014e-08,2.5895e+02,SHOT-Ch,6.6051e-26,8.1953e-26,2.4651e+02
6.9834e+04,1.8014e-08,2.5895e+02,NL-A+F-sh,1.2285e-20,7.8590e-21,3.9239e+01
6.9834e+04,1.8014e-08,2.5895e+02,NL-B+F-sh,1.6308e-20,5.6951e-21,3.9239e+01
6.9834e+04,7.9610e-08,1.1444e+03,LIN-UV,1.9087e-09,2.2950e-09,2.4660e+02
6.9834e+04,7.9610e-08,1.1444e+03,NL-A+F,3.9343e-16,2.3623e-16,8.4874e+00
6.9834e+04,7.9610e-08,1.1444e+03,NL-B+F,7.0340e-16,2.3937e-16,1.1529e+01
6.9834e+04,7.9610e-08,1.1444e+03,SHOT-Ch,6.6030e-26,8.1926e-26,2.4660e+02
6.9834e+04,7.9610e-08,1.1444e+03,NL-A+F-sh,5.3596e-19,3.2069e-19,8.4874e+00
6.9834e+04,7.9610e-08,1.1444e+03,NL-B+F-sh,6.8560e-19,2.0958e-19,1.1529e+01
6.9834e+04,3.5183e-07,5.0577e+03,LIN-UV,5.2758e-06,6.3442e-06,2.4661e+02
6.9834e+04,3.5183e-07,5.0577e+03,NL-A+F,5.6691e-15,3.2216e-15,3.3864e+00
6.9834e+04,3.5183e-07,5.0577e+03,NL-B+F,1.0353e-14,3.3508e-15,3.3864e+00
6.9834e+04,3.5183e-07,5.0577e+03,SHOT-Ch,6.6027e-26,8.1923e-26,2.4661e+02
6.9834e+04,3.5183e-07,5.0577e+03,NL-A+F-sh,1.8772e-17,1.0672e-17,3.3864e+00
6.9834e+04,3.5183e-07,5.0577e+03,NL-B+F-sh,2.1998e-17,6.8219e-18,3.3864e+00
6.9834e+04,1.5549e-06,2.2352e+04,LIN-UV,1.4561e-02,1.7514e-02,2.4661e+02
6.9834e+04,1.5549e-06,2.2352e+04,NL-A+F,4.5206e-14,2.4752e-14,1.3511e+00
6.9834e+04,1.5549e-06,2.2352e+04,NL-B+F,8.2494e-14,2.5378e-14,1.3511e+00
6.9834e+04,1.5549e-06,2.2352e+04,SHOT-Ch,6.6027e-26,8.1922e-26,2.4661e+02
6.9834e+04,1.5549e-06,2.2352e+04,NL-A+F-sh,2.8341e-16,1.5519e-16,1.3511e+00
6.9834e+04,1.5549e-06,2.2352e+04,NL-B+F-sh,3.1472e-16,9.4885e-17,1.3511e+00
6.9834e+04,6.8717e-06,9.8784e+04,LIN-UV,4.0026e+01,4.8167e+01,2.4661e+02
6.9834e+04,6.8717e-06,9.8784e+04,NL-A+F,1.7388e-13,1.2269e-13,2.9214e-01
6.9834e+04,6.8717e-06,9.8784e+04,NL-B+F,2.8139e-13,1.2269e-13,2.9214e-01
6.9834e+04,6.8717e-06,9.8784e+04,SHOT-Ch,6.6027e-26,8.1922e-26,2.4661e+02
6.9834e+04,6.8717e-06,9.8784e+04,NL-A+F-sh,1.3919e-15,9.8208e-16,2.9214e-01
6.9834e+04,6.8717e-06,9.8784e+04,NL-B+F-sh,1.3766e-15,5.9303e-16,2.9214e-01
6.9834e+04,3.0369e-05,4.3657e+05,LIN-UV,1.0884e+05,1.3115e+05,2.4661e+02
6.9834e+04,3.0369e-05,4.3657e+05,NL-A+F,4.1468e-13,3.5822e-13,2.1506e-01
6.9834e+04,3.0369e-05,4.3657e+05,NL-B+F,5.8618e-13,3.5822e-13,2.1506e-01
6.9834e+04,3.0369e-05,4.3657e+05,SHOT-Ch,6.6027e-26,8.1922e-26,2.4661e+02
6.9834e+04,3.0369e-05,4.3657e+05,NL-A+F-sh,3.4155e-15,2.9503e-15,2.1506e-01
6.9834e+04,3.0369e-05,4.3657e+05,NL-B+F-sh,3.0561e-15,1.8529e-15,2.1506e-01
6.9834e+04,1.3421e-04,1.9294e+06,LIN-UV,2.8758e+08,3.4973e+08,3.3499e+02
6.9834e+04,1.3421e-04,1.9294e+06,NL-A+F,6.7268e-13,6.9375e-13,2.1506e-01
6.9834e+04,1.3421e-04,1.9294e+06,NL-B+F,8.7160e-13,6.9375e-13,2.1506e-01
6.9834e+04,1.3421e-04,1.9294e+06,SHOT-Ch,6.6027e-26,8.1922e-26,2.4661e+02
6.9834e+04,1.3421e-04,1.9294e+06,NL-A+F-sh,5.4195e-15,5.5891e-15,2.1506e-01
6.9834e+04,1.3421e-04,1.9294e+06,NL-B+F-sh,4.5945e-15,3.6355e-15,2.1506e-01
6.9834e+04,5.9315e-04,8.5268e+06,LIN-UV,7.0568e+11,8.9286e+11,3.3499e+02
6.9834e+04,5.9315e-04,8.5268e+06,NL-A+F,8.3867e-13,9.1836e-13,2.1506e-01
6.9834e+04,5.9315e-04,8.5268e+06,NL-B+F,1.0514e-12,9.1836e-13,2.1506e-01
6.9834e+04,5.9315e-04,8.5268e+06,SHOT-Ch,6.6027e-26,8.1922e-26,2.4661e+02
6.9834e+04,5.9315e-04,8.5268e+06,NL-A+F-sh,6.6422e-15,7.2731e-15,2.1506e-01
6.9834e+04,5.9315e-04,8.5268e+06,NL-B+F-sh,5.5357e-15,4.8107e-15,2.1506e-01
6.9834e+04,2.6214e-03,3.7684e+07,LIN-UV,1.4440e+15,1.9973e+15,3.3499e+02
6.9834e+04,2.6214e-03,3.7684e+07,NL-A+F,9.1704e-13,1.0254e-12,2.1506e-01
6.9834e+04,2.6214e-03,3.7684e+07,NL-B+F,1.1314e-12,1.0254e-12,2.1506e-01
6.9834e+04,2.6214e-03,3.7684e+07,SHOT-Ch,6.6027e-26,8.1922e-26,2.4661e+02
6.9834e+04,2.6214e-03,3.7684e+07,NL-A+F-sh,7.2048e-15,8.0557e-15,2.1506e-01
6.9834e+04,2.6214e-03,3.7684e+07,NL-B+F-sh,5.9572e-15,5.3732e-15,2.1506e-01
6.9834e+04,1.1585e-02,1.6654e+08,LIN-UV,1.9594e+18,3.2023e+18,3.3499e+02
6.9834e+04,1.1585e-02,1.6654e+08,NL-A+F,9.4906e-13,1.0692e-12,2.1506e-01
6.9834e+04,1.1585e-02,1.6654e+08,NL-B+F,1.1640e-12,1.0692e-12,2.1506e-01
6.9834e+04,1.1585e-02,1.6654e+08,SHOT-Ch,6.6027e-26,8.1922e-26,2.4661e+02
6.9834e+04,1.1585e-02,1.6654e+08,NL-A+F-sh,7.4322e-15,8.3728e-15,2.1506e-01
6.9834e+04,1.1585e-02,1.6654e+08,NL-B+F-sh,6.1282e-15,5.6029e-15,2.1506e-01
6.9834e+04,5.1200e-02,7.3602e+08,LIN-UV,1.1660e+21,2.3991e+21,3.3499e+02
6.9834e+04,5.1200e-02,7.3602e+08,NL-A+F,9.6140e-13,1.0861e-12,2.1506e-01
6.9834e+04,5.1200e-02,7.3602e+08,NL-B+F,1.1766e-12,1.0861e-12,2.1506e-01
6.9834e+04,5.1200e-02,7.3602e+08,SHOT-Ch,6.6027e-26,8.1922e-26,2.4661e+02
6.9834e+04,5.1200e-02,7.3602e+08,NL-A+F-sh,7.5194e-15,8.4944e-15,2.1506e-01
6.9834e+04,5.1200e-02,7.3602e+08,NL-B+F-sh,6.1938e-15,5.6914e-15,2.1506e-01
6.9834e+04,2.2627e-01,3.2528e+09,LIN-UV,1.7298e+23,4.3638e+23,3.3499e+02
6.9834e+04,2.2627e-01,3.2528e+09,NL-A+F,9.6604e-13,1.0924e-12,2.1506e-01
6.9834e+04,2.2627e-01,3.2528e+09,NL-B+F,1.1813e-12,1.0924e-12,2.1506e-01
6.9834e+04,2.2627e-01,3.2528e+09,SHOT-Ch,6.6027e-26,8.1922e-26,2.4661e+02
6.9834e+04,2.2627e-01,3.2528e+09,NL-A+F-sh,7.5522e-15,8.5402e-15,2.1506e-01
6.9834e+04,2.2627e-01,3.2528e+09,NL-B+F-sh,6.2190e-15,5.7251e-15,2.1506e-01
6.9834e+04,1.0000e+00,1.4375e+10,LIN-UV,4.3247e+24,1.2203e+25,3.3499e+02
6.9834e+04,1.0000e+00,1.4375e+10,NL-A+F,9.6777e-13,1.0948e-12,2.1506e-01
6.9834e+04,1.0000e+00,1.4375e+10,NL-B+F,1.1831e-12,1.0948e-12,2.1506e-01
6.9834e+04,1.0000e+00,1.4375e+10,SHOT-Ch,6.6027e-26,8.1922e-26,2.4661e+02
6.9834e+04,1.0000e+00,1.4375e+10,NL-A+F-sh,7.5644e-15,8.5572e-15,2.1506e-01
6.9834e+04,1.0000e+00,1.4375e+10,NL-B+F-sh,6.2282e-15,5.7375e-15,2.1506e-01
1.7691e+05,8.2381e-11,3.0000e+00,LIN-UV,6.8312e-24,9.2963e-24,1.3608e+02
1.7691e+05,8.2381e-11,3.0000e+00,NL-A+F,5.0823e-24,5.8383e-24,9.9209e+01
1.7691e+05,8.2381e-11,3.0000e+00,NL-B+F,5.0814e-24,5.8383e-24,9.9209e+01
1.7691e+05,8.2381e-11,3.0000e+00,SHOT-Ch,2.1335e-26,2.5449e-26,1.3608e+02
1.7691e+05,8.2381e-11,3.0000e+00,NL-A+F-sh,1.5080e-27,2.2093e-27,1.3608e+02
1.7691e+05,8.2381e-11,3.0000e+00,NL-B+F-sh,1.5077e-27,2.2083e-27,1.3608e+02
1.7691e+05,3.8735e-10,1.4106e+01,LIN-UV,3.1489e-20,4.2609e-20,1.4752e+02
1.7691e+05,3.8735e-10,1.4106e+01,NL-A+F,3.2319e-21,2.3807e-21,1.0747e+02
1.7691e+05,3.8735e-10,1.4106e+01,NL-B+F,3.2318e-21,2.3807e-21,1.0747e+02
1.7691e+05,3.8735e-10,1.4106e+01,SHOT-Ch,1.7671e-26,2.0662e-26,1.4752e+02
1.7691e+05,3.8735e-10,1.4106e+01,NL-A+F-sh,6.6766e-25,6.0727e-25,1.0747e+02
1.7691e+05,3.8735e-10,1.4106e+01,NL-B+F-sh,6.6765e-25,6.0729e-25,1.0747e+02
1.7691e+05,1.8213e-09,6.6325e+01,LIN-UV,1.2269e-16,1.6581e-16,1.4977e+02
1.7691e+05,1.8213e-09,6.6325e+01,NL-A+F,2.8136e-19,1.7488e-19,5.7900e+01
1.7691e+05,1.8213e-09,6.6325e+01,NL-B+F,3.2611e-19,1.7576e-19,5.7900e+01
1.7691e+05,1.8213e-09,6.6325e+01,SHOT-Ch,1.7276e-26,2.0127e-26,1.4977e+02
1.7691e+05,1.8213e-09,6.6325e+01,NL-A+F-sh,6.2647e-23,4.3339e-23,5.7900e+01
1.7691e+05,1.8213e-09,6.6325e+01,NL-B+F-sh,7.2482e-23,3.8555e-23,5.7900e+01
1.7691e+05,8.5637e-09,3.1186e+02,LIN-UV,4.7234e-13,6.3824e-13,1.5009e+02
1.7691e+05,8.5637e-09,3.1186e+02,NL-A+F,8.1846e-18,5.1359e-18,1.1905e+01
1.7691e+05,8.5637e-09,3.1186e+02,NL-B+F,1.3365e-17,5.1781e-18,1.6342e+01
1.7691e+05,8.5637e-09,3.1186e+02,SHOT-Ch,1.7238e-26,2.0072e-26,1.5009e+02
1.7691e+05,8.5637e-09,3.1186e+02,NL-A+F-sh,3.3305e-21,2.0773e-21,1.6342e+01
1.7691e+05,8.5637e-09,3.1186e+02,NL-B+F-sh,4.5577e-21,1.4691e-21,1.6342e+01
1.7691e+05,4.0266e-08,1.4663e+03,LIN-UV,1.8180e-09,2.4567e-09,1.5014e+02
1.7691e+05,4.0266e-08,1.4663e+03,NL-A+F,1.7059e-16,1.0705e-16,3.3537e+00
1.7691e+05,4.0266e-08,1.4663e+03,NL-B+F,3.2822e-16,1.0705e-16,3.3537e+00
1.7691e+05,4.0266e-08,1.4663e+03,SHOT-Ch,1.7233e-26,2.0066e-26,1.5014e+02
1.7691e+05,4.0266e-08,1.4663e+03,NL-A+F-sh,1.7325e-19,1.0853e-19,3.3537e+00
1.7691e+05,4.0266e-08,1.4663e+03,NL-B+F-sh,2.2601e-19,6.6762e-20,3.3537e+00
1.7691e+05,1.8933e-07,6.8946e+03,LIN-UV,6.9955e-06,9.4548e-06,1.5014e+02
1.7691e+05,1.8933e-07,6.8946e+03,NL-A+F,2.8255e-15,1.7064e-15,9.4452e-01
1.7691e+05,1.8933e-07,6.8946e+03,NL-B+F,5.3945e-15,1.7065e-15,9.4452e-01
1.7691e+05,1.8933e-07,6.8946e+03,SHOT-Ch,1.7233e-26,2.0065e-26,1.5014e+02
1.7691e+05,1.8933e-07,6.8946e+03,NL-A+F-sh,7.3204e-18,4.4203e-18,9.4452e-01
1.7691e+05,1.8933e-07,6.8946e+03,NL-B+F-sh,8.6203e-18,2.6340e-18,9.4452e-01
1.7691e+05,8.9022e-07,3.2418e+04,LIN-UV,2.6889e-02,3.6362e-02,1.5014e+02
1.7691e+05,8.9022e-07,3.2418e+04,NL-A+F,2.5335e-14,1.3835e-14,3.6515e-01
1.7691e+05,8.9022e-07,3.2418e+04,NL-B+F,4.7696e-14,1.4344e-14,5.0125e-01
1.7691e+05,8.9022e-07,3.2418e+04,SHOT-Ch,1.7233e-26,2.0065e-26,1.5014e+02
1.7691e+05,8.9022e-07,3.2418e+04,NL-A+F-sh,1.2960e-16,7.0772e-17,3.6515e-01
1.7691e+05,8.9022e-07,3.2418e+04,NL-B+F-sh,1.4385e-16,4.2613e-17,5.0125e-01
1.7691e+05,4.1858e-06,1.5243e+05,LIN-UV,1.0304e+02,1.3956e+02,1.5014e+02
1.7691e+05,4.1858e-06,1.5243e+05,NL-A+F,1.0201e-13,6.4736e-14,1.0284e-01
1.7691e+05,4.1858e-06,1.5243e+05,NL-B+F,1.7159e-13,6.4736e-14,1.0284e-01
1.7691e+05,4.1858e-06,1.5243e+05,SHOT-Ch,1.7233e-26,2.0065e-26,1.5014e+02
1.7691e+05,4.1858e-06,1.5243e+05,NL-A+F-sh,6.7462e-16,4.2811e-16,1.0284e-01
1.7691e+05,4.1858e-06,1.5243e+05,NL-B+F-sh,6.7217e-16,2.5132e-16,1.0284e-01
1.7691e+05,1.9681e-05,7.1671e+05,LIN-UV,3.9150e+05,5.3256e+05,1.5014e+02
1.7691e+05,1.9681e-05,7.1671e+05,NL-A+F,2.4442e-13,2.3827e-13,7.4915e-02
1.7691e+05,1.9681e-05,7.1671e+05,NL-B+F,3.5099e-13,2.3827e-13,7.4915e-02
1.7691e+05,1.9681e-05,7.1671e+05,SHOT-Ch,1.7233e-26,2.0065e-26,1.5014e+02
1.7691e+05,1.9681e-05,7.1671e+05,NL-A+F-sh,1.6625e-15,1.6207e-15,7.4915e-02
1.7691e+05,1.9681e-05,7.1671e+05,NL-B+F-sh,1.4744e-15,9.9509e-16,7.4915e-02
1.7691e+05,9.2540e-05,3.3700e+06,LIN-UV,1.4530e+09,2.0000e+09,1.5014e+02
1.7691e+05,9.2540e-05,3.3700e+06,NL-A+F,3.9036e-13,4.5037e-13,7.4915e-02
1.7691e+05,9.2540e-05,3.3700e+06,NL-B+F,5.1386e-13,4.5037e-13,7.4915e-02
1.7691e+05,9.2540e-05,3.3700e+06,SHOT-Ch,1.7233e-26,2.0065e-26,1.5014e+02
1.7691e+05,9.2540e-05,3.3700e+06,NL-A+F-sh,2.5983e-15,2.9977e-15,7.4915e-02
1.7691e+05,9.2540e-05,3.3700e+06,NL-B+F-sh,2.1843e-15,1.9060e-15,7.4915e-02
1.7691e+05,4.3512e-04,1.5845e+07,LIN-UV,5.0599e+12,7.1835e+12,1.5014e+02
1.7691e+05,4.3512e-04,1.5845e+07,NL-A+F,4.7846e-13,5.8502e-13,7.4915e-02
1.7691e+05,4.3512e-04,1.5845e+07,NL-B+F,6.1042e-13,5.8502e-13,7.4915e-02
1.7691e+05,4.3512e-04,1.5845e+07,SHOT-Ch,1.7233e-26,2.0065e-26,1.5014e+02
1.7691e+05,4.3512e-04,1.5845e+07,NL-A+F-sh,3.1352e-15,3.8334e-15,7.4915e-02
1.7691e+05,4.3512e-04,1.5845e+07,NL-B+F-sh,2.5931e-15,2.4756e-15,7.4915e-02
1.7691e+05,2.0459e-03,7.4504e+07,LIN-UV,1.4945e+16,2.2830e+16,1.5014e+02
1.7691e+05,2.0459e-03,7.4504e+07,NL-A+F,5.1757e-13,6.4577e-13,7.4915e-02
1.7691e+05,2.0459e-03,7.4504e+07,NL-B+F,6.5046e-13,6.4577e-13,7.4915e-02
1.7691e+05,2.0459e-03,7.4504e+07,SHOT-Ch,1.7233e-26,2.0065e-26,1.5014e+02
1.7691e+05,2.0459e-03,7.4504e+07,NL-A+F-sh,3.3679e-15,4.2021e-15,7.4915e-02
1.7691e+05,2.0459e-03,7.4504e+07,NL-B+F-sh,2.7641e-15,2.7342e-15,7.4915e-02
1.7691e+05,9.6198e-03,3.5032e+08,LIN-UV,2.9783e+19,5.2528e+19,1.5014e+02
1.7691e+05,9.6198e-03,3.5032e+08,NL-A+F,5.3272e-13,6.6942e-13,7.4915e-02
1.7691e+05,9.6198e-03,3.5032e+08,NL-B+F,6.6592e-13,6.6942e-13,7.4915e-02
1.7691e+05,9.6198e-03,3.5032e+08,SHOT-Ch,1.7233e-26,2.0065e-26,1.5014e+02
1.7691e+05,9.6198e-03,3.5032e+08,NL-A+F-sh,3.4573e-15,4.3445e-15,7.4915e-02
1.7691e+05,9.6198e-03,3.5032e+08,NL-B+F-sh,2.8302e-15,2.8350e-15,7.4915e-02
1.7691e+05,4.5232e-02,1.6472e+09,LIN-UV,2.5805e+22,5.5765e+22,1.5014e+02
1.7691e+05,4.5232e-02,1.6472e+09,NL-A+F,5.3828e-13,6.7813e-13,7.4915e-02
1.7691e+05,4.5232e-02,1.6472e+09,NL-B+F,6.7160e-13,6.7813e-13,7.4915e-02
1.7691e+05,4.5232e-02,1.6472e+09,SHOT-Ch,1.7233e-26,2.0065e-26,1.5014e+02
1.7691e+05,4.5232e-02,1.6472e+09,NL-A+F-sh,3.4900e-15,4.3967e-15,7.4915e-02
1.7691e+05,4.5232e-02,1.6472e+09,NL-B+F-sh,2.8542e-15,2.8718e-15,7.4915e-02
1.7691e+05,2.1268e-01,7.7449e+09,LIN-UV,5.1262e+24,1.3230e+25,1.5014e+02
1.7691e+05,2.1268e-01,7.7449e+09,NL-A+F,5.4029e-13,6.8127e-13,7.4915e-02
1.7691e+05,2.1268e-01,7.7449e+09,NL-B+F,6.7364e-13,6.8127e-13,7.4915e-02
1.7691e+05,2.1268e-01,7.7449e+09,SHOT-Ch,1.7233e-26,2.0065e-26,1.5014e+02
1.7691e+05,2.1268e-01,7.7449e+09,NL-A+F-sh,3.5018e-15,4.4154e-15,7.4915e-02
1.7691e+05,2.1268e-01,7.7449e+09,NL-B+F-sh,2.8630e-15,2.8853e-15,7.4915e-02
1.7691e+05,1.0000e+00,3.6416e+10,LIN-UV,1.4669e+26,4.1526e+26,1.5014e+02
1.7691e+05,1.0000e+00,3.6416e+10,NL-A+F,5.4100e-13,6.8239e-13,7.4915e-02
1.7691e+05,1.0000e+00,3.6416e+10,NL-B+F,6.7437e-13,6.8239e-13,7.4915e-02
1.7691e+05,1.0000e+00,3.6416e+10,SHOT-Ch,1.7233e-26,2.0065e-26,1.5014e+02
1.7691e+05,1.0000e+00,3.6416e+10,NL-A+F-sh,3.5060e-15,4.4222e-15,7.4915e-02
1.7691e+05,1.0000e+00,3.6416e+10,NL-B+F-sh,2.8660e-15,2.8899e-15,7.4915e-02
4.4814e+05,3.2520e-11,3.0000e+00,LIN-UV,1.7162e-24,2.5647e-24,6.1094e+01
4.4814e+05,3.2520e-11,3.0000e+00,NL-A+F,1.2976e-24,1.6345e-24,6.1094e+01
4.4814e+05,3.2520e-11,3.0000e+00,NL-B+F,1.2972e-24,1.6331e-24,6.1094e+01
4.4814e+05,3.2520e-11,3.0000e+00,SHOT-Ch,5.4852e-27,7.4046e-27,6.1094e+01
4.4814e+05,3.2520e-11,3.0000e+00,NL-A+F-sh,2.4011e-28,3.8253e-28,6.1094e+01
4.4814e+05,3.2520e-11,3.0000e+00,NL-B+F-sh,2.4004e-28,3.8227e-28,6.1094e+01
4.4814e+05,1.6268e-10,1.5008e+01,LIN-UV,1.1050e-20,1.6405e-20,6.6317e+01
4.4814e+05,1.6268e-10,1.5008e+01,NL-A+F,1.0368e-21,7.6101e-22,4.7809e+01
4.4814e+05,1.6268e-10,1.5008e+01,NL-B+F,1.0368e-21,7.6101e-22,4.7809e+01
4.4814e+05,1.6268e-10,1.5008e+01,SHOT-Ch,4.5518e-27,6.0339e-27,6.6317e+01
4.4814e+05,1.6268e-10,1.5008e+01,NL-A+F-sh,1.3431e-25,1.1579e-25,4.7809e+01
4.4814e+05,1.6268e-10,1.5008e+01,NL-B+F-sh,1.3431e-25,1.1579e-25,4.7809e+01
4.4814e+05,8.1383e-10,7.5076e+01,LIN-UV,5.9847e-17,8.8752e-17,6.7265e+01
4.4814e+05,8.1383e-10,7.5076e+01,NL-A+F,9.8565e-20,6.3081e-20,1.8165e+01
4.4814e+05,8.1383e-10,7.5076e+01,NL-B+F,1.1943e-19,6.3081e-20,1.8165e+01
4.4814e+05,8.1383e-10,7.5076e+01,SHOT-Ch,4.4606e-27,5.8958e-27,6.7265e+01
4.4814e+05,8.1383e-10,7.5076e+01,NL-A+F-sh,1.4333e-23,9.7554e-24,2.5198e+01
4.4814e+05,8.1383e-10,7.5076e+01,NL-B+F-sh,1.7096e-23,8.6669e-24,4.8490e+01
4.4814e+05,4.0712e-09,3.7557e+02,LIN-UV,3.2064e-13,4.7544e-13,6.7391e+01
4.4814e+05,4.0712e-09,3.7557e+02,NL-A+F,3.1405e-18,2.0431e-18,4.9144e+00
4.4814e+05,4.0712e-09,3.7557e+02,NL-B+F,5.5959e-18,2.0431e-18,4.9144e+00
4.4814e+05,4.0712e-09,3.7557e+02,SHOT-Ch,4.4525e-27,5.8830e-27,6.7391e+01
4.4814e+05,4.0712e-09,3.7557e+02,NL-A+F-sh,9.0631e-22,5.8346e-22,4.9144e+00
4.4814e+05,4.0712e-09,3.7557e+02,NL-B+F-sh,1.2851e-21,3.9385e-22,1.8199e+01
4.4814e+05,2.0366e-08,1.8788e+03,LIN-UV,1.7176e-09,2.5470e-09,6.7407e+01
4.4814e+05,2.0366e-08,1.8788e+03,NL-A+F,7.3987e-17,4.7581e-17,1.3274e+00
4.4814e+05,2.0366e-08,1.8788e+03,NL-B+F,1.4964e-16,4.7609e-17,1.3274e+00
4.4814e+05,2.0366e-08,1.8788e+03,SHOT-Ch,4.4518e-27,5.8817e-27,6.7407e+01
4.4814e+05,2.0366e-08,1.8788e+03,NL-A+F-sh,5.6175e-20,3.6100e-20,1.3274e+00
4.4814e+05,2.0366e-08,1.8788e+03,NL-B+F-sh,7.3332e-20,2.1417e-20,1.3274e+00
4.4814e+05,1.0188e-07,9.3987e+03,LIN-UV,9.1995e-06,1.3643e-05,6.7409e+01
4.4814e+05,1.0188e-07,9.3987e+03,NL-A+F,1.4116e-15,8.7478e-16,3.5846e-01
4.4814e+05,1.0188e-07,9.3987e+03,NL-B+F,2.8343e-15,8.7854e-16,3.5846e-01
4.4814e+05,1.0188e-07,9.3987e+03,SHOT-Ch,4.4517e-27,5.8815e-27,6.7409e+01
4.4814e+05,1.0188e-07,9.3987e+03,NL-A+F-sh,2.8618e-18,1.7735e-18,3.5846e-01
4.4814e+05,1.0188e-07,9.3987e+03,NL-B+F-sh,3.4079e-18,1.0273e-18,3.5846e-01
4.4814e+05,5.0967e-07,4.7017e+04,LIN-UV,4.9233e-02,7.3039e-02,6.7409e+01
4.4814e+05,5.0967e-07,4.7017e+04,NL-A+F,1.4282e-14,8.2892e-15,1.3428e-01
4.4814e+05,5.0967e-07,4.7017e+04,NL-B+F,2.7890e-14,8.3348e-15,1.3428e-01
4.4814e+05,5.0967e-07,4.7017e+04,SHOT-Ch,4.4517e-27,5.8815e-27,6.7409e+01
4.4814e+05,5.0967e-07,4.7017e+04,NL-A+F-sh,5.9614e-17,3.4600e-17,1.3428e-01
4.4814e+05,5.0967e-07,4.7017e+04,NL-B+F-sh,6.6552e-17,1.9661e-17,1.3428e-01
4.4814e+05,2.5497e-06,2.3521e+05,LIN-UV,2.6288e+02,3.9041e+02,6.7409e+01
4.4814e+05,2.5497e-06,2.3521e+05,NL-A+F,6.0170e-14,3.9927e-14,2.6140e-02
4.4814e+05,2.5497e-06,2.3521e+05,NL-B+F,1.0377e-13,3.9927e-14,2.6140e-02
4.4814e+05,2.5497e-06,2.3521e+05,SHOT-Ch,4.4517e-27,5.8815e-27,6.7409e+01
4.4814e+05,2.5497e-06,2.3521e+05,NL-A+F-sh,3.2872e-16,2.1812e-16,2.6140e-02
4.4814e+05,2.5497e-06,2.3521e+05,NL-B+F-sh,3.2695e-16,1.2496e-16,2.6140e-02
4.4814e+05,1.2755e-05,1.1766e+06,LIN-UV,1.3943e+06,2.0771e+06,6.7409e+01
4.4814e+05,1.2755e-05,1.1766e+06,NL-A+F,1.4479e-13,1.4739e-13,2.6140e-02
4.4814e+05,1.2755e-05,1.1766e+06,NL-B+F,2.1203e-13,1.4739e-13,2.6140e-02
4.4814e+05,1.2755e-05,1.1766e+06,SHOT-Ch,4.4517e-27,5.8815e-27,6.7409e+01
4.4814e+05,1.2755e-05,1.1766e+06,NL-A+F-sh,8.1322e-16,8.2784e-16,2.6140e-02
4.4814e+05,1.2755e-05,1.1766e+06,NL-B+F-sh,7.1754e-16,4.9664e-16,2.6140e-02
4.4814e+05,6.3806e-05,5.8861e+06,LIN-UV,7.2544e+09,1.0902e+10,6.7409e+01
4.4814e+05,6.3806e-05,5.8861e+06,NL-A+F,2.2776e-13,2.6984e-13,2.6140e-02
4.4814e+05,6.3806e-05,5.8861e+06,NL-B+F,3.0574e-13,2.6984e-13,2.6140e-02
4.4814e+05,6.3806e-05,5.8861e+06,SHOT-Ch,4.4517e-27,5.8815e-27,6.7409e+01
4.4814e+05,6.3806e-05,5.8861e+06,NL-A+F-sh,1.2525e-15,1.4839e-15,2.6140e-02
4.4814e+05,6.3806e-05,5.8861e+06,NL-B+F-sh,1.0473e-15,9.2120e-16,2.6140e-02
4.4814e+05,3.1919e-04,2.9445e+07,LIN-UV,3.5733e+13,5.5011e+13,6.7409e+01
4.4814e+05,3.1919e-04,2.9445e+07,NL-A+F,2.7478e-13,3.4327e-13,2.6140e-02
4.4814e+05,3.1919e-04,2.9445e+07,NL-B+F,3.5408e-13,3.4327e-13,2.6140e-02
4.4814e+05,3.1919e-04,2.9445e+07,SHOT-Ch,4.4517e-27,5.8815e-27,6.7409e+01
4.4814e+05,3.1919e-04,2.9445e+07,NL-A+F-sh,1.4896e-15,1.8610e-15,2.6140e-02
4.4814e+05,3.1919e-04,2.9445e+07,NL-B+F-sh,1.2176e-15,1.1770e-15,2.6140e-02
4.4814e+05,1.5968e-03,1.4730e+08,LIN-UV,1.5163e+17,2.4793e+17,6.7409e+01
4.4814e+05,1.5968e-03,1.4730e+08,NL-A+F,2.9444e-13,3.7461e-13,2.6140e-02
4.4814e+05,1.5968e-03,1.4730e+08,NL-B+F,3.7827e-13,3.7461e-13,2.6140e-02
4.4814e+05,1.5968e-03,1.4730e+08,SHOT-Ch,4.4517e-27,5.8815e-27,6.7409e+01
4.4814e+05,1.5968e-03,1.4730e+08,NL-A+F-sh,1.5867e-15,2.0187e-15,2.6140e-02
4.4814e+05,1.5968e-03,1.4730e+08,NL-B+F-sh,1.2963e-15,1.2801e-15,2.6140e-02
4.4814e+05,7.9879e-03,7.3688e+08,LIN-UV,4.4169e+20,8.1774e+20,6.7409e+01
4.4814e+05,7.9879e-03,7.3688e+08,NL-A+F,3.0167e-13,3.8622e-13,2.6140e-02
4.4814e+05,7.9879e-03,7.3688e+08,NL-B+F,3.8569e-13,3.8622e-13,2.6140e-02
4.4814e+05,7.9879e-03,7.3688e+08,SHOT-Ch,4.4517e-27,5.8815e-27,6.7409e+01
4.4814e+05,7.9879e-03,7.3688e+08,NL-A+F-sh,1.6221e-15,2.0767e-15,2.6140e-02
4.4814e+05,7.9879e-03,7.3688e+08,NL-B+F-sh,1.3219e-15,1.3201e-15,2.6140e-02
4.4814e+05,3.9960e-02,3.6863e+09,LIN-UV,5.5526e+23,1.2321e+24,6.7409e+01
4.4814e+05,3.9960e-02,3.6863e+09,NL-A+F,3.0420e-13,3.9030e-13,2.6140e-02
4.4814e+05,3.9960e-02,3.6863e+09,NL-B+F,3.8828e-13,3.9030e-13,2.6140e-02
4.4814e+05,3.9960e-02,3.6863e+09,SHOT-Ch,4.4517e-27,5.8815e-27,6.7409e+01
4.4814e+05,3.9960e-02,3.6863e+09,NL-A+F-sh,1.6345e-15,2.0971e-15,2.6140e-02
4.4814e+05,3.9960e-02,3.6863e+09,NL-B+F-sh,1.3309e-15,1.3341e-15,2.6140e-02
4.4814e+05,1.9990e-01,1.8441e+10,LIN-UV,1.4714e+26,3.8213e+26,6.7409e+01
4.4814e+05,1.9990e-01,1.8441e+10,NL-A+F,3.0508e-13,3.9171e-13,2.6140e-02
4.4814e+05,1.9990e-01,1.8441e+10,NL-B+F,3.8918e-13,3.9171e-13,2.6140e-02
4.4814e+05,1.9990e-01,1.8441e+10,SHOT-Ch,4.4517e-27,5.8815e-27,6.7409e+01
4.4814e+05,1.9990e-01,1.8441e+10,NL-A+F-sh,1.6387e-15,2.1041e-15,2.6140e-02
4.4814e+05,1.9990e-01,1.8441e+10,NL-B+F-sh,1.3340e-15,1.3390e-15,2.6140e-02
4.4814e+05,1.0000e+00,9.2250e+10,LIN-UV,4.7828e+27,1.3433e+28,6.7409e+01
4.4814e+05,1.0000e+00,9.2250e+10,NL-A+F,3.0538e-13,3.9220e-13,2.6140e-02
4.4814e+05,1.0000e+00,9.2250e+10,NL-B+F,3.8949e-13,3.9220e-13,2.6140e-02
4.4814e+05,1.0000e+00,9.2250e+10,SHOT-Ch,4.4517e-27,5.8815e-27,6.7409e+01
4.4814e+05,1.0000e+00,9.2250e+10,NL-A+F-sh,1.6402e-15,2.1065e-15,2.6140e-02
4.4814e+05,1.0000e+00,9.2250e+10,NL-B+F-sh,1.3350e-15,1.3406e-15,2.6140e-02
1.1352e+06,1.2838e-11,3.0000e+00,LIN-UV,1.2169e-25,1.7990e-25,2.7432e+01
1.1352e+06,1.2838e-11,3.0000e+00,NL-A+F,9.5018e-26,1.1963e-25,2.7432e+01
1.1352e+06,1.2838e-11,3.0000e+00,NL-B+F,9.5018e-26,1.1963e-25,2.7432e+01
1.1352e+06,1.2838e-11,3.0000e+00,SHOT-Ch,2.5724e-28,2.8426e-28,2.7432e+01
1.1352e+06,1.2838e-11,3.0000e+00,NL-A+F-sh,3.7833e-29,6.3912e-29,2.7432e+01
1.1352e+06,1.2838e-11,3.0000e+00,NL-B+F-sh,3.7833e-29,6.3912e-29,2.7432e+01
1.1352e+06,6.8326e-11,1.5967e+01,LIN-UV,1.1631e-21,1.7262e-21,2.9812e+01
1.1352e+06,6.8326e-11,1.5967e+01,NL-A+F,1.1355e-22,7.3677e-23,2.1267e+01
1.1352e+06,6.8326e-11,1.5967e+01,NL-B+F,1.1356e-22,7.3677e-23,2.1267e+01
1.1352e+06,6.8326e-11,1.5967e+01,SHOT-Ch,2.3261e-28,2.5885e-28,2.9812e+01
1.1352e+06,6.8326e-11,1.5967e+01,NL-A+F-sh,2.6923e-26,2.5129e-26,2.9812e+01
1.1352e+06,6.8326e-11,1.5967e+01,NL-B+F-sh,2.6923e-26,2.5129e-26,2.9812e+01
1.1352e+06,3.6365e-10,8.4981e+01,LIN-UV,8.9067e-18,1.3237e-17,3.0212e+01
1.1352e+06,3.6365e-10,8.4981e+01,NL-A+F,1.5265e-20,9.4248e-21,7.8230e+00
1.1352e+06,3.6365e-10,8.4981e+01,NL-B+F,1.8223e-20,9.4248e-21,7.8230e+00
1.1352e+06,3.6365e-10,8.4981e+01,SHOT-Ch,2.3440e-28,2.6210e-28,3.0212e+01
1.1352e+06,3.6365e-10,8.4981e+01,NL-A+F-sh,3.2685e-24,2.1648e-24,1.0967e+01
1.1352e+06,3.6365e-10,8.4981e+01,NL-B+F-sh,4.0374e-24,2.0009e-24,2.1552e+01
1.1352e+06,1.9355e-09,4.5230e+02,LIN-UV,6.6571e-14,9.8963e-14,3.0261e+01
1.1352e+06,1.9355e-09,4.5230e+02,NL-A+F,7.5007e-19,4.8390e-19,2.0289e+00
1.1352e+06,1.9355e-09,4.5230e+02,NL-B+F,1.2226e-18,4.8390e-19,2.0289e+00
1.1352e+06,1.9355e-09,4.5230e+02,SHOT-Ch,2.3497e-28,2.6294e-28,3.0261e+01
1.1352e+06,1.9355e-09,4.5230e+02,NL-A+F-sh,2.4595e-22,1.6329e-22,2.0289e+00
1.1352e+06,1.9355e-09,4.5230e+02,NL-B+F-sh,3.6342e-22,1.1124e-22,7.8355e+00
1.1352e+06,1.0301e-08,2.4073e+03,LIN-UV,4.9646e-10,7.3807e-10,3.0266e+01
1.1352e+06,1.0301e-08,2.4073e+03,NL-A+F,2.4992e-17,1.5645e-17,5.2544e-01
1.1352e+06,1.0301e-08,2.4073e+03,NL-B+F,4.6384e-17,1.5772e-17,5.2544e-01
1.1352e+06,1.0301e-08,2.4073e+03,SHOT-Ch,2.3504e-28,2.6306e-28,3.0266e+01
1.1352e+06,1.0301e-08,2.4073e+03,NL-A+F-sh,1.8157e-20,1.1709e-20,5.2544e-01
1.1352e+06,1.0301e-08,2.4073e+03,NL-B+F-sh,2.4436e-20,6.6957e-21,5.2544e-01
1.1352e+06,5.4826e-08,1.2812e+04,LIN-UV,3.7009e-06,5.5025e-06,3.0267e+01
1.1352e+06,5.4826e-08,1.2812e+04,NL-A+F,6.1590e-16,3.6804e-16,1.3606e-01
1.1352e+06,5.4826e-08,1.2812e+04,NL-B+F,1.1408e-15,3.7579e-16,1.3606e-01
1.1352e+06,5.4826e-08,1.2812e+04,SHOT-Ch,2.3505e-28,2.6307e-28,3.0267e+01
1.1352e+06,5.4826e-08,1.2812e+04,NL-A+F-sh,1.1145e-18,6.8001e-19,1.3606e-01
1.1352e+06,5.4826e-08,1.2812e+04,NL-B+F-sh,1.3201e-18,3.8941e-19,1.3606e-01
1.1352e+06,2.9180e-07,6.8191e+04,LIN-UV,2.7572e-02,4.1005e-02,3.0267e+01
1.1352e+06,2.9180e-07,6.8191e+04,NL-A+F,7.4064e-15,4.1962e-15,4.9387e-02
1.1352e+06,2.9180e-07,6.8191e+04,NL-B+F,1.4017e-14,4.3898e-15,4.9387e-02
1.1352e+06,2.9180e-07,6.8191e+04,SHOT-Ch,2.3505e-28,2.6307e-28,3.0267e+01
1.1352e+06,2.9180e-07,6.8191e+04,NL-A+F-sh,2.7397e-17,1.5781e-17,4.9387e-02
1.1352e+06,2.9180e-07,6.8191e+04,NL-B+F-sh,3.0960e-17,9.0739e-18,4.9387e-02
1.1352e+06,1.5531e-06,3.6294e+05,LIN-UV,2.0504e+02,3.0520e+02,3.0267e+01
1.1352e+06,1.5531e-06,3.6294e+05,NL-A+F,3.3293e-14,2.3192e-14,9.1221e-03
1.1352e+06,1.5531e-06,3.6294e+05,NL-B+F,5.4875e-14,2.3192e-14,9.1221e-03
1.1352e+06,1.5531e-06,3.6294e+05,SHOT-Ch,2.3506e-28,2.6307e-28,3.0267e+01
1.1352e+06,1.5531e-06,3.6294e+05,NL-A+F-sh,1.6008e-16,1.0993e-16,9.1221e-03
1.1352e+06,1.5531e-06,3.6294e+05,NL-B+F-sh,1.5699e-16,6.1713e-17,9.1221e-03
1.1352e+06,8.2659e-06,1.9317e+06,LIN-UV,1.5165e+06,2.2630e+06,3.0267e+01
1.1352e+06,8.2659e-06,1.9317e+06,NL-A+F,8.1024e-14,8.0041e-14,9.1221e-03
1.1352e+06,8.2659e-06,1.9317e+06,NL-B+F,1.1503e-13,8.0041e-14,9.1221e-03
1.1352e+06,8.2659e-06,1.9317e+06,SHOT-Ch,2.3506e-28,2.6307e-28,3.0267e+01
1.1352e+06,8.2659e-06,1.9317e+06,NL-A+F-sh,3.9736e-16,3.8985e-16,9.1221e-03
1.1352e+06,8.2659e-06,1.9317e+06,NL-B+F-sh,3.4604e-16,2.2937e-16,9.1221e-03
1.1352e+06,4.3994e-05,1.0281e+07,LIN-UV,1.1032e+10,1.6589e+10,3.0267e+01
1.1352e+06,4.3994e-05,1.0281e+07,NL-A+F,1.2574e-13,1.4077e-13,9.1221e-03
1.1352e+06,4.3994e-05,1.0281e+07,NL-B+F,1.6534e-13,1.4077e-13,9.1221e-03
1.1352e+06,4.3994e-05,1.0281e+07,SHOT-Ch,2.3506e-28,2.6307e-28,3.0267e+01
1.1352e+06,4.3994e-05,1.0281e+07,NL-A+F-sh,6.0271e-16,6.7174e-16,9.1221e-03
1.1352e+06,4.3994e-05,1.0281e+07,NL-B+F-sh,4.9833e-16,4.0853e-16,9.1221e-03
1.1352e+06,2.3415e-04,5.4718e+07,LIN-UV,7.6431e+13,1.1745e+14,3.0267e+01
1.1352e+06,2.3415e-04,5.4718e+07,NL-A+F,1.4954e-13,1.7500e-13,9.1221e-03
1.1352e+06,2.3415e-04,5.4718e+07,NL-B+F,1.9192e-13,1.7500e-13,9.1221e-03
1.1352e+06,2.3415e-04,5.4718e+07,SHOT-Ch,2.3506e-28,2.6307e-28,3.0267e+01
1.1352e+06,2.3415e-04,5.4718e+07,NL-A+F-sh,7.0703e-16,8.2433e-16,9.1221e-03
1.1352e+06,2.3415e-04,5.4718e+07,NL-B+F-sh,5.7640e-16,5.0789e-16,9.1221e-03
1.1352e+06,1.2462e-03,2.9123e+08,LIN-UV,4.6086e+17,7.4939e+17,3.0267e+01
1.1352e+06,1.2462e-03,2.9123e+08,NL-A+F,1.5892e-13,1.8880e-13,9.1221e-03
1.1352e+06,1.2462e-03,2.9123e+08,NL-B+F,2.0154e-13,1.8880e-13,9.1221e-03
1.1352e+06,1.2462e-03,2.9123e+08,SHOT-Ch,2.3506e-28,2.6307e-28,3.0267e+01
1.1352e+06,1.2462e-03,2.9123e+08,NL-A+F-sh,7.4737e-16,8.8479e-16,9.1221e-03
1.1352e+06,1.2462e-03,2.9123e+08,NL-B+F-sh,6.0496e-16,5.4847e-16,9.1221e-03
1.1352e+06,6.6328e-03,1.5500e+09,LIN-UV,1.9295e+21,3.5391e+21,3.0267e+01
1.1352e+06,6.6328e-03,1.5500e+09,NL-A+F,1.6220e-13,1.9366e-13,9.1221e-03
1.1352e+06,6.6328e-03,1.5500e+09,NL-B+F,2.0490e-13,1.9366e-13,9.1221e-03
1.1352e+06,6.6328e-03,1.5500e+09,SHOT-Ch,2.3506e-28,2.6307e-28,3.0267e+01
1.1352e+06,6.6328e-03,1.5500e+09,NL-A+F-sh,7.6138e-16,9.0595e-16,9.1221e-03
1.1352e+06,6.6328e-03,1.5500e+09,NL-B+F-sh,6.1491e-16,5.6277e-16,9.1221e-03
1.1352e+06,3.5302e-02,8.2497e+09,LIN-UV,3.4546e+24,7.5782e+24,3.0267e+01
1.1352e+06,3.5302e-02,8.2497e+09,NL-A+F,1.6330e-13,1.9529e-13,9.1221e-03
1.1352e+06,3.5302e-02,8.2497e+09,NL-B+F,2.0602e-13,1.9529e-13,9.1221e-03
1.1352e+06,3.5302e-02,8.2497e+09,SHOT-Ch,2.3506e-28,2.6307e-28,3.0267e+01
1.1352e+06,3.5302e-02,8.2497e+09,NL-A+F-sh,7.6606e-16,9.1305e-16,9.1221e-03
1.1352e+06,3.5302e-02,8.2497e+09,NL-B+F-sh,6.1827e-16,5.6761e-16,9.1221e-03
1.1352e+06,1.8789e-01,4.3907e+10,LIN-UV,1.2034e+27,3.0796e+27,3.0267e+01
1.1352e+06,1.8789e-01,4.3907e+10,NL-A+F,1.6367e-13,1.9583e-13,9.1221e-03
1.1352e+06,1.8789e-01,4.3907e+10,NL-B+F,2.0639e-13,1.9583e-13,9.1221e-03
1.1352e+06,1.8789e-01,4.3907e+10,SHOT-Ch,2.3506e-28,2.6307e-28,3.0267e+01
1.1352e+06,1.8789e-01,4.3907e+10,NL-A+F-sh,7.6761e-16,9.1539e-16,9.1221e-03
1.1352e+06,1.8789e-01,4.3907e+10,NL-B+F-sh,6.1937e-16,5.6920e-16,9.1221e-03
1.1352e+06,1.0000e+00,2.3369e+11,LIN-UV,4.3943e+28,1.2101e+29,3.0267e+01
1.1352e+06,1.0000e+00,2.3369e+11,NL-A+F,1.6379e-13,1.9601e-13,9.1221e-03
1.1352e+06,1.0000e+00,2.3369e+11,NL-B+F,2.0651e-13,1.9601e-13,9.1221e-03
1.1352e+06,1.0000e+00,2.3369e+11,SHOT-Ch,2.3506e-28,2.6307e-28,3.0267e+01
1.1352e+06,1.0000e+00,2.3369e+11,NL-A+F-sh,7.6812e-16,9.1616e-16,9.1221e-03
1.1352e+06,1.0000e+00,2.3369e+11,NL-B+F-sh,6.1969e-16,5.6968e-16,9.1221e-03
2.8758e+06,5.0677e-12,3.0000e+00,LIN-UV,3.4368e-28,3.9507e-28,1.2323e+01
2.8758e+06,5.0677e-12,3.0000e+00,NL-A+F,2.8773e-28,2.7308e-28,1.2323e+01
2.8758e+06,5.0677e-12,3.0000e+00,NL-B+F,2.8773e-28,2.7308e-28,1.2323e+01
2.8758e+06,5.0677e-12,3.0000e+00,SHOT-Ch,2.9472e-32,1.1075e-32,3.0694e+00
2.8758e+06,5.0677e-12,3.0000e+00,NL-A+F-sh,5.8495e-30,1.0243e-29,1.2323e+01
2.8758e+06,5.0677e-12,3.0000e+00,NL-B+F-sh,5.8495e-30,1.0243e-29,1.2323e+01
2.8758e+06,2.8696e-11,1.6988e+01,LIN-UV,4.7593e-24,5.4928e-24,1.3407e+01
2.8758e+06,2.8696e-11,1.6988e+01,NL-A+F,7.9809e-25,4.5209e-25,3.3294e+00
2.8758e+06,2.8696e-11,1.6988e+01,NL-B+F,7.9809e-25,4.5209e-25,3.3294e+00
2.8758e+06,2.8696e-11,1.6988e+01,SHOT-Ch,2.8473e-32,1.0775e-32,3.3294e+00
2.8758e+06,2.8696e-11,1.6988e+01,NL-A+F-sh,5.3462e-27,5.3113e-27,1.3407e+01
2.8758e+06,2.8696e-11,1.6988e+01,NL-B+F-sh,5.3463e-27,5.3115e-27,1.3407e+01
2.8758e+06,1.6249e-10,9.6194e+01,LIN-UV,5.1373e-20,5.9329e-20,1.3575e+01
2.8758e+06,1.6249e-10,9.6194e+01,NL-A+F,4.1528e-22,2.1479e-22,1.1855e+00
2.8758e+06,1.6249e-10,9.6194e+01,NL-B+F,4.3211e-22,2.1479e-22,1.1855e+00
2.8758e+06,1.6249e-10,9.6194e+01,SHOT-Ch,2.9474e-32,1.1198e-32,3.3706e+00
2.8758e+06,1.6249e-10,9.6194e+01,NL-A+F-sh,7.4160e-25,4.8584e-25,3.3706e+00
2.8758e+06,1.6249e-10,9.6194e+01,NL-B+F-sh,9.4755e-25,4.6054e-25,9.5828e+00
2.8758e+06,9.2013e-10,5.4470e+02,LIN-UV,5.3532e-16,6.1828e-16,1.3594e+01
2.8758e+06,9.2013e-10,5.4470e+02,NL-A+F,8.0879e-20,4.2555e-20,5.9153e-01
2.8758e+06,9.2013e-10,5.4470e+02,NL-B+F,9.0990e-20,4.2555e-20,5.9153e-01
2.8758e+06,9.2013e-10,5.4470e+02,SHOT-Ch,2.9651e-32,1.1272e-32,3.3752e+00
2.8758e+06,9.2013e-10,5.4470e+02,NL-A+F-sh,6.6641e-23,4.5069e-23,8.3800e-01
2.8758e+06,9.2013e-10,5.4470e+02,NL-B+F-sh,9.9331e-23,2.9824e-23,3.3752e+00
2.8758e+06,5.2103e-09,3.0844e+03,LIN-UV,5.5568e-12,6.4184e-12,1.3596e+01
2.8758e+06,5.2103e-09,3.0844e+03,NL-A+F,6.2907e-18,3.6866e-18,1.4689e-01
2.8758e+06,5.2103e-09,3.0844e+03,NL-B+F,8.4261e-18,3.6866e-18,1.4689e-01
2.8758e+06,5.2103e-09,3.0844e+03,SHOT-Ch,2.9672e-32,1.1280e-32,3.3757e+00
2.8758e+06,5.2103e-09,3.0844e+03,NL-A+F-sh,5.8594e-21,3.7057e-21,2.0809e-01
2.8758e+06,5.2103e-09,3.0844e+03,NL-B+F-sh,7.9221e-21,2.0720e-21,2.0809e-01
2.8758e+06,2.9504e-08,1.7466e+04,LIN-UV,5.7650e-08,6.6596e-08,1.3596e+01
2.8758e+06,2.9504e-08,1.7466e+04,NL-A+F,2.4044e-16,1.4246e-16,3.6470e-02
2.8758e+06,2.9504e-08,1.7466e+04,NL-B+F,3.7952e-16,1.4246e-16,3.6470e-02
2.8758e+06,2.9504e-08,1.7466e+04,SHOT-Ch,2.9674e-32,1.1281e-32,3.3757e+00
2.8758e+06,2.9504e-08,1.7466e+04,NL-A+F-sh,4.3304e-19,2.6024e-19,3.6470e-02
2.8758e+06,2.9504e-08,1.7466e+04,NL-B+F-sh,5.2407e-19,1.4656e-19,5.1665e-02
2.8758e+06,1.6707e-07,9.8900e+04,LIN-UV,5.9772e-04,6.9076e-04,1.3596e+01
2.8758e+06,1.6707e-07,9.8900e+04,NL-A+F,3.6437e-15,2.0559e-15,1.2827e-02
2.8758e+06,1.6707e-07,9.8900e+04,NL-B+F,6.1717e-15,2.0740e-15,1.8172e-02
2.8758e+06,1.6707e-07,9.8900e+04,SHOT-Ch,2.9674e-32,1.1281e-32,3.3757e+00
2.8758e+06,1.6707e-07,9.8900e+04,NL-A+F-sh,1.2602e-17,7.2499e-18,1.2827e-02
2.8758e+06,1.6707e-07,9.8900e+04,NL-B+F-sh,1.4158e-17,4.0888e-18,1.8172e-02
2.8758e+06,9.4602e-07,5.6003e+05,LIN-UV,6.1858e+00,7.1579e+00,1.3596e+01
2.8758e+06,9.4602e-07,5.6003e+05,NL-A+F,1.7776e-14,1.2338e-14,3.1848e-03
2.8758e+06,9.4602e-07,5.6003e+05,NL-B+F,2.7639e-14,1.2338e-14,3.1848e-03
2.8758e+06,9.4602e-07,5.6003e+05,SHOT-Ch,2.9674e-32,1.1281e-32,3.3757e+00
2.8758e+06,9.4602e-07,5.6003e+05,NL-A+F-sh,7.8062e-17,5.2333e-17,3.1848e-03
2.8758e+06,9.4602e-07,5.6003e+05,NL-B+F-sh,7.7047e-17,2.8618e-17,3.1848e-03
2.8758e+06,5.3569e-06,3.1712e+06,LIN-UV,6.3646e+04,7.3947e+04,1.3596e+01
2.8758e+06,5.3569e-06,3.1712e+06,NL-A+F,4.3813e-14,3.9154e-14,3.1848e-03
2.8758e+06,5.3569e-06,3.1712e+06,NL-B+F,5.9848e-14,3.9154e-14,3.1848e-03
2.8758e+06,5.3569e-06,3.1712e+06,SHOT-Ch,2.9674e-32,1.1281e-32,3.3757e+00
2.8758e+06,5.3569e-06,3.1712e+06,NL-A+F-sh,1.9367e-16,1.7056e-16,3.1848e-03
2.8758e+06,5.3569e-06,3.1712e+06,NL-B+F-sh,1.6894e-16,9.7858e-17,3.1848e-03
2.8758e+06,3.0334e-05,1.7957e+07,LIN-UV,6.4322e+08,7.5659e+08,1.3596e+01
2.8758e+06,3.0334e-05,1.7957e+07,NL-A+F,6.7063e-14,6.5613e-14,3.1848e-03
2.8758e+06,3.0334e-05,1.7957e+07,NL-B+F,8.4871e-14,6.5613e-14,3.1848e-03
2.8758e+06,3.0334e-05,1.7957e+07,SHOT-Ch,2.9674e-32,1.1281e-32,3.3757e+00
2.8758e+06,3.0334e-05,1.7957e+07,NL-A+F-sh,2.8884e-16,2.8023e-16,3.1848e-03
2.8758e+06,3.0334e-05,1.7957e+07,NL-B+F-sh,2.3669e-16,1.6686e-16,3.1848e-03
2.8758e+06,1.7177e-04,1.0168e+08,LIN-UV,6.1635e+12,7.5081e+12,1.3596e+01
2.8758e+06,1.7177e-04,1.0168e+08,NL-A+F,7.8678e-14,7.9531e-14,3.1848e-03
2.8758e+06,1.7177e-04,1.0168e+08,NL-B+F,9.7816e-14,7.9531e-14,3.1848e-03
2.8758e+06,1.7177e-04,1.0168e+08,SHOT-Ch,2.9674e-32,1.1281e-32,3.3757e+00
2.8758e+06,1.7177e-04,1.0168e+08,NL-A+F-sh,3.3430e-16,3.3572e-16,3.1848e-03
2.8758e+06,1.7177e-04,1.0168e+08,NL-B+F-sh,2.7050e-16,2.0218e-16,3.1848e-03
2.8758e+06,9.7263e-04,5.7578e+08,LIN-UV,5.0959e+16,6.7717e+16,1.3596e+01
2.8758e+06,9.7263e-04,5.7578e+08,NL-A+F,8.3003e-14,8.4822e-14,3.1848e-03
2.8758e+06,9.7263e-04,5.7578e+08,NL-B+F,1.0223e-13,8.4822e-14,3.1848e-03
2.8758e+06,9.7263e-04,5.7578e+08,SHOT-Ch,2.9674e-32,1.1281e-32,3.3757e+00
2.8758e+06,9.7263e-04,5.7578e+08,NL-A+F-sh,3.5093e-16,3.5649e-16,3.1848e-03
2.8758e+06,9.7263e-04,5.7578e+08,NL-B+F-sh,2.8209e-16,2.1590e-16,3.1848e-03
2.8758e+06,5.5076e-03,3.2604e+09,LIN-UV,2.8972e+20,4.5742e+20,1.3596e+01
2.8758e+06,5.5076e-03,3.2604e+09,NL-A+F,8.4441e-14,8.6595e-14,3.1848e-03
2.8758e+06,5.5076e-03,3.2604e+09,NL-B+F,1.0370e-13,8.6595e-14,3.1848e-03
2.8758e+06,5.5076e-03,3.2604e+09,SHOT-Ch,2.9674e-32,1.1281e-32,3.3757e+00
2.8758e+06,5.5076e-03,3.2604e+09,NL-A+F-sh,3.5643e-16,3.6341e-16,3.1848e-03
2.8758e+06,5.5076e-03,3.2604e+09,NL-B+F-sh,2.8592e-16,2.2049e-16,3.1848e-03
2.8758e+06,3.1187e-02,1.8462e+10,LIN-UV,6.9541e+23,1.3939e+24,1.3596e+01
2.8758e+06,3.1187e-02,1.8462e+10,NL-A+F,8.4903e-14,8.7165e-14,3.1848e-03
2.8758e+06,3.1187e-02,1.8462e+10,NL-B+F,1.0417e-13,8.7165e-14,3.1848e-03
2.8758e+06,3.1187e-02,1.8462e+10,SHOT-Ch,2.9674e-32,1.1281e-32,3.3757e+00
2.8758e+06,3.1187e-02,1.8462e+10,NL-A+F-sh,3.5819e-16,3.6563e-16,3.1848e-03
2.8758e+06,3.1187e-02,1.8462e+10,NL-B+F-sh,2.8713e-16,2.2194e-16,3.1848e-03
2.8758e+06,1.7660e-01,1.0454e+11,LIN-UV,3.0580e+26,7.4422e+26,1.3596e+01
2.8758e+06,1.7660e-01,1.0454e+11,NL-A+F,8.5049e-14,8.7345e-14,3.1848e-03
2.8758e+06,1.7660e-01,1.0454e+11,NL-B+F,1.0432e-13,8.7345e-14,3.1848e-03
2.8758e+06,1.7660e-01,1.0454e+11,SHOT-Ch,2.9674e-32,1.1281e-32,3.3757e+00
2.8758e+06,1.7660e-01,1.0454e+11,NL-A+F-sh,3.5874e-16,3.6633e-16,3.1848e-03
2.8758e+06,1.7660e-01,1.0454e+11,NL-B+F-sh,2.8754e-16,2.2243e-16,3.1848e-03
2.8758e+06,1.0000e+00,5.9198e+11,LIN-UV,1.2292e+28,3.2630e+28,1.3596e+01
2.8758e+06,1.0000e+00,5.9198e+11,NL-A+F,8.5095e-14,8.7402e-14,3.1848e-03
2.8758e+06,1.0000e+00,5.9198e+11,NL-B+F,1.0437e-13,8.7402e-14,3.1848e-03
2.8758e+06,1.0000e+00,5.9198e+11,SHOT-Ch,2.9674e-32,1.1281e-32,3.3757e+00
2.8758e+06,1.0000e+00,5.9198e+11,NL-A+F-sh,3.5892e-16,3.6655e-16,3.1848e-03
2.8758e+06,1.0000e+00,5.9198e+11,NL-B+F-sh,2.8764e-16,2.2256e-16,3.1848e-03
7.2850e+06,2.0005e-12,3.0000e+00,LIN-UV,3.5159e-31,4.1003e-31,5.5395e+00
7.2850e+06,2.0005e-12,3.0000e+00,NL-A+F,2.9938e-31,2.9362e-31,5.5395e+00
7.2850e+06,2.0005e-12,3.0000e+00,NL-B+F,2.9938e-31,2.9362e-31,5.5395e+00
7.2850e+06,2.0005e-12,3.0000e+00,SHOT-Ch,4.5553e-37,1.1656e-37,7.5461e-02
7.2850e+06,2.0005e-12,3.0000e+00,NL-A+F-sh,2.3911e-31,2.9255e-31,5.5395e+00
7.2850e+06,2.0005e-12,3.0000e+00,NL-B+F-sh,2.3911e-31,2.9255e-31,5.5395e+00
7.2850e+06,1.2052e-11,1.8074e+01,LIN-UV,6.8037e-27,7.9527e-27,6.0327e+00
7.2850e+06,1.2052e-11,1.8074e+01,NL-A+F,1.1825e-27,6.2915e-28,1.4364e+00
7.2850e+06,1.2052e-11,1.8074e+01,NL-B+F,1.1825e-27,6.2915e-28,1.4364e+00
7.2850e+06,1.2052e-11,1.8074e+01,SHOT-Ch,4.4299e-37,1.1335e-37,8.1440e-02
7.2850e+06,1.2052e-11,1.8074e+01,NL-A+F-sh,4.7945e-28,3.1578e-28,4.2141e+00
7.2850e+06,1.2052e-11,1.8074e+01,NL-B+F-sh,4.7945e-28,3.1578e-28,4.2141e+00
7.2850e+06,7.2608e-11,1.0889e+02,LIN-UV,1.0200e-22,1.1924e-22,6.1036e+00
7.2850e+06,7.2608e-11,1.0889e+02,NL-A+F,1.2514e-24,6.6344e-25,3.4593e-01
7.2850e+06,7.2608e-11,1.0889e+02,NL-B+F,1.2800e-24,6.6344e-25,3.4593e-01
7.2850e+06,7.2608e-11,1.0889e+02,SHOT-Ch,4.5915e-37,1.1750e-37,8.2355e-02
7.2850e+06,7.2608e-11,1.0889e+02,NL-A+F-sh,1.2571e-25,8.8961e-26,1.4531e+00
7.2850e+06,7.2608e-11,1.0889e+02,NL-B+F-sh,1.2699e-25,7.2252e-26,1.4531e+00
7.2850e+06,4.3743e-10,6.5598e+02,LIN-UV,1.4783e-18,1.7282e-18,6.1109e+00
7.2850e+06,4.3743e-10,6.5598e+02,NL-A+F,9.7334e-22,5.3719e-22,8.2451e-02
7.2850e+06,4.3743e-10,6.5598e+02,NL-B+F,1.0027e-21,5.3719e-22,8.2451e-02
7.2850e+06,4.3743e-10,6.5598e+02,SHOT-Ch,4.6171e-37,1.1815e-37,8.2451e-02
7.2850e+06,4.3743e-10,6.5598e+02,NL-A+F-sh,1.7183e-23,1.1773e-23,3.4634e-01
7.2850e+06,4.3743e-10,6.5598e+02,NL-B+F-sh,1.9120e-23,6.7570e-24,3.4634e-01
7.2850e+06,2.6353e-09,3.9520e+03,LIN-UV,2.1354e-14,2.4965e-14,6.1116e+00
7.2850e+06,2.6353e-09,3.9520e+03,NL-A+F,3.8095e-19,1.9587e-19,1.9631e-02
7.2850e+06,2.6353e-09,3.9520e+03,NL-B+F,4.0017e-19,1.9587e-19,1.9631e-02
7.2850e+06,2.6353e-09,3.9520e+03,SHOT-Ch,4.6198e-37,1.1822e-37,8.2461e-02
7.2850e+06,2.6353e-09,3.9520e+03,NL-A+F-sh,1.8769e-21,1.1667e-21,5.7600e-02
7.2850e+06,2.6353e-09,3.9520e+03,NL-B+F-sh,2.1645e-21,6.3369e-22,8.2461e-02
7.2850e+06,1.5877e-08,2.3809e+04,LIN-UV,3.0832e-10,3.6049e-10,6.1116e+00
7.2850e+06,1.5877e-08,2.3809e+04,NL-A+F,4.8133e-17,2.4690e-17,1.3713e-02
7.2850e+06,1.5877e-08,2.3809e+04,NL-B+F,5.5552e-17,2.4691e-17,1.3713e-02
7.2850e+06,1.5877e-08,2.3809e+04,SHOT-Ch,4.6200e-37,1.1823e-37,8.2461e-02
7.2850e+06,1.5877e-08,2.3809e+04,NL-A+F-sh,1.6786e-19,1.0622e-19,1.3713e-02
7.2850e+06,1.5877e-08,2.3809e+04,NL-B+F-sh,1.9070e-19,5.5755e-20,1.3713e-02
7.2850e+06,9.5650e-08,1.4344e+05,LIN-UV,4.4493e-06,5.2042e-06,6.1116e+00
7.2850e+06,9.5650e-08,1.4344e+05,NL-A+F,1.2895e-15,6.9645e-16,4.6735e-03
7.2850e+06,9.5650e-08,1.4344e+05,NL-B+F,1.6890e-15,6.9832e-16,4.6735e-03
7.2850e+06,9.5650e-08,1.4344e+05,SHOT-Ch,4.6201e-37,1.1823e-37,8.2461e-02
7.2850e+06,9.5650e-08,1.4344e+05,NL-A+F-sh,5.8025e-18,3.5503e-18,4.6735e-03
7.2850e+06,9.5650e-08,1.4344e+05,NL-B+F-sh,6.3111e-18,1.8644e-18,4.6735e-03
7.2850e+06,5.7624e-07,8.6415e+05,LIN-UV,6.4107e-02,7.5074e-02,6.1117e+00
7.2850e+06,5.7624e-07,8.6415e+05,NL-A+F,7.5799e-15,5.2362e-15,1.1126e-03
7.2850e+06,5.7624e-07,8.6415e+05,NL-B+F,9.7422e-15,5.2362e-15,1.1126e-03
7.2850e+06,5.7624e-07,8.6415e+05,SHOT-Ch,4.6201e-37,1.1823e-37,8.2462e-02
7.2850e+06,5.7624e-07,8.6415e+05,NL-A+F-sh,3.8081e-17,2.3786e-17,1.1126e-03
7.2850e+06,5.7624e-07,8.6415e+05,NL-B+F-sh,3.6596e-17,1.2731e-17,1.1126e-03
7.2850e+06,3.4716e-06,5.2061e+06,LIN-UV,9.1895e+02,1.0803e+03,6.1117e+00
7.2850e+06,3.4716e-06,5.2061e+06,NL-A+F,1.9533e-14,1.7735e-14,7.7717e-04
7.2850e+06,3.4716e-06,5.2061e+06,NL-B+F,2.3393e-14,1.7735e-14,7.7717e-04
7.2850e+06,3.4716e-06,5.2061e+06,SHOT-Ch,4.6201e-37,1.1823e-37,8.2462e-02
7.2850e+06,3.4716e-06,5.2061e+06,NL-A+F-sh,9.4224e-17,7.7786e-17,7.7717e-04
7.2850e+06,3.4716e-06,5.2061e+06,NL-B+F-sh,8.0588e-17,4.3683e-17,7.7717e-04
7.2850e+06,2.0915e-05,3.1365e+07,LIN-UV,1.2962e+07,1.5420e+07,6.1117e+00
7.2850e+06,2.0915e-05,3.1365e+07,NL-A+F,2.9767e-14,3.1003e-14,7.7717e-04
7.2850e+06,2.0915e-05,3.1365e+07,NL-B+F,3.4133e-14,3.1003e-14,7.7717e-04
7.2850e+06,2.0915e-05,3.1365e+07,SHOT-Ch,4.6201e-37,1.1823e-37,8.2462e-02
7.2850e+06,2.0915e-05,3.1365e+07,NL-A+F-sh,1.3813e-16,1.3342e-16,7.7717e-04
7.2850e+06,2.0915e-05,3.1365e+07,NL-B+F-sh,1.1139e-16,7.7687e-17,7.7717e-04
7.2850e+06,1.2600e-04,1.8896e+08,LIN-UV,1.7419e+11,2.1427e+11,6.1117e+00
7.2850e+06,1.2600e-04,1.8896e+08,NL-A+F,3.4570e-14,3.7414e-14,7.7717e-04
7.2850e+06,1.2600e-04,1.8896e+08,NL-B+F,3.9314e-14,3.7414e-14,7.7717e-04
7.2850e+06,1.2600e-04,1.8896e+08,SHOT-Ch,4.6201e-37,1.1823e-37,8.2462e-02
7.2850e+06,1.2600e-04,1.8896e+08,NL-A+F-sh,1.5785e-16,1.5932e-16,7.7717e-04
7.2850e+06,1.2600e-04,1.8896e+08,NL-B+F-sh,1.2599e-16,9.3701e-17,7.7717e-04
7.2850e+06,7.5911e-04,1.1384e+09,LIN-UV,2.0411e+15,2.7279e+15,6.1117e+00
7.2850e+06,7.5911e-04,1.1384e+09,NL-A+F,3.6260e-14,3.9682e-14,7.7717e-04
7.2850e+06,7.5911e-04,1.1384e+09,NL-B+F,4.1031e-14,3.9682e-14,7.7717e-04
7.2850e+06,7.5911e-04,1.1384e+09,SHOT-Ch,4.6201e-37,1.1823e-37,8.2462e-02
7.2850e+06,7.5911e-04,1.1384e+09,NL-A+F-sh,1.6467e-16,1.6835e-16,7.7717e-04
7.2850e+06,7.5911e-04,1.1384e+09,NL-B+F-sh,1.3065e-16,9.9508e-17,7.7717e-04
7.2850e+06,4.5733e-03,6.8582e+09,LIN-UV,1.6689e+19,2.6324e+19,6.1117e+00
7.2850e+06,4.5733e-03,6.8582e+09,NL-A+F,3.6795e-14,4.0402e-14,7.7717e-04
7.2850e+06,4.5733e-03,6.8582e+09,NL-B+F,4.1574e-14,4.0402e-14,7.7717e-04
7.2850e+06,4.5733e-03,6.8582e+09,SHOT-Ch,4.6201e-37,1.1823e-37,8.2462e-02
7.2850e+06,4.5733e-03,6.8582e+09,NL-A+F-sh,1.6682e-16,1.7120e-16,7.7717e-04
7.2850e+06,4.5733e-03,6.8582e+09,NL-B+F-sh,1.3212e-16,1.0134e-16,7.7717e-04
7.2850e+06,2.7552e-02,4.1318e+10,LIN-UV,5.7422e+22,1.1428e+23,6.1117e+00
7.2850e+06,2.7552e-02,4.1318e+10,NL-A+F,3.6959e-14,4.0623e-14,7.7717e-04
7.2850e+06,2.7552e-02,4.1318e+10,NL-B+F,4.1741e-14,4.0623e-14,7.7717e-04
7.2850e+06,2.7552e-02,4.1318e+10,SHOT-Ch,4.6201e-37,1.1823e-37,8.2462e-02
7.2850e+06,2.7552e-02,4.1318e+10,NL-A+F-sh,1.6748e-16,1.7207e-16,7.7717e-04
7.2850e+06,2.7552e-02,4.1318e+10,NL-B+F-sh,1.3258e-16,1.0191e-16,7.7717e-04
7.2850e+06,1.6599e-01,2.4892e+11,LIN-UV,3.3454e+25,8.0370e+25,6.1117e+00
7.2850e+06,1.6599e-01,2.4892e+11,NL-A+F,3.7009e-14,4.0689e-14,7.7717e-04
7.2850e+06,1.6599e-01,2.4892e+11,NL-B+F,4.1791e-14,4.0689e-14,7.7717e-04
7.2850e+06,1.6599e-01,2.4892e+11,SHOT-Ch,4.6201e-37,1.1823e-37,8.2462e-02
7.2850e+06,1.6599e-01,2.4892e+11,NL-A+F-sh,1.6768e-16,1.7234e-16,7.7717e-04
7.2850e+06,1.6599e-01,2.4892e+11,NL-B+F-sh,1.3271e-16,1.0208e-16,7.7717e-04
7.2850e+06,1.0000e+00,1.4996e+12,LIN-UV,1.5071e+27,3.9258e+27,6.1117e+00
7.2850e+06,1.0000e+00,1.4996e+12,NL-A+F,3.7024e-14,4.0710e-14,7.7717e-04
7.2850e+06,1.0000e+00,1.4996e+12,NL-B+F,4.1806e-14,4.0710e-14,7.7717e-04
7.2850e+06,1.0000e+00,1.4996e+12,SHOT-Ch,4.6201e-37,1.1823e-37,8.2462e-02
7.2850e+06,1.0000e+00,1.4996e+12,NL-A+F-sh,1.6774e-16,1.7242e-16,7.7717e-04
7.2850e+06,1.0000e+00,1.4996e+12,NL-B+F-sh,1.3275e-16,1.0213e-16,7.7717e-04
1.8455e+07,7.8971e-13,3.0000e+00,LIN-UV,3.3068e-34,3.9548e-34,2.5141e+00
1.8455e+07,7.8971e-13,3.0000e+00,NL-A+F,2.8515e-34,2.9255e-34,2.5141e+00
1.8455e+07,7.8971e-13,3.0000e+00,NL-B+F,2.8511e-34,2.9244e-34,2.5141e+00
1.8455e+07,7.8971e-13,3.0000e+00,SHOT-Ch,4.7809e-42,1.0832e-42,2.2888e-03
1.8455e+07,7.8971e-13,3.0000e+00,NL-A+F-sh,2.8435e-34,2.9255e-34,2.5141e+00
1.8455e+07,7.8971e-13,3.0000e+00,NL-B+F-sh,2.8431e-34,2.9244e-34,2.5141e+00
1.8455e+07,5.0618e-12,1.9229e+01,LIN-UV,8.9494e-30,1.0718e-29,2.7393e+00
1.8455e+07,5.0618e-12,1.9229e+01,NL-A+F,1.4859e-30,7.7142e-31,6.2541e-01
1.8455e+07,5.0618e-12,1.9229e+01,NL-B+F,1.4859e-30,7.7142e-31,6.2541e-01
1.8455e+07,5.0618e-12,1.9229e+01,SHOT-Ch,4.6903e-42,1.0624e-42,2.4582e-03
1.8455e+07,5.0618e-12,1.9229e+01,NL-A+F-sh,1.4594e-30,7.7142e-31,6.2541e-01
1.8455e+07,5.0618e-12,1.9229e+01,NL-B+F-sh,1.4594e-30,7.7142e-31,6.2541e-01
1.8455e+07,3.2444e-11,1.2325e+02,LIN-UV,1.8632e-25,2.2316e-25,2.7691e+00
1.8455e+07,3.2444e-11,1.2325e+02,NL-A+F,2.0275e-27,1.0529e-27,1.4430e-01
1.8455e+07,3.2444e-11,1.2325e+02,NL-B+F,2.0783e-27,1.0529e-27,1.4430e-01
1.8455e+07,3.2444e-11,1.2325e+02,SHOT-Ch,4.8631e-42,1.1013e-42,2.4832e-03
1.8455e+07,3.2444e-11,1.2325e+02,NL-A+F-sh,1.7370e-27,1.0361e-27,1.4430e-01
1.8455e+07,3.2444e-11,1.2325e+02,NL-B+F-sh,1.7125e-27,1.0032e-27,1.4430e-01
1.8455e+07,2.0796e-10,7.9000e+02,LIN-UV,3.7564e-21,4.4991e-21,2.7719e+00
1.8455e+07,2.0796e-10,7.9000e+02,NL-A+F,2.4347e-24,1.2405e-24,2.2791e-02
1.8455e+07,2.0796e-10,7.9000e+02,NL-B+F,2.4951e-24,1.2405e-24,2.2791e-02
1.8455e+07,2.0796e-10,7.9000e+02,SHOT-Ch,4.8876e-42,1.1069e-42,2.4856e-03
1.8455e+07,2.0796e-10,7.9000e+02,NL-A+F-sh,1.1594e-24,6.3714e-25,4.7701e-02
1.8455e+07,2.0796e-10,7.9000e+02,NL-B+F-sh,9.4452e-25,4.8474e-25,6.9011e-02
1.8455e+07,1.3329e-09,5.0637e+03,LIN-UV,7.5508e-17,9.0440e-17,2.7722e+00
1.8455e+07,1.3329e-09,5.0637e+03,NL-A+F,2.6426e-21,1.4855e-21,5.2029e-03
1.8455e+07,1.3329e-09,5.0637e+03,NL-B+F,2.6979e-21,1.4855e-21,5.2029e-03
1.8455e+07,1.3329e-09,5.0637e+03,SHOT-Ch,4.8900e-42,1.1074e-42,2.4858e-03
1.8455e+07,1.3329e-09,5.0637e+03,NL-A+F-sh,3.9622e-22,2.5681e-22,2.2793e-02
1.8455e+07,1.3329e-09,5.0637e+03,NL-B+F-sh,2.8844e-22,1.6046e-22,2.2793e-02
1.8455e+07,8.5437e-09,3.2456e+04,LIN-UV,1.5173e-12,1.8175e-12,2.7722e+00
1.8455e+07,8.5437e-09,3.2456e+04,NL-A+F,1.5902e-18,9.9738e-19,1.1877e-03
1.8455e+07,8.5437e-09,3.2456e+04,NL-B+F,1.6287e-18,9.9738e-19,1.1877e-03
1.8455e+07,8.5437e-09,3.2456e+04,SHOT-Ch,4.8902e-42,1.1074e-42,2.4859e-03
1.8455e+07,8.5437e-09,3.2456e+04,NL-A+F-sh,6.1446e-20,4.0275e-20,5.2029e-03
1.8455e+07,8.5437e-09,3.2456e+04,NL-B+F-sh,4.9088e-20,2.1441e-20,5.2029e-03
1.8455e+07,5.4762e-08,2.0803e+05,LIN-UV,3.0477e-08,3.6516e-08,2.7722e+00
1.8455e+07,5.4762e-08,2.0803e+05,NL-A+F,1.4092e-16,9.5739e-17,3.9223e-04
1.8455e+07,5.4762e-08,2.0803e+05,NL-B+F,1.4823e-16,9.5739e-17,3.9223e-04
1.8455e+07,5.4762e-08,2.0803e+05,SHOT-Ch,4.8902e-42,1.1074e-42,2.4859e-03
1.8455e+07,5.4762e-08,2.0803e+05,NL-A+F-sh,2.7133e-18,1.6695e-18,1.7183e-03
1.8455e+07,5.4762e-08,2.0803e+05,NL-B+F-sh,2.4426e-18,8.8317e-19,1.7183e-03
1.8455e+07,3.5101e-07,1.3334e+06,LIN-UV,6.1143e-04,7.3326e-04,2.7722e+00
1.8455e+07,3.5101e-07,1.3334e+06,NL-A+F,1.3812e-15,1.2571e-15,2.7112e-04
1.8455e+07,3.5101e-07,1.3334e+06,NL-B+F,1.4527e-15,1.2571e-15,2.7112e-04
1.8455e+07,3.5101e-07,1.3334e+06,SHOT-Ch,4.8902e-42,1.1074e-42,2.4859e-03
1.8455e+07,3.5101e-07,1.3334e+06,NL-A+F-sh,1.9097e-17,1.0875e-17,3.9223e-04
1.8455e+07,3.5101e-07,1.3334e+06,NL-B+F-sh,1.6164e-17,5.6953e-18,3.9223e-04
1.8455e+07,2.2498e-06,8.5469e+06,LIN-UV,1.2216e+01,1.4695e+01,2.7722e+00
1.8455e+07,2.2498e-06,8.5469e+06,NL-A+F,4.1758e-15,5.1155e-15,2.7112e-04
1.8455e+07,2.2498e-06,8.5469e+06,NL-B+F,4.3313e-15,5.1155e-15,2.7112e-04
1.8455e+07,2.2498e-06,8.5469e+06,SHOT-Ch,4.8902e-42,1.1074e-42,2.4859e-03
1.8455e+07,2.2498e-06,8.5469e+06,NL-A+F-sh,4.7323e-17,4.3759e-17,2.7112e-04
1.8455e+07,2.2498e-06,8.5469e+06,NL-B+F-sh,3.6999e-17,2.4041e-17,2.7112e-04
1.8455e+07,1.4421e-05,5.4782e+07,LIN-UV,2.4083e+05,2.9249e+05,2.7722e+00
1.8455e+07,1.4421e-05,5.4782e+07,NL-A+F,6.5415e-15,8.7523e-15,2.7112e-04
1.8455e+07,1.4421e-05,5.4782e+07,NL-B+F,6.7255e-15,8.7523e-15,2.7112e-04
1.8455e+07,1.4421e-05,5.4782e+07,SHOT-Ch,4.8902e-42,1.1074e-42,2.4859e-03
1.8455e+07,1.4421e-05,5.4782e+07,NL-A+F-sh,6.8352e-17,7.3497e-17,2.7112e-04
1.8455e+07,1.4421e-05,5.4782e+07,NL-B+F-sh,5.1292e-17,4.1815e-17,2.7112e-04
1.8455e+07,9.2432e-05,3.5114e+08,LIN-UV,4.5504e+09,5.6866e+09,2.7722e+00
1.8455e+07,9.2432e-05,3.5114e+08,NL-A+F,7.5902e-15,1.0416e-14,2.7112e-04
1.8455e+07,9.2432e-05,3.5114e+08,NL-B+F,7.7946e-15,1.0416e-14,2.7112e-04
1.8455e+07,9.2432e-05,3.5114e+08,SHOT-Ch,4.8902e-42,1.1074e-42,2.4859e-03
1.8455e+07,9.2432e-05,3.5114e+08,NL-A+F-sh,7.7230e-17,8.6643e-17,2.7112e-04
1.8455e+07,9.2432e-05,3.5114e+08,NL-B+F-sh,5.7672e-17,4.9732e-17,2.7112e-04
1.8455e+07,5.9246e-04,2.2507e+09,LIN-UV,7.5821e+13,1.0206e+14,2.7722e+00
1.8455e+07,5.9246e-04,2.2507e+09,NL-A+F,7.9402e-15,1.0977e-14,2.7112e-04
1.8455e+07,5.9246e-04,2.2507e+09,NL-B+F,8.1463e-15,1.0977e-14,2.7112e-04
1.8455e+07,5.9246e-04,2.2507e+09,SHOT-Ch,4.8902e-42,1.1074e-42,2.4859e-03
1.8455e+07,5.9246e-04,2.2507e+09,NL-A+F-sh,8.0146e-17,9.1010e-17,2.7112e-04
1.8455e+07,5.9246e-04,2.2507e+09,NL-B+F-sh,5.9612e-17,5.2463e-17,2.7112e-04
1.8455e+07,3.7975e-03,1.4426e+10,LIN-UV,8.9399e+17,1.4055e+18,2.7722e+00
1.8455e+07,3.7975e-03,1.4426e+10,NL-A+F,8.0458e-15,1.1146e-14,2.7112e-04
1.8455e+07,3.7975e-03,1.4426e+10,NL-B+F,8.2523e-15,1.1146e-14,2.7112e-04
1.8455e+07,3.7975e-03,1.4426e+10,SHOT-Ch,4.8902e-42,1.1074e-42,2.4859e-03
1.8455e+07,3.7975e-03,1.4426e+10,NL-A+F-sh,8.1021e-17,9.2326e-17,2.7112e-04
1.8455e+07,3.7975e-03,1.4426e+10,NL-B+F-sh,6.0200e-17,5.3293e-17,2.7112e-04
1.8455e+07,2.4340e-02,9.2466e+10,LIN-UV,4.4197e+21,8.7050e+21,2.7722e+00
1.8455e+07,2.4340e-02,9.2466e+10,NL-A+F,8.0768e-15,1.1196e-14,2.7112e-04
1.8455e+07,2.4340e-02,9.2466e+10,NL-B+F,8.2835e-15,1.1196e-14,2.7112e-04
1.8455e+07,2.4340e-02,9.2466e+10,SHOT-Ch,4.8902e-42,1.1074e-42,2.4859e-03
1.8455e+07,2.4340e-02,9.2466e+10,NL-A+F-sh,8.1278e-17,9.2712e-17,2.7112e-04
1.8455e+07,2.4340e-02,9.2466e+10,NL-B+F-sh,6.0372e-17,5.3536e-17,2.7112e-04
1.8455e+07,1.5601e-01,5.9268e+11,LIN-UV,3.4187e+24,8.0890e+24,2.7722e+00
1.8455e+07,1.5601e-01,5.9268e+11,NL-A+F,8.0858e-15,1.1210e-14,2.7112e-04
1.8455e+07,1.5601e-01,5.9268e+11,NL-B+F,8.2925e-15,1.1210e-14,2.7112e-04
1.8455e+07,1.5601e-01,5.9268e+11,SHOT-Ch,4.8902e-42,1.1074e-42,2.4859e-03
1.8455e+07,1.5601e-01,5.9268e+11,NL-A+F-sh,8.1352e-17,9.2824e-17,2.7112e-04
1.8455e+07,1.5601e-01,5.9268e+11,NL-B+F-sh,6.0421e-17,5.3607e-17,2.7112e-04
1.8455e+07,1.0000e+00,3.7989e+12,LIN-UV,1.7223e+26,4.3970e+26,2.7722e+00
1.8455e+07,1.0000e+00,3.7989e+12,NL-A+F,8.0884e-15,1.1215e-14,2.7112e-04
1.8455e+07,1.0000e+00,3.7989e+12,NL-B+F,8.2951e-15,1.1215e-14,2.7112e-04
1.8455e+07,1.0000e+00,3.7989e+12,SHOT-Ch,4.8902e-42,1.1074e-42,2.4859e-03
1.8455e+07,1.0000e+00,3.7989e+12,NL-A+F-sh,8.1374e-17,9.2856e-17,2.7112e-04
1.8455e+07,1.0000e+00,3.7989e+12,NL-B+F-sh,6.0432e-17,5.3624e-17,2.7112e-04
4.6749e+07,3.1174e-13,3.0000e+00,LIN-UV,2.0782e-37,2.5211e-37,1.2353e+00
4.6749e+07,3.1174e-13,3.0000e+00,NL-A+F,1.8148e-37,1.9218e-37,1.2353e+00
4.6749e+07,3.1174e-13,3.0000e+00,NL-B+F,1.8147e-37,1.9215e-37,1.2353e+00
4.6749e+07,3.1174e-13,3.0000e+00,SHOT-Ch,1.7295e-47,3.7133e-48,4.4416e-05
4.6749e+07,3.1174e-13,3.0000e+00,NL-A+F-sh,1.8148e-37,1.9218e-37,1.2353e+00
4.6749e+07,3.1174e-13,3.0000e+00,NL-B+F-sh,1.8147e-37,1.9215e-37,1.2353e+00
4.6749e+07,2.1259e-12,2.0458e+01,LIN-UV,7.9081e-33,9.5995e-33,1.3451e+00
4.6749e+07,2.1259e-12,2.0458e+01,NL-A+F,1.2562e-33,6.4664e-34,4.3047e-01
4.6749e+07,2.1259e-12,2.0458e+01,NL-B+F,1.2562e-33,6.4664e-34,4.3047e-01
4.6749e+07,2.1259e-12,2.0458e+01,SHOT-Ch,1.7347e-47,3.7145e-48,6.9261e-05
4.6749e+07,2.1259e-12,2.0458e+01,NL-A+F-sh,1.2560e-33,6.4664e-34,4.3047e-01
4.6749e+07,2.1259e-12,2.0458e+01,NL-B+F-sh,1.2560e-33,6.4664e-34,4.3047e-01
4.6749e+07,1.4497e-11,1.3951e+02,LIN-UV,2.2890e-28,2.7786e-28,1.3583e+00
4.6749e+07,1.4497e-11,1.3951e+02,NL-A+F,2.1657e-30,1.1211e-30,6.5077e-02
4.6749e+07,1.4497e-11,1.3951e+02,NL-B+F,2.2262e-30,1.1211e-30,6.5077e-02
4.6749e+07,1.4497e-11,1.3951e+02,SHOT-Ch,1.8028e-47,3.8653e-48,6.9882e-05
4.6749e+07,1.4497e-11,1.3951e+02,NL-A+F-sh,2.1630e-30,1.1211e-30,6.5077e-02
4.6749e+07,1.4497e-11,1.3951e+02,NL-B+F-sh,2.2225e-30,1.1211e-30,6.5077e-02
4.6749e+07,9.8863e-11,9.5140e+02,LIN-UV,6.4201e-24,7.7935e-24,1.3595e+00
4.6749e+07,9.8863e-11,9.5140e+02,NL-A+F,3.3333e-27,1.6752e-27,9.7510e-03
4.6749e+07,9.8863e-11,9.5140e+02,NL-B+F,3.4272e-27,1.6752e-27,9.7510e-03
4.6749e+07,9.8863e-11,9.5140e+02,SHOT-Ch,1.8114e-47,3.8842e-48,6.9939e-05
4.6749e+07,9.8863e-11,9.5140e+02,NL-A+F-sh,3.3043e-27,1.6752e-27,9.7510e-03
4.6749e+07,9.8863e-11,9.5140e+02,NL-B+F-sh,3.3755e-27,1.6752e-27,9.7510e-03
4.6749e+07,6.7419e-10,6.4880e+03,LIN-UV,1.7959e-19,2.1801e-19,1.3596e+00
4.6749e+07,6.7419e-10,6.4880e+03,NL-A+F,4.9113e-24,2.6373e-24,2.1344e-03
4.6749e+07,6.7419e-10,6.4880e+03,NL-B+F,5.0157e-24,2.6373e-24,2.1344e-03
4.6749e+07,6.7419e-10,6.4880e+03,SHOT-Ch,1.8121e-47,3.8858e-48,6.9944e-05
4.6749e+07,6.7419e-10,6.4880e+03,NL-A+F-sh,4.6326e-24,2.6373e-24,2.1344e-03
4.6749e+07,6.7419e-10,6.4880e+03,NL-B+F-sh,4.4922e-24,2.6330e-24,2.1344e-03
4.6749e+07,4.5976e-09,4.4244e+04,LIN-UV,5.0222e-15,6.0970e-15,1.3596e+00
4.6749e+07,4.5976e-09,4.4244e+04,NL-A+F,5.5100e-21,3.1301e-21,4.6719e-04
4.6749e+07,4.5976e-09,4.4244e+04,NL-B+F,5.6057e-21,3.1301e-21,4.6719e-04
4.6749e+07,4.5976e-09,4.4244e+04,SHOT-Ch,1.8122e-47,3.8859e-48,6.9944e-05
4.6749e+07,4.5976e-09,4.4244e+04,NL-A+F-sh,4.0139e-21,2.7563e-21,4.6719e-04
4.6749e+07,4.5976e-09,4.4244e+04,NL-B+F-sh,3.3123e-21,2.0372e-21,4.6719e-04
4.6749e+07,3.1353e-08,3.0172e+05,LIN-UV,1.4041e-10,1.7049e-10,1.3596e+00
4.6749e+07,3.1353e-08,3.0172e+05,NL-A+F,1.1928e-18,9.3996e-19,1.4950e-04
4.6749e+07,3.1353e-08,3.0172e+05,NL-B+F,1.2178e-18,9.3996e-19,1.4950e-04
4.6749e+07,3.1353e-08,3.0172e+05,SHOT-Ch,1.8122e-47,3.8859e-48,6.9944e-05
4.6749e+07,3.1353e-08,3.0172e+05,NL-A+F-sh,5.8009e-19,4.0384e-19,1.4950e-04
4.6749e+07,3.1353e-08,3.0172e+05,NL-B+F-sh,4.2532e-19,2.2859e-19,1.4950e-04
4.6749e+07,2.1381e-07,2.0576e+06,LIN-UV,3.9218e-06,4.7652e-06,1.3596e+00
4.6749e+07,2.1381e-07,2.0576e+06,NL-A+F,1.9170e-17,2.1558e-17,1.0226e-04
4.6749e+07,2.1381e-07,2.0576e+06,NL-B+F,1.9458e-17,2.1558e-17,1.0226e-04
4.6749e+07,2.1381e-07,2.0576e+06,SHOT-Ch,1.8122e-47,3.8859e-48,6.9944e-05
4.6749e+07,2.1381e-07,2.0576e+06,NL-A+F-sh,7.1005e-18,6.6661e-18,1.0226e-04
4.6749e+07,2.1381e-07,2.0576e+06,NL-B+F-sh,4.7702e-18,3.7055e-18,1.0226e-04
4.6749e+07,1.4580e-06,1.4031e+07,LIN-UV,1.0919e-01,1.3298e-01,1.3596e+00
4.6749e+07,1.4580e-06,1.4031e+07,NL-A+F,6.6851e-17,8.4607e-17,1.0226e-04
4.6749e+07,1.4580e-06,1.4031e+07,NL-B+F,6.7510e-17,8.4607e-17,1.0226e-04
4.6749e+07,1.4580e-06,1.4031e+07,SHOT-Ch,1.8122e-47,3.8859e-48,6.9944e-05
4.6749e+07,1.4580e-06,1.4031e+07,NL-A+F-sh,2.1591e-17,2.6643e-17,1.0226e-04
4.6749e+07,1.4580e-06,1.4031e+07,NL-B+F-sh,1.4079e-17,1.5504e-17,1.0226e-04
4.6749e+07,9.9430e-06,9.5685e+07,LIN-UV,3.0059e+03,3.6896e+03,1.3596e+00
4.6749e+07,9.9430e-06,9.5685e+07,NL-A+F,1.0613e-16,1.4106e-16,1.0226e-04
4.6749e+07,9.9430e-06,9.5685e+07,NL-B+F,1.0692e-16,1.4106e-16,1.0226e-04
4.6749e+07,9.9430e-06,9.5685e+07,SHOT-Ch,1.8122e-47,3.8859e-48,6.9944e-05
4.6749e+07,9.9430e-06,9.5685e+07,NL-A+F-sh,3.2666e-17,4.3752e-17,1.0226e-04
4.6749e+07,9.9430e-06,9.5685e+07,NL-B+F-sh,2.1322e-17,2.6202e-17,1.0226e-04
4.6749e+07,6.7805e-05,6.5252e+08,LIN-UV,7.9745e+07,1.0029e+08,1.3596e+00
4.6749e+07,6.7805e-05,6.5252e+08,NL-A+F,1.2252e-16,1.6553e-16,1.0226e-04
4.6749e+07,6.7805e-05,6.5252e+08,NL-B+F,1.2333e-16,1.6553e-16,1.0226e-04
4.6749e+07,6.7805e-05,6.5252e+08,SHOT-Ch,1.8122e-47,3.8859e-48,6.9944e-05
4.6749e+07,6.7805e-05,6.5252e+08,NL-A+F-sh,3.7164e-17,5.0970e-17,1.0226e-04
4.6749e+07,6.7805e-05,6.5252e+08,NL-B+F-sh,2.4328e-17,3.0878e-17,1.0226e-04
4.6749e+07,4.6239e-04,4.4498e+09,LIN-UV,1.8852e+12,2.5345e+12,1.3596e+00
4.6749e+07,4.6239e-04,4.4498e+09,NL-A+F,1.2769e-16,1.7334e-16,1.0226e-04
4.6749e+07,4.6239e-04,4.4498e+09,NL-B+F,1.2850e-16,1.7334e-16,1.0226e-04
4.6749e+07,4.6239e-04,4.4498e+09,SHOT-Ch,1.8122e-47,3.8859e-48,6.9944e-05
4.6749e+07,4.6239e-04,4.4498e+09,NL-A+F-sh,3.8569e-17,5.3252e-17,1.0226e-04
4.6749e+07,4.6239e-04,4.4498e+09,NL-B+F-sh,2.5274e-17,3.2368e-17,1.0226e-04
4.6749e+07,3.1533e-03,3.0345e+10,LIN-UV,3.1975e+16,4.9767e+16,1.3596e+00
4.6749e+07,3.1533e-03,3.0345e+10,NL-A+F,1.2918e-16,1.7560e-16,1.0226e-04
4.6749e+07,3.1533e-03,3.0345e+10,NL-B+F,1.3000e-16,1.7560e-16,1.0226e-04
4.6749e+07,3.1533e-03,3.0345e+10,SHOT-Ch,1.8122e-47,3.8859e-48,6.9944e-05
4.6749e+07,3.1533e-03,3.0345e+10,NL-A+F-sh,3.8974e-17,5.3911e-17,1.0226e-04
4.6749e+07,3.1533e-03,3.0345e+10,NL-B+F-sh,2.5548e-17,3.2802e-17,1.0226e-04
4.6749e+07,2.1503e-02,2.0693e+11,LIN-UV,2.2701e+20,4.4045e+20,1.3596e+00
4.6749e+07,2.1503e-02,2.0693e+11,NL-A+F,1.2960e-16,1.7624e-16,1.0226e-04
4.6749e+07,2.1503e-02,2.0693e+11,NL-B+F,1.3042e-16,1.7624e-16,1.0226e-04
4.6749e+07,2.1503e-02,2.0693e+11,SHOT-Ch,1.8122e-47,3.8859e-48,6.9944e-05
4.6749e+07,2.1503e-02,2.0693e+11,NL-A+F-sh,3.9087e-17,5.4096e-17,1.0226e-04
4.6749e+07,2.1503e-02,2.0693e+11,NL-B+F-sh,2.5623e-17,3.2922e-17,1.0226e-04
4.6749e+07,1.4664e-01,1.4112e+12,LIN-UV,2.3348e+23,5.4288e+23,1.3596e+00
4.6749e+07,1.4664e-01,1.4112e+12,NL-A+F,1.2972e-16,1.7642e-16,1.0226e-04
4.6749e+07,1.4664e-01,1.4112e+12,NL-B+F,1.3053e-16,1.7642e-16,1.0226e-04
4.6749e+07,1.4664e-01,1.4112e+12,SHOT-Ch,1.8122e-47,3.8859e-48,6.9944e-05
4.6749e+07,1.4664e-01,1.4112e+12,NL-A+F-sh,3.9119e-17,5.4147e-17,1.0226e-04
4.6749e+07,1.4664e-01,1.4112e+12,NL-B+F-sh,2.5644e-17,3.2955e-17,1.0226e-04
4.6749e+07,1.0000e+00,9.6234e+12,LIN-UV,1.3130e+25,3.2818e+25,1.3596e+00
4.6749e+07,1.0000e+00,9.6234e+12,NL-A+F,1.2975e-16,1.7647e-16,1.0226e-04
4.6749e+07,1.0000e+00,9.6234e+12,NL-B+F,1.3056e-16,1.7647e-16,1.0226e-04
4.6749e+07,1.0000e+00,9.6234e+12,SHOT-Ch,1.8122e-47,3.8859e-48,6.9944e-05
4.6749e+07,1.0000e+00,9.6234e+12,NL-A+F-sh,3.9128e-17,5.4162e-17,1.0226e-04
4.6749e+07,1.0000e+00,9.6234e+12,NL-B+F-sh,2.5650e-17,3.2965e-17,1.0226e-04
1.1843e+08,1.2306e-13,3.0000e+00,LIN-UV,1.8327e-40,2.1924e-40,5.6844e-01
1.1843e+08,1.2306e-13,3.0000e+00,NL-A+F,1.6083e-40,1.7179e-40,5.6844e-01
1.1843e+08,1.2306e-13,3.0000e+00,NL-B+F,1.6082e-40,1.7179e-40,5.6844e-01
1.1843e+08,1.2306e-13,3.0000e+00,SHOT-Ch,1.3684e-52,2.9081e-53,1.4870e-06
1.1843e+08,1.2306e-13,3.0000e+00,NL-A+F-sh,1.6083e-40,1.7179e-40,5.6844e-01
1.1843e+08,1.2306e-13,3.0000e+00,NL-B+F-sh,1.6082e-40,1.7179e-40,5.6844e-01
1.1843e+08,8.9285e-13,2.1766e+01,LIN-UV,9.6946e-36,1.1547e-35,6.2041e-01
1.1843e+08,8.9285e-13,2.1766e+01,NL-A+F,1.4465e-36,7.4219e-37,1.9239e-01
1.1843e+08,8.9285e-13,2.1766e+01,NL-B+F,1.4466e-36,7.4219e-37,1.9239e-01
1.1843e+08,8.9285e-13,2.1766e+01,SHOT-Ch,1.3497e-52,2.8708e-53,1.5824e-06
1.1843e+08,8.9285e-13,2.1766e+01,NL-A+F-sh,1.4465e-36,7.4219e-37,1.9239e-01
1.1843e+08,8.9285e-13,2.1766e+01,NL-B+F-sh,1.4466e-36,7.4219e-37,1.9239e-01
1.1843e+08,6.4780e-12,1.5792e+02,LIN-UV,3.8914e-31,4.6342e-31,6.2629e-01
1.1843e+08,6.4780e-12,1.5792e+02,NL-A+F,3.1414e-33,1.6218e-33,2.7587e-02
1.1843e+08,6.4780e-12,1.5792e+02,NL-B+F,3.2386e-33,1.6218e-33,2.7587e-02
1.1843e+08,6.4780e-12,1.5792e+02,SHOT-Ch,1.3957e-52,2.9688e-53,1.5958e-06
1.1843e+08,6.4780e-12,1.5792e+02,NL-A+F-sh,3.1413e-33,1.6218e-33,2.7587e-02
1.1843e+08,6.4780e-12,1.5792e+02,NL-B+F-sh,3.2385e-33,1.6218e-33,2.7587e-02
1.1843e+08,4.7000e-11,1.1458e+03,LIN-UV,1.5181e-26,1.8079e-26,6.2675e-01
1.1843e+08,4.7000e-11,1.1458e+03,NL-A+F,6.1626e-30,3.0693e-30,3.9217e-03
1.1843e+08,4.7000e-11,1.1458e+03,NL-B+F,6.3410e-30,3.0693e-30,3.9217e-03
1.1843e+08,4.7000e-11,1.1458e+03,SHOT-Ch,1.4010e-52,2.9801e-53,1.5969e-06
1.1843e+08,4.7000e-11,1.1458e+03,NL-A+F-sh,6.1619e-30,3.0693e-30,3.9217e-03
1.1843e+08,4.7000e-11,1.1458e+03,NL-B+F-sh,6.3397e-30,3.0693e-30,3.9217e-03
1.1843e+08,3.4100e-10,8.3130e+03,LIN-UV,5.9095e-22,7.0375e-22,6.2678e-01
1.1843e+08,3.4100e-10,8.3130e+03,NL-A+F,1.1617e-26,6.1917e-27,8.2311e-04
1.1843e+08,3.4100e-10,8.3130e+03,NL-B+F,1.1885e-26,6.1917e-27,8.2311e-04
1.1843e+08,3.4100e-10,8.3130e+03,SHOT-Ch,1.4015e-52,2.9811e-53,1.5970e-06
1.1843e+08,3.4100e-10,8.3130e+03,NL-A+F-sh,1.1611e-26,6.1917e-27,8.2311e-04
1.1843e+08,3.4100e-10,8.3130e+03,NL-B+F-sh,1.1871e-26,6.1917e-27,8.2311e-04
1.1843e+08,2.4741e-09,6.0313e+04,LIN-UV,2.2999e-17,2.7390e-17,6.2679e-01
1.1843e+08,2.4741e-09,6.0313e+04,NL-A+F,1.7134e-23,9.5969e-24,1.1693e-04
1.1843e+08,2.4741e-09,6.0313e+04,NL-B+F,1.7460e-23,9.5969e-24,1.1693e-04
1.1843e+08,2.4741e-09,6.0313e+04,SHOT-Ch,1.4015e-52,2.9811e-53,1.5970e-06
1.1843e+08,2.4741e-09,6.0313e+04,NL-A+F-sh,1.7123e-23,9.5969e-24,1.1693e-04
1.1843e+08,2.4741e-09,6.0313e+04,NL-B+F-sh,1.7425e-23,9.5969e-24,1.1693e-04
1.1843e+08,1.7950e-08,4.3760e+05,LIN-UV,8.9490e-13,1.0659e-12,6.2679e-01
1.1843e+08,1.7950e-08,4.3760e+05,NL-A+F,4.8781e-21,3.5560e-21,5.3567e-05
1.1843e+08,1.7950e-08,4.3760e+05,NL-B+F,4.9788e-21,3.5560e-21,5.3567e-05
1.1843e+08,1.7950e-08,4.3760e+05,SHOT-Ch,1.4015e-52,2.9811e-53,1.5970e-06
1.1843e+08,1.7950e-08,4.3760e+05,NL-A+F-sh,4.8774e-21,3.5560e-21,5.3567e-05
1.1843e+08,1.7950e-08,4.3760e+05,NL-B+F-sh,4.9733e-21,3.5560e-21,5.3567e-05
1.1843e+08,1.3024e-07,3.1749e+06,LIN-UV,3.4797e-08,4.1466e-08,6.2679e-01
1.1843e+08,1.3024e-07,3.1749e+06,NL-A+F,8.7074e-20,9.1224e-20,3.6256e-05
1.1843e+08,1.3024e-07,3.1749e+06,NL-B+F,8.8422e-20,9.1224e-20,3.6256e-05
1.1843e+08,1.3024e-07,3.1749e+06,SHOT-Ch,1.4015e-52,2.9811e-53,1.5970e-06
1.1843e+08,1.3024e-07,3.1749e+06,NL-A+F-sh,8.7070e-20,9.1224e-20,3.6256e-05
1.1843e+08,1.3024e-07,3.1749e+06,NL-B+F-sh,8.8357e-20,9.1224e-20,3.6256e-05
1.1843e+08,9.4491e-07,2.3035e+07,LIN-UV,1.3496e-03,1.6111e-03,6.2679e-01
1.1843e+08,9.4491e-07,2.3035e+07,NL-A+F,3.0386e-19,3.3888e-19,3.6256e-05
1.1843e+08,9.4491e-07,2.3035e+07,NL-B+F,3.0671e-19,3.3888e-19,3.6256e-05
1.1843e+08,9.4491e-07,2.3035e+07,SHOT-Ch,1.4015e-52,2.9811e-53,1.5970e-06
1.1843e+08,9.4491e-07,2.3035e+07,NL-A+F-sh,3.0384e-19,3.3888e-19,3.6256e-05
1.1843e+08,9.4491e-07,2.3035e+07,NL-B+F-sh,3.0655e-19,3.3888e-19,3.6256e-05
1.1843e+08,6.8556e-06,1.6713e+08,LIN-UV,5.1865e+01,6.2297e+01,6.2679e-01
1.1843e+08,6.8556e-06,1.6713e+08,NL-A+F,4.7309e-19,5.4823e-19,3.6256e-05
1.1843e+08,6.8556e-06,1.6713e+08,NL-B+F,4.7649e-19,5.4823e-19,3.6256e-05
1.1843e+08,6.8556e-06,1.6713e+08,SHOT-Ch,1.4015e-52,2.9811e-53,1.5970e-06
1.1843e+08,6.8556e-06,1.6713e+08,NL-A+F-sh,4.7307e-19,5.4823e-19,3.6256e-05
1.1843e+08,6.8556e-06,1.6713e+08,NL-B+F-sh,4.7627e-19,5.4823e-19,3.6256e-05
1.1843e+08,4.9740e-05,1.2126e+09,LIN-UV,1.9307e+06,2.3662e+06,6.2679e-01
1.1843e+08,4.9740e-05,1.2126e+09,NL-A+F,5.3942e-19,6.3379e-19,3.6256e-05
1.1843e+08,4.9740e-05,1.2126e+09,NL-B+F,5.4323e-19,6.3379e-19,3.6256e-05
1.1843e+08,4.9740e-05,1.2126e+09,SHOT-Ch,1.4015e-52,2.9811e-53,1.5970e-06
1.1843e+08,4.9740e-05,1.2126e+09,NL-A+F-sh,5.3940e-19,6.3379e-19,3.6256e-05
1.1843e+08,4.9740e-05,1.2126e+09,NL-B+F-sh,5.4299e-19,6.3379e-19,3.6256e-05
1.1843e+08,3.6088e-04,8.7976e+09,LIN-UV,6.4770e+10,8.4115e+10,6.2679e-01
1.1843e+08,3.6088e-04,8.7976e+09,NL-A+F,5.5926e-19,6.5973e-19,3.6256e-05
1.1843e+08,3.6088e-04,8.7976e+09,NL-B+F,5.6310e-19,6.5973e-19,3.6256e-05
1.1843e+08,3.6088e-04,8.7976e+09,SHOT-Ch,1.4015e-52,2.9811e-53,1.5970e-06
1.1843e+08,3.6088e-04,8.7976e+09,NL-A+F-sh,5.5924e-19,6.5973e-19,3.6256e-05
1.1843e+08,3.6088e-04,8.7976e+09,NL-B+F-sh,5.6284e-19,6.5973e-19,3.6256e-05
1.1843e+08,2.6183e-03,6.3830e+10,LIN-UV,1.5890e+15,2.3533e+15,6.2679e-01
1.1843e+08,2.6183e-03,6.3830e+10,NL-A+F,5.6473e-19,6.6690e-19,3.6256e-05
1.1843e+08,2.6183e-03,6.3830e+10,NL-B+F,5.6857e-19,6.6690e-19,3.6256e-05
1.1843e+08,2.6183e-03,6.3830e+10,SHOT-Ch,1.4015e-52,2.9811e-53,1.5970e-06
1.1843e+08,2.6183e-03,6.3830e+10,NL-A+F-sh,5.6470e-19,6.6690e-19,3.6256e-05
1.1843e+08,2.6183e-03,6.3830e+10,NL-B+F-sh,5.6831e-19,6.6690e-19,3.6256e-05
1.1843e+08,1.8997e-02,4.6311e+11,LIN-UV,1.6626e+19,2.9819e+19,6.2679e-01
1.1843e+08,1.8997e-02,4.6311e+11,NL-A+F,5.6620e-19,6.6883e-19,3.6256e-05
1.1843e+08,1.8997e-02,4.6311e+11,NL-B+F,5.7004e-19,6.6883e-19,3.6256e-05
1.1843e+08,1.8997e-02,4.6311e+11,SHOT-Ch,1.4015e-52,2.9811e-53,1.5970e-06
1.1843e+08,1.8997e-02,4.6311e+11,NL-A+F-sh,5.6617e-19,6.6883e-19,3.6256e-05
1.1843e+08,1.8997e-02,4.6311e+11,NL-B+F-sh,5.6978e-19,6.6883e-19,3.6256e-05
1.1843e+08,1.3783e-01,3.3600e+12,LIN-UV,2.5119e+22,4.8972e+22,6.2679e-01
1.1843e+08,1.3783e-01,3.3600e+12,NL-A+F,5.6659e-19,6.6935e-19,3.6256e-05
1.1843e+08,1.3783e-01,3.3600e+12,NL-B+F,5.7043e-19,6.6935e-19,3.6256e-05
1.1843e+08,1.3783e-01,3.3600e+12,SHOT-Ch,1.4015e-52,2.9811e-53,1.5970e-06
1.1843e+08,1.3783e-01,3.3600e+12,NL-A+F-sh,5.6657e-19,6.6935e-19,3.6256e-05
1.1843e+08,1.3783e-01,3.3600e+12,NL-B+F-sh,5.7018e-19,6.6935e-19,3.6256e-05
1.1843e+08,1.0000e+00,2.4378e+13,LIN-UV,2.0289e+24,3.2915e+24,6.2679e-01
1.1843e+08,1.0000e+00,2.4378e+13,NL-A+F,5.6669e-19,6.6949e-19,3.6256e-05
1.1843e+08,1.0000e+00,2.4378e+13,NL-B+F,5.7054e-19,6.6949e-19,3.6256e-05
1.1843e+08,1.0000e+00,2.4378e+13,SHOT-Ch,1.4015e-52,2.9811e-53,1.5970e-06
1.1843e+08,1.0000e+00,2.4378e+13,NL-A+F-sh,5.6667e-19,6.6949e-19,3.6256e-05
1.1843e+08,1.0000e+00,2.4378e+13,NL-B+F-sh,5.7028e-19,6.6949e-19,3.6256e-05
3.0000e+08,4.8579e-14,3.0000e+00,LIN-UV,1.7351e-43,1.9482e-43,2.5978e-01
3.0000e+08,4.8579e-14,3.0000e+00,NL-A+F,1.5072e-43,1.5663e-43,2.5978e-01
3.0000e+08,4.8579e-14,3.0000e+00,NL-B+F,1.5072e-43,1.5663e-43,2.5978e-01
3.0000e+08,4.8579e-14,3.0000e+00,SHOT-Ch,1.1715e-57,2.4714e-58,4.3589e-08
3.0000e+08,4.8579e-14,3.0000e+00,NL-A+F-sh,1.5072e-43,1.5663e-43,2.5978e-01
3.0000e+08,4.8579e-14,3.0000e+00,NL-B+F-sh,1.5072e-43,1.5663e-43,2.5978e-01
3.0000e+08,3.7499e-13,2.3157e+01,LIN-UV,1.2755e-38,1.4252e-38,2.8395e-01
3.0000e+08,3.7499e-13,2.3157e+01,NL-A+F,1.7298e-39,8.8422e-40,8.5324e-02
3.0000e+08,3.7499e-13,2.3157e+01,NL-B+F,1.7298e-39,8.8422e-40,8.5324e-02
3.0000e+08,3.7499e-13,2.3157e+01,SHOT-Ch,1.1475e-57,2.4256e-58,4.6235e-08
3.0000e+08,3.7499e-13,2.3157e+01,NL-A+F-sh,1.7298e-39,8.8422e-40,8.5324e-02
3.0000e+08,3.7499e-13,2.3157e+01,NL-B+F-sh,1.7298e-39,8.8422e-40,8.5324e-02
3.0000e+08,2.8946e-12,1.7876e+02,LIN-UV,7.1057e-34,7.9381e-34,2.8649e-01
3.0000e+08,2.8946e-12,1.7876e+02,NL-A+F,4.7343e-36,2.4374e-36,1.1602e-02
3.0000e+08,2.8946e-12,1.7876e+02,NL-B+F,4.8956e-36,2.4374e-36,1.1602e-02
3.0000e+08,2.8946e-12,1.7876e+02,SHOT-Ch,1.1832e-57,2.5015e-58,4.6598e-08
3.0000e+08,2.8946e-12,1.7876e+02,NL-A+F-sh,4.7343e-36,2.4374e-36,1.1602e-02
3.0000e+08,2.8946e-12,1.7876e+02,NL-B+F-sh,4.8956e-36,2.4374e-36,1.1602e-02
3.0000e+08,2.2344e-11,1.3798e+03,LIN-UV,3.8563e-29,4.3079e-29,2.8668e-01
3.0000e+08,2.2344e-11,1.3798e+03,NL-A+F,1.1837e-32,5.8449e-33,1.5649e-03
3.0000e+08,2.2344e-11,1.3798e+03,NL-B+F,1.2190e-32,5.8449e-33,1.5649e-03
3.0000e+08,2.2344e-11,1.3798e+03,SHOT-Ch,1.1870e-57,2.5095e-58,4.6627e-08
3.0000e+08,2.2344e-11,1.3798e+03,NL-A+F-sh,1.1837e-32,5.8449e-33,1.5649e-03
3.0000e+08,2.2344e-11,1.3798e+03,NL-B+F-sh,1.2190e-32,5.8449e-33,1.5649e-03
3.0000e+08,1.7248e-10,1.0651e+04,LIN-UV,2.0889e-24,2.3336e-24,2.8669e-01
3.0000e+08,1.7248e-10,1.0651e+04,NL-A+F,2.8523e-29,1.5106e-29,3.1493e-04
3.0000e+08,1.7248e-10,1.0651e+04,NL-B+F,2.9237e-29,1.5106e-29,3.1493e-04
3.0000e+08,1.7248e-10,1.0651e+04,SHOT-Ch,1.1872e-57,2.5101e-58,4.6629e-08
3.0000e+08,1.7248e-10,1.0651e+04,NL-A+F-sh,2.8523e-29,1.5106e-29,3.1493e-04
3.0000e+08,1.7248e-10,1.0651e+04,NL-B+F-sh,2.9237e-29,1.5106e-29,3.1493e-04
3.0000e+08,1.3314e-09,8.2219e+04,LIN-UV,1.1314e-19,1.2640e-19,2.8669e-01
3.0000e+08,1.3314e-09,8.2219e+04,NL-A+F,5.4927e-26,3.0631e-26,4.2448e-05
3.0000e+08,1.3314e-09,8.2219e+04,NL-B+F,5.5987e-26,3.0631e-26,4.2448e-05
3.0000e+08,1.3314e-09,8.2219e+04,SHOT-Ch,1.1872e-57,2.5101e-58,4.6629e-08
3.0000e+08,1.3314e-09,8.2219e+04,NL-A+F-sh,5.4927e-26,3.0631e-26,4.2448e-05
3.0000e+08,1.3314e-09,8.2219e+04,NL-B+F-sh,5.5987e-26,3.0631e-26,4.2448e-05
3.0000e+08,1.0277e-08,6.3466e+05,LIN-UV,6.1270e-15,6.8454e-15,2.8669e-01
3.0000e+08,1.0277e-08,6.3466e+05,NL-A+F,2.0257e-23,1.5028e-23,1.2754e-05
3.0000e+08,1.0277e-08,6.3466e+05,NL-B+F,2.0724e-23,1.5028e-23,1.2754e-05
3.0000e+08,1.0277e-08,6.3466e+05,SHOT-Ch,1.1872e-57,2.5101e-58,4.6629e-08
3.0000e+08,1.0277e-08,6.3466e+05,NL-A+F-sh,2.0257e-23,1.5028e-23,1.2754e-05
3.0000e+08,1.0277e-08,6.3466e+05,NL-B+F-sh,2.0724e-23,1.5028e-23,1.2754e-05
3.0000e+08,7.9330e-08,4.8991e+06,LIN-UV,3.3163e-10,3.7064e-10,2.8669e-01
3.0000e+08,7.9330e-08,4.8991e+06,NL-A+F,3.9372e-22,3.7135e-22,1.2754e-05
3.0000e+08,7.9330e-08,4.8991e+06,NL-B+F,4.0036e-22,3.7135e-22,1.2754e-05
3.0000e+08,7.9330e-08,4.8991e+06,SHOT-Ch,1.1872e-57,2.5101e-58,4.6629e-08
3.0000e+08,7.9330e-08,4.8991e+06,NL-A+F-sh,3.9372e-22,3.7135e-22,1.2754e-05
3.0000e+08,7.9330e-08,4.8991e+06,NL-B+F-sh,4.0036e-22,3.7135e-22,1.2754e-05
3.0000e+08,6.1236e-07,3.7817e+07,LIN-UV,1.7915e-05,2.0048e-05,2.8669e-01
3.0000e+08,6.1236e-07,3.7817e+07,NL-A+F,1.3658e-21,1.4330e-21,8.5423e-06
3.0000e+08,6.1236e-07,3.7817e+07,NL-B+F,1.3802e-21,1.4330e-21,8.5423e-06
3.0000e+08,6.1236e-07,3.7817e+07,SHOT-Ch,1.1872e-57,2.5101e-58,4.6629e-08
3.0000e+08,6.1236e-07,3.7817e+07,NL-A+F-sh,1.3658e-21,1.4330e-21,8.5423e-06
3.0000e+08,6.1236e-07,3.7817e+07,NL-B+F-sh,1.3802e-21,1.4330e-21,8.5423e-06
3.0000e+08,4.7269e-06,2.9191e+08,LIN-UV,9.6074e-01,1.0801e+00,2.8669e-01
3.0000e+08,4.7269e-06,2.9191e+08,NL-A+F,2.0828e-21,2.2596e-21,8.5423e-06
3.0000e+08,4.7269e-06,2.9191e+08,NL-B+F,2.0998e-21,2.2596e-21,8.5423e-06
3.0000e+08,4.7269e-06,2.9191e+08,SHOT-Ch,1.1872e-57,2.5101e-58,4.6629e-08
3.0000e+08,4.7269e-06,2.9191e+08,NL-A+F-sh,2.0828e-21,2.2596e-21,8.5423e-06
3.0000e+08,4.7269e-06,2.9191e+08,NL-B+F-sh,2.0998e-21,2.2596e-21,8.5423e-06
3.0000e+08,3.6488e-05,2.2533e+09,LIN-UV,5.0163e+04,5.7296e+04,2.8669e-01
3.0000e+08,3.6488e-05,2.2533e+09,NL-A+F,2.3468e-21,2.5607e-21,8.5423e-06
3.0000e+08,3.6488e-05,2.2533e+09,NL-B+F,2.3642e-21,2.5607e-21,8.5423e-06
3.0000e+08,3.6488e-05,2.2533e+09,SHOT-Ch,1.1872e-57,2.5101e-58,4.6629e-08
3.0000e+08,3.6488e-05,2.2533e+09,NL-A+F-sh,2.3468e-21,2.5607e-21,8.5423e-06
3.0000e+08,3.6488e-05,2.2533e+09,NL-B+F-sh,2.3642e-21,2.5607e-21,8.5423e-06
3.0000e+08,2.8166e-04,1.7394e+10,LIN-UV,2.3902e+09,2.8626e+09,2.8669e-01
3.0000e+08,2.8166e-04,1.7394e+10,NL-A+F,2.4218e-21,2.6457e-21,8.5423e-06
3.0000e+08,2.8166e-04,1.7394e+10,NL-B+F,2.4393e-21,2.6457e-21,8.5423e-06
3.0000e+08,2.8166e-04,1.7394e+10,SHOT-Ch,1.1872e-57,2.5101e-58,4.6629e-08
3.0000e+08,2.8166e-04,1.7394e+10,NL-A+F-sh,2.4218e-21,2.6457e-21,8.5423e-06
3.0000e+08,2.8166e-04,1.7394e+10,NL-B+F-sh,2.4393e-21,2.6457e-21,8.5423e-06
3.0000e+08,2.1742e-03,1.3426e+11,LIN-UV,8.5446e+13,1.1404e+14,2.8669e-01
3.0000e+08,2.1742e-03,1.3426e+11,NL-A+F,2.4415e-21,2.6680e-21,8.5423e-06
3.0000e+08,2.1742e-03,1.3426e+11,NL-B+F,2.4590e-21,2.6680e-21,8.5423e-06
3.0000e+08,2.1742e-03,1.3426e+11,SHOT-Ch,1.1872e-57,2.5101e-58,4.6629e-08
3.0000e+08,2.1742e-03,1.3426e+11,NL-A+F-sh,2.4415e-21,2.6680e-21,8.5423e-06
3.0000e+08,2.1742e-03,1.3426e+11,NL-B+F-sh,2.4590e-21,2.6680e-21,8.5423e-06
3.0000e+08,1.6783e-02,1.0364e+12,LIN-UV,1.3611e+18,2.0734e+18,2.8669e-01
3.0000e+08,1.6783e-02,1.0364e+12,NL-A+F,2.4466e-21,2.6737e-21,8.5423e-06
3.0000e+08,1.6783e-02,1.0364e+12,NL-B+F,2.4641e-21,2.6737e-21,8.5423e-06
3.0000e+08,1.6783e-02,1.0364e+12,SHOT-Ch,1.1872e-57,2.5101e-58,4.6629e-08
3.0000e+08,1.6783e-02,1.0364e+12,NL-A+F-sh,2.4466e-21,2.6737e-21,8.5423e-06
3.0000e+08,1.6783e-02,1.0364e+12,NL-B+F-sh,2.4641e-21,2.6737e-21,8.5423e-06
3.0000e+08,1.2955e-01,8.0002e+12,LIN-UV,3.3408e+21,4.5597e+21,2.8669e-01
3.0000e+08,1.2955e-01,8.0002e+12,NL-A+F,2.4479e-21,2.6752e-21,8.5423e-06
3.0000e+08,1.2955e-01,8.0002e+12,NL-B+F,2.4654e-21,2.6752e-21,8.5423e-06
3.0000e+08,1.2955e-01,8.0002e+12,SHOT-Ch,1.1872e-57,2.5101e-58,4.6629e-08
3.0000e+08,1.2955e-01,8.0002e+12,NL-A+F-sh,2.4479e-21,2.6752e-21,8.5423e-06
3.0000e+08,1.2955e-01,8.0002e+12,NL-B+F-sh,2.4654e-21,2.6752e-21,8.5423e-06
3.0000e+08,1.0000e+00,6.1755e+13,LIN-UV,4.2875e+23,7.1454e+23,4.2804e-01
3.0000e+08,1.0000e+00,6.1755e+13,NL-A+F,2.4482e-21,2.6756e-21,8.5423e-06
3.0000e+08,1.0000e+00,6.1755e+13,NL-B+F,2.4658e-21,2.6756e-21,8.5423e-06
3.0000e+08,1.0000e+00,6.1755e+13,SHOT-Ch,1.1872e-57,2.5101e-58,4.6629e-08
3.0000e+08,1.0000e+00,6.1755e+13,NL-A+F-sh,2.4482e-21,2.6756e-21,8.5423e-06
3.0000e+08,1.0000e+00,6.1755e+13,NL-B+F-sh,2.4658e-21,2.6756e-21,8.5423e-06
