M_g,beta,beta_over_bc,beta_2012_08151,channel,xi,int_h2_damped,peak_h2_damped,f_peak
1.0e+00,1.4574e-05,3.000e+00,7.494e-04,LIN-UV,1.0,2.5546e-16,3.6446e-16,2.8215e+06
1.0e+00,1.4574e-05,3.000e+00,7.494e-04,LIN-NL,1.0,9.9790e-17,1.5039e-16,1.8689e+06
1.0e+00,1.4574e-05,3.000e+00,7.494e-04,NL-A,1.0,2.1527e-16,2.7396e-16,2.8215e+06
1.0e+00,1.4574e-05,3.000e+00,7.494e-04,NL-B,1.0,2.1527e-16,2.7396e-16,2.8215e+06
1.0e+00,1.4574e-05,3.000e+00,7.494e-04,NL-A+F,1.0,1.3908e-16,1.6628e-16,2.8215e+06
1.0e+00,1.4574e-05,3.000e+00,7.494e-04,NL-B+F,1.0,1.3908e-16,1.6627e-16,2.8215e+06
1.0e+00,1.4574e-05,3.000e+00,7.494e-04,NL-A,1.8,2.0320e-16,2.4908e-16,2.8215e+06
1.0e+00,1.4574e-05,3.000e+00,7.494e-04,NL-B,1.8,2.0320e-16,2.4907e-16,2.8215e+06
1.0e+00,1.4574e-05,3.000e+00,7.494e-04,NL-A+F,1.8,1.7032e-16,2.0118e-16,2.8215e+06
1.0e+00,1.4574e-05,3.000e+00,7.494e-04,NL-B+F,1.8,1.7032e-16,2.0117e-16,2.8215e+06
1.0e+00,1.8498e-05,3.808e+00,7.494e-04,LIN-UV,1.0,9.5239e-16,1.3575e-15,2.8794e+06
1.0e+00,1.8498e-05,3.808e+00,7.494e-04,LIN-NL,1.0,2.1448e-16,3.3562e-16,1.5009e+06
1.0e+00,1.8498e-05,3.808e+00,7.494e-04,NL-A,1.0,7.5623e-16,9.0981e-16,2.8794e+06
1.0e+00,1.8498e-05,3.808e+00,7.494e-04,NL-B,1.0,7.5623e-16,9.0979e-16,2.8794e+06
1.0e+00,1.8498e-05,3.808e+00,7.494e-04,NL-A+F,1.0,4.9621e-16,5.4641e-16,2.4693e+06
1.0e+00,1.8498e-05,3.808e+00,7.494e-04,NL-B+F,1.0,4.9620e-16,5.4641e-16,2.4693e+06
1.0e+00,1.8498e-05,3.808e+00,7.494e-04,NL-A,1.8,6.9686e-16,8.0536e-16,2.4693e+06
1.0e+00,1.8498e-05,3.808e+00,7.494e-04,NL-B,1.8,6.9686e-16,8.0536e-16,2.4693e+06
1.0e+00,1.8498e-05,3.808e+00,7.494e-04,NL-A+F,1.8,5.9034e-16,6.5096e-16,2.4693e+06
1.0e+00,1.8498e-05,3.808e+00,7.494e-04,NL-B+F,1.8,5.9034e-16,6.5096e-16,2.4693e+06
1.0e+00,2.3478e-05,4.833e+00,7.494e-04,LIN-UV,1.0,3.5023e-15,4.9907e-15,2.9278e+06
1.0e+00,2.3478e-05,4.833e+00,7.494e-04,LIN-NL,1.0,4.4481e-16,7.2154e-16,1.2329e+06
1.0e+00,2.3478e-05,4.833e+00,7.494e-04,NL-A,1.0,2.4018e-15,2.7079e-15,2.5105e+06
1.0e+00,2.3478e-05,4.833e+00,7.494e-04,NL-B,1.0,2.4018e-15,2.7079e-15,2.5105e+06
1.0e+00,2.3478e-05,4.833e+00,7.494e-04,NL-A+F,1.0,1.5284e-15,1.5382e-15,2.5105e+06
1.0e+00,2.3478e-05,4.833e+00,7.494e-04,NL-B+F,1.0,1.5284e-15,1.5382e-15,2.5105e+06
1.0e+00,2.3478e-05,4.833e+00,7.494e-04,NL-A,1.8,2.1324e-15,2.2986e-15,2.5105e+06
1.0e+00,2.3478e-05,4.833e+00,7.494e-04,NL-B,1.8,2.1324e-15,2.2986e-15,2.5105e+06
1.0e+00,2.3478e-05,4.833e+00,7.494e-04,NL-A+F,1.8,1.7751e-15,1.7953e-15,2.5105e+06
1.0e+00,2.3478e-05,4.833e+00,7.494e-04,NL-B+F,1.8,1.7751e-15,1.7953e-15,2.5105e+06
1.0e+00,2.9800e-05,6.134e+00,7.494e-04,LIN-UV,1.0,1.2739e-14,1.8156e-14,2.9675e+06
1.0e+00,2.9800e-05,6.134e+00,7.494e-04,LIN-NL,1.0,8.9027e-16,1.4931e-15,1.0094e+06
1.0e+00,2.9800e-05,6.134e+00,7.494e-04,NL-A,1.0,6.9778e-15,7.1048e-15,2.5442e+06
1.0e+00,2.9800e-05,6.134e+00,7.494e-04,NL-B,1.0,6.9778e-15,7.1048e-15,2.5442e+06
1.0e+00,2.9800e-05,6.134e+00,7.494e-04,NL-A+F,1.0,4.1555e-15,3.7424e-15,2.1813e+06
1.0e+00,2.9800e-05,6.134e+00,7.494e-04,NL-B+F,1.0,4.1555e-15,3.7424e-15,2.1813e+06
1.0e+00,2.9800e-05,6.134e+00,7.494e-04,NL-A,1.8,5.8957e-15,5.6434e-15,2.1813e+06
1.0e+00,2.9800e-05,6.134e+00,7.494e-04,NL-B,1.8,5.8959e-15,5.6434e-15,2.1813e+06
1.0e+00,2.9800e-05,6.134e+00,7.494e-04,NL-A+F,1.8,4.7650e-15,4.3355e-15,2.1813e+06
1.0e+00,2.9800e-05,6.134e+00,7.494e-04,NL-B+F,1.8,4.7651e-15,4.3355e-15,2.1813e+06
1.0e+00,3.7824e-05,7.786e+00,7.494e-04,LIN-UV,1.0,4.5939e-14,6.5522e-14,2.9994e+06
1.0e+00,3.7824e-05,7.786e+00,7.494e-04,LIN-NL,1.0,1.7163e-15,2.9706e-15,8.4628e+05
1.0e+00,3.7824e-05,7.786e+00,7.494e-04,NL-A,1.0,1.8840e-14,1.6855e-14,2.2045e+06
1.0e+00,3.7824e-05,7.786e+00,7.494e-04,NL-B,1.0,1.8840e-14,1.6855e-14,2.2045e+06
1.0e+00,3.7824e-05,7.786e+00,7.494e-04,NL-A+F,1.0,1.0248e-14,8.6364e-15,1.8899e+06
1.0e+00,3.7824e-05,7.786e+00,7.494e-04,NL-B+F,1.0,1.0248e-14,8.6364e-15,1.8899e+06
1.0e+00,3.7824e-05,7.786e+00,7.494e-04,NL-A,1.8,1.4960e-14,1.3234e-14,1.8899e+06
1.0e+00,3.7824e-05,7.786e+00,7.494e-04,NL-B,1.8,1.4960e-14,1.3234e-14,1.8899e+06
1.0e+00,3.7824e-05,7.786e+00,7.494e-04,NL-A+F,1.8,1.1673e-14,9.9536e-15,1.8899e+06
1.0e+00,3.7824e-05,7.786e+00,7.494e-04,NL-B+F,1.8,1.1673e-14,9.9536e-15,1.8899e+06
1.0e+00,4.8008e-05,9.882e+00,7.494e-04,LIN-UV,1.0,1.6459e-13,2.3503e-13,3.0248e+06
1.0e+00,4.8008e-05,9.882e+00,7.494e-04,LIN-NL,1.0,3.1862e-15,5.7052e-15,6.8934e+05
1.0e+00,4.8008e-05,9.882e+00,7.494e-04,NL-A,1.0,4.8279e-14,3.8595e-14,1.9055e+06
1.0e+00,4.8008e-05,9.882e+00,7.494e-04,NL-B,1.0,4.8278e-14,3.8595e-14,1.9055e+06
1.0e+00,4.8008e-05,9.882e+00,7.494e-04,NL-A+F,1.0,2.3591e-14,1.9102e-14,1.4003e+06
1.0e+00,4.8008e-05,9.882e+00,7.494e-04,NL-B+F,1.0,2.3591e-14,1.9102e-14,1.4003e+06
1.0e+00,4.8008e-05,9.882e+00,7.494e-04,NL-A,1.8,3.5475e-14,2.9784e-14,1.6335e+06
1.0e+00,4.8008e-05,9.882e+00,7.494e-04,NL-B,1.8,3.5475e-14,2.9784e-14,1.6335e+06
1.0e+00,4.8008e-05,9.882e+00,7.494e-04,NL-A+F,1.8,2.6679e-14,2.2101e-14,1.4003e+06
1.0e+00,4.8008e-05,9.882e+00,7.494e-04,NL-B+F,1.8,2.6679e-14,2.2101e-14,1.4003e+06
1.0e+00,6.0934e-05,1.254e+01,7.494e-04,LIN-UV,1.0,5.8672e-13,8.3929e-13,3.0445e+06
1.0e+00,6.0934e-05,1.254e+01,7.494e-04,LIN-NL,1.0,5.6896e-15,1.0515e-14,5.6047e+05
1.0e+00,6.0934e-05,1.254e+01,7.494e-04,NL-A,1.0,1.1918e-13,8.5501e-14,1.6440e+06
1.0e+00,6.0934e-05,1.254e+01,7.494e-04,NL-B,1.0,1.1918e-13,8.5501e-14,1.6440e+06
1.0e+00,6.0934e-05,1.254e+01,7.494e-04,NL-A+F,1.0,5.1714e-14,4.1102e-14,1.2080e+06
1.0e+00,6.0934e-05,1.254e+01,7.494e-04,NL-B+F,1.0,5.1713e-14,4.1102e-14,1.2080e+06
1.0e+00,6.0934e-05,1.254e+01,7.494e-04,NL-A,1.8,7.9556e-14,6.4496e-14,1.4092e+06
1.0e+00,6.0934e-05,1.254e+01,7.494e-04,NL-B,1.8,7.9558e-14,6.4496e-14,1.4092e+06
1.0e+00,6.0934e-05,1.254e+01,7.494e-04,NL-A+F,1.8,5.7711e-14,4.7393e-14,1.2080e+06
1.0e+00,6.0934e-05,1.254e+01,7.494e-04,NL-B+F,1.8,5.7711e-14,4.7393e-14,1.2080e+06
1.0e+00,7.7341e-05,1.592e+01,7.494e-04,LIN-UV,1.0,2.0834e-12,2.9870e-12,3.0598e+06
1.0e+00,7.7341e-05,1.592e+01,7.494e-04,LIN-NL,1.0,9.7810e-15,1.8691e-14,4.6731e+05
1.0e+00,7.7341e-05,1.592e+01,7.494e-04,NL-A,1.0,2.8416e-13,1.8338e-13,1.4161e+06
1.0e+00,7.7341e-05,1.592e+01,7.494e-04,NL-B,1.0,2.8416e-13,1.8338e-13,1.4161e+06
1.0e+00,7.7341e-05,1.592e+01,7.494e-04,NL-A+F,1.0,1.0879e-13,8.4810e-14,1.0406e+06
1.0e+00,7.7341e-05,1.592e+01,7.494e-04,NL-B+F,1.0,1.0879e-13,8.4810e-14,1.0406e+06
1.0e+00,7.7341e-05,1.592e+01,7.494e-04,NL-A,1.8,1.6967e-13,1.3454e-13,1.2139e+06
1.0e+00,7.7341e-05,1.592e+01,7.494e-04,NL-B,1.8,1.6979e-13,1.3454e-13,1.2139e+06
1.0e+00,7.7341e-05,1.592e+01,7.494e-04,NL-A+F,1.8,1.1893e-13,9.7514e-14,1.0406e+06
1.0e+00,7.7341e-05,1.592e+01,7.494e-04,NL-B+F,1.8,1.1898e-13,9.7514e-14,1.0406e+06
1.0e+00,9.8165e-05,2.021e+01,7.494e-04,LIN-UV,1.0,7.3748e-12,1.0602e-11,3.0715e+06
1.0e+00,9.8165e-05,2.021e+01,7.494e-04,LIN-NL,1.0,1.6133e-14,3.1923e-14,3.8918e+05
1.0e+00,9.8165e-05,2.021e+01,7.494e-04,NL-A,1.0,6.5052e-13,3.8052e-13,1.2184e+06
1.0e+00,9.8165e-05,2.021e+01,7.494e-04,NL-B,1.0,6.5053e-13,3.8052e-13,1.2184e+06
1.0e+00,9.8165e-05,2.021e+01,7.494e-04,NL-A+F,1.0,2.1994e-13,1.6808e-13,8.9527e+05
1.0e+00,9.8165e-05,2.021e+01,7.494e-04,NL-B+F,1.0,2.1994e-13,1.6808e-13,8.9527e+05
1.0e+00,9.8165e-05,2.021e+01,7.494e-04,NL-A,1.8,3.4561e-13,2.7051e-13,1.0444e+06
1.0e+00,9.8165e-05,2.021e+01,7.494e-04,NL-B,1.8,3.4875e-13,2.7051e-13,1.0444e+06
1.0e+00,9.8165e-05,2.021e+01,7.494e-04,NL-A+F,1.8,2.3450e-13,1.9278e-13,8.9527e+05
1.0e+00,9.8165e-05,2.021e+01,7.494e-04,NL-B+F,1.8,2.3551e-13,1.9278e-13,8.9527e+05
1.0e+00,1.2460e-04,2.565e+01,7.494e-04,LIN-UV,1.0,2.6033e-11,3.7550e-11,3.0804e+06
1.0e+00,1.2460e-04,2.565e+01,7.494e-04,LIN-NL,1.0,2.5507e-14,5.2421e-14,3.2384e+05
1.0e+00,1.2460e-04,2.565e+01,7.494e-04,NL-A,1.0,1.4178e-12,7.8151e-13,1.9401e+06
1.0e+00,1.2460e-04,2.565e+01,7.494e-04,NL-B,1.0,1.4178e-12,7.8151e-13,1.9401e+06
1.0e+00,1.2460e-04,2.565e+01,7.494e-04,NL-A+F,1.0,4.2692e-13,3.2048e-13,7.6955e+05
1.0e+00,1.2460e-04,2.565e+01,7.494e-04,NL-B+F,1.0,4.2692e-13,3.2048e-13,7.6955e+05
1.0e+00,1.2460e-04,2.565e+01,7.494e-04,NL-A,1.8,6.7510e-13,5.2632e-13,7.6955e+05
1.0e+00,1.2460e-04,2.565e+01,7.494e-04,NL-B,1.8,6.9264e-13,5.2632e-13,7.6955e+05
1.0e+00,1.2460e-04,2.565e+01,7.494e-04,NL-A+F,1.8,4.4379e-13,3.6666e-13,7.6955e+05
1.0e+00,1.2460e-04,2.565e+01,7.494e-04,NL-B+F,1.8,4.4887e-13,3.6666e-13,7.6955e+05
1.0e+00,1.5814e-04,3.255e+01,7.494e-04,LIN-UV,1.0,9.1656e-11,1.3273e-10,3.0871e+06
1.0e+00,1.5814e-04,3.255e+01,7.494e-04,LIN-NL,1.0,3.8521e-14,8.2480e-14,2.6927e+05
1.0e+00,1.5814e-04,3.255e+01,7.494e-04,NL-A,1.0,2.9257e-12,1.6192e-12,1.6665e+06
1.0e+00,1.5814e-04,3.255e+01,7.494e-04,NL-B,1.0,2.9316e-12,1.6192e-12,1.6665e+06
1.0e+00,1.5814e-04,3.255e+01,7.494e-04,NL-A+F,1.0,7.9471e-13,5.8904e-13,6.6103e+05
1.0e+00,1.5814e-04,3.255e+01,7.494e-04,NL-B+F,1.0,7.9503e-13,5.8904e-13,6.6103e+05
1.0e+00,1.5814e-04,3.255e+01,7.494e-04,NL-A,1.8,1.2672e-12,9.8689e-13,6.6103e+05
1.0e+00,1.5814e-04,3.255e+01,7.494e-04,NL-B,1.8,1.3275e-12,9.8689e-13,6.6103e+05
1.0e+00,1.5814e-04,3.255e+01,7.494e-04,NL-A+F,1.8,8.0767e-13,6.7199e-13,6.6103e+05
1.0e+00,1.5814e-04,3.255e+01,7.494e-04,NL-B+F,1.8,8.2332e-13,6.7199e-13,6.6103e+05
1.0e+00,2.0073e-04,4.132e+01,7.494e-04,LIN-UV,1.0,3.2186e-10,4.6825e-10,3.0921e+06
1.0e+00,2.0073e-04,4.132e+01,7.494e-04,LIN-NL,1.0,5.5414e-14,1.2456e-13,2.2983e+05
1.0e+00,2.0073e-04,4.132e+01,7.494e-04,NL-A,1.0,5.7154e-12,3.2202e-12,1.6692e+06
1.0e+00,2.0073e-04,4.132e+01,7.494e-04,NL-B,1.0,5.8173e-12,3.2202e-12,1.6692e+06
1.0e+00,2.0073e-04,4.132e+01,7.494e-04,NL-A+F,1.0,1.4189e-12,1.0460e-12,5.6750e+05
1.0e+00,2.0073e-04,4.132e+01,7.494e-04,NL-B+F,1.0,1.4240e-12,1.0460e-12,5.6750e+05
1.0e+00,2.0073e-04,4.132e+01,7.494e-04,NL-A,1.8,2.2871e-12,1.7794e-12,5.6750e+05
1.0e+00,2.0073e-04,4.132e+01,7.494e-04,NL-B,1.8,2.4651e-12,1.7794e-12,5.6750e+05
1.0e+00,2.0073e-04,4.132e+01,7.494e-04,NL-A+F,1.8,1.4148e-12,1.1887e-12,5.6750e+05
1.0e+00,2.0073e-04,4.132e+01,7.494e-04,NL-B+F,1.8,1.4558e-12,1.1887e-12,5.6750e+05
1.0e+00,2.5477e-04,5.244e+01,7.494e-04,LIN-UV,1.0,1.1271e-09,1.6485e-09,3.0958e+06
1.0e+00,2.5477e-04,5.244e+01,7.494e-04,LIN-NL,1.0,7.6093e-14,1.7955e-13,1.9609e+05
1.0e+00,2.5477e-04,5.244e+01,7.494e-04,NL-A,1.0,1.0599e-11,6.1753e-12,1.4325e+06
1.0e+00,2.5477e-04,5.244e+01,7.494e-04,NL-B,1.0,1.1075e-11,6.1753e-12,1.4325e+06
1.0e+00,2.5477e-04,5.244e+01,7.494e-04,NL-A+F,1.0,2.4333e-12,1.7987e-12,4.8701e+05
1.0e+00,2.5477e-04,5.244e+01,7.494e-04,NL-B+F,1.0,2.4548e-12,1.7987e-12,4.8701e+05
1.0e+00,2.5477e-04,5.244e+01,7.494e-04,NL-A,1.8,3.9682e-12,3.0958e-12,5.6817e+05
1.0e+00,2.5477e-04,5.244e+01,7.494e-04,NL-B,1.8,4.4138e-12,3.0958e-12,5.6817e+05
1.0e+00,2.5477e-04,5.244e+01,7.494e-04,NL-A+F,1.8,2.3866e-12,2.0327e-12,4.8701e+05
1.0e+00,2.5477e-04,5.244e+01,7.494e-04,NL-B+F,1.8,2.4780e-12,2.0327e-12,4.8701e+05
1.0e+00,3.2337e-04,6.657e+01,7.494e-04,LIN-UV,1.0,3.9349e-09,5.7905e-09,3.0986e+06
1.0e+00,3.2337e-04,6.657e+01,7.494e-04,LIN-NL,1.0,9.9353e-14,2.4780e-13,1.7178e+05
1.0e+00,3.2337e-04,6.657e+01,7.494e-04,NL-A,1.0,1.8703e-11,1.1254e-11,1.2290e+06
1.0e+00,3.2337e-04,6.657e+01,7.494e-04,NL-B,1.0,2.0146e-11,1.1254e-11,1.2290e+06
1.0e+00,3.2337e-04,6.657e+01,7.494e-04,NL-A+F,1.0,4.0148e-12,2.9995e-12,4.1781e+05
1.0e+00,3.2337e-04,6.657e+01,7.494e-04,NL-B+F,1.0,4.0740e-12,2.9995e-12,4.1781e+05
1.0e+00,3.2337e-04,6.657e+01,7.494e-04,NL-A,1.8,6.6175e-12,5.2157e-12,4.8744e+05
1.0e+00,3.2337e-04,6.657e+01,7.494e-04,NL-B,1.8,7.6790e-12,5.2157e-12,4.8744e+05
1.0e+00,3.2337e-04,6.657e+01,7.494e-04,NL-A+F,1.8,3.8798e-12,3.3637e-12,4.1781e+05
1.0e+00,3.2337e-04,6.657e+01,7.494e-04,NL-B+F,1.8,4.0720e-12,3.3637e-12,4.1781e+05
1.0e+00,4.1044e-04,8.449e+01,7.494e-04,LIN-UV,1.0,1.3690e-08,2.0287e-08,3.1006e+06
1.0e+00,4.1044e-04,8.449e+01,7.494e-04,LIN-NL,1.0,1.2423e-13,3.2703e-13,1.5044e+05
1.0e+00,4.1044e-04,8.449e+01,7.494e-04,NL-A,1.0,3.1447e-11,1.9380e-11,1.0541e+06
1.0e+00,4.1044e-04,8.449e+01,7.494e-04,NL-B,1.0,3.5238e-11,1.9380e-11,1.0541e+06
1.0e+00,4.1044e-04,8.449e+01,7.494e-04,NL-A+F,1.0,6.3851e-12,4.8452e-12,3.5836e+05
1.0e+00,4.1044e-04,8.449e+01,7.494e-04,NL-B+F,1.0,6.5231e-12,4.8452e-12,3.5836e+05
1.0e+00,4.1044e-04,8.449e+01,7.494e-04,NL-A,1.8,1.0610e-11,8.4829e-12,4.1808e+05
1.0e+00,4.1044e-04,8.449e+01,7.494e-04,NL-B,1.8,1.2882e-11,8.4829e-12,4.1808e+05
1.0e+00,4.1044e-04,8.449e+01,7.494e-04,NL-A+F,1.8,6.0853e-12,5.3799e-12,3.5836e+05
1.0e+00,4.1044e-04,8.449e+01,7.494e-04,NL-B+F,1.8,6.4517e-12,5.3799e-12,3.5836e+05
1.0e+00,5.2095e-04,1.072e+02,7.494e-04,LIN-UV,1.0,4.7440e-08,7.0862e-08,3.1021e+06
1.0e+00,5.2095e-04,1.072e+02,7.494e-04,LIN-NL,1.0,1.4855e-13,4.1391e-13,1.3529e+05
1.0e+00,5.2095e-04,1.072e+02,7.494e-04,NL-A,1.0,5.0436e-11,3.1574e-11,1.0546e+06
1.0e+00,5.2095e-04,1.072e+02,7.494e-04,NL-B,1.0,5.8873e-11,3.1574e-11,1.0546e+06
1.0e+00,5.2095e-04,1.072e+02,7.494e-04,NL-A+F,1.0,9.8075e-12,7.5323e-12,3.0732e+05
1.0e+00,5.2095e-04,1.072e+02,7.494e-04,NL-B+F,1.0,1.0083e-11,7.5323e-12,3.0732e+05
1.0e+00,5.2095e-04,1.072e+02,7.494e-04,NL-A,1.8,1.6370e-11,1.3297e-11,3.5853e+05
1.0e+00,5.2095e-04,1.072e+02,7.494e-04,NL-B,1.8,2.0796e-11,1.3297e-11,3.5853e+05
1.0e+00,5.2095e-04,1.072e+02,7.494e-04,NL-A+F,1.8,9.2239e-12,8.2727e-12,3.0732e+05
1.0e+00,5.2095e-04,1.072e+02,7.494e-04,NL-B+F,1.8,9.8661e-12,8.2727e-12,3.0732e+05
1.0e+00,6.6122e-04,1.361e+02,7.494e-04,LIN-UV,1.0,1.6366e-07,2.4667e-07,3.1033e+06
1.0e+00,6.6122e-04,1.361e+02,7.494e-04,LIN-NL,1.0,1.7189e-13,5.0515e-13,1.2165e+05
1.0e+00,6.6122e-04,1.361e+02,7.494e-04,NL-A,1.0,7.7275e-11,4.9574e-11,9.0430e+05
1.0e+00,6.6122e-04,1.361e+02,7.494e-04,NL-B,1.0,9.5065e-11,4.9574e-11,9.0430e+05
1.0e+00,6.6122e-04,1.361e+02,7.494e-04,NL-A+F,1.0,1.4583e-11,1.1654e-11,3.0743e+05
1.0e+00,6.6122e-04,1.361e+02,7.494e-04,NL-B+F,1.0,1.5097e-11,1.1654e-11,3.0743e+05
1.0e+00,6.6122e-04,1.361e+02,7.494e-04,NL-A,1.8,2.4341e-11,1.9994e-11,3.0743e+05
1.0e+00,6.6122e-04,1.361e+02,7.494e-04,NL-B,1.8,3.2247e-11,1.9994e-11,3.0743e+05
1.0e+00,6.6122e-04,1.361e+02,7.494e-04,NL-A+F,1.8,1.3540e-11,1.2590e-11,3.0743e+05
1.0e+00,6.6122e-04,1.361e+02,7.494e-04,NL-B+F,1.8,1.4585e-11,1.2590e-11,3.0743e+05
1.0e+00,8.3925e-04,1.728e+02,7.494e-04,LIN-UV,1.0,5.6167e-07,8.5516e-07,3.1041e+06
1.0e+00,8.3925e-04,1.728e+02,7.494e-04,LIN-NL,1.0,1.9204e-13,5.9522e-13,1.1233e+05
1.0e+00,8.3925e-04,1.728e+02,7.494e-04,NL-A,1.0,1.1336e-10,7.2837e-11,7.7533e+05
1.0e+00,8.3925e-04,1.728e+02,7.494e-04,NL-B,1.0,1.4466e-10,7.2837e-11,7.7533e+05
1.0e+00,8.3925e-04,1.728e+02,7.494e-04,NL-A+F,1.0,2.1049e-11,1.7546e-11,2.6358e+05
1.0e+00,8.3925e-04,1.728e+02,7.494e-04,NL-B+F,1.0,2.1880e-11,1.7546e-11,2.6358e+05
1.0e+00,8.3925e-04,1.728e+02,7.494e-04,NL-A,1.8,3.4959e-11,2.9517e-11,3.0751e+05
1.0e+00,8.3925e-04,1.728e+02,7.494e-04,NL-B,1.8,4.7962e-11,2.9517e-11,3.0751e+05
1.0e+00,8.3925e-04,1.728e+02,7.494e-04,NL-A+F,1.8,1.9299e-11,1.8637e-11,2.6358e+05
1.0e+00,8.3925e-04,1.728e+02,7.494e-04,NL-B+F,1.8,2.0886e-11,1.8637e-11,2.6358e+05
1.0e+00,1.0652e-03,2.193e+02,7.494e-04,LIN-UV,1.0,1.9163e-06,2.9508e-06,3.1047e+06
1.0e+00,1.0652e-03,2.193e+02,7.494e-04,LIN-NL,1.0,2.1033e-13,6.8388e-13,1.0372e+05
1.0e+00,1.0652e-03,2.193e+02,7.494e-04,NL-A,1.0,1.5969e-10,1.0363e-10,7.7548e+05
1.0e+00,1.0652e-03,2.193e+02,7.494e-04,NL-B,1.0,2.1333e-10,1.0363e-10,7.7548e+05
1.0e+00,1.0652e-03,2.193e+02,7.494e-04,NL-A+F,1.0,2.9572e-11,2.5541e-11,2.6363e+05
1.0e+00,1.0652e-03,2.193e+02,7.494e-04,NL-B+F,1.0,3.0871e-11,2.5541e-11,2.6363e+05
1.0e+00,1.0652e-03,2.193e+02,7.494e-04,NL-A,1.8,4.8621e-11,4.2279e-11,2.6363e+05
1.0e+00,1.0652e-03,2.193e+02,7.494e-04,NL-B,1.8,6.9742e-11,4.2279e-11,2.6363e+05
1.0e+00,1.0652e-03,2.193e+02,7.494e-04,NL-A+F,1.8,2.6775e-11,2.6514e-11,2.6363e+05
1.0e+00,1.0652e-03,2.193e+02,7.494e-04,NL-B+F,1.8,2.9145e-11,2.6514e-11,2.6363e+05
1.0e+00,1.3520e-03,2.783e+02,7.494e-04,LIN-UV,1.0,6.4942e-06,1.0126e-05,3.1051e+06
1.0e+00,1.3520e-03,2.783e+02,7.494e-04,LIN-NL,1.0,2.2563e-13,7.6372e-13,9.5760e+04
1.0e+00,1.3520e-03,2.783e+02,7.494e-04,NL-A,1.0,2.1679e-10,1.3897e-10,6.6480e+05
1.0e+00,1.3520e-03,2.783e+02,7.494e-04,NL-B,1.0,3.0071e-10,1.3897e-10,6.6480e+05
1.0e+00,1.3520e-03,2.783e+02,7.494e-04,NL-A+F,1.0,4.0556e-11,3.6799e-11,2.2601e+05
1.0e+00,1.3520e-03,2.783e+02,7.494e-04,NL-B+F,1.0,4.2442e-11,3.6799e-11,2.2601e+05
1.0e+00,1.3520e-03,2.783e+02,7.494e-04,NL-A,1.8,6.5676e-11,5.8765e-11,2.6367e+05
1.0e+00,1.3520e-03,2.783e+02,7.494e-04,NL-B,1.8,9.7398e-11,5.8765e-11,2.6367e+05
1.0e+00,1.3520e-03,2.783e+02,7.494e-04,NL-A+F,1.8,3.6258e-11,3.7577e-11,2.2601e+05
1.0e+00,1.3520e-03,2.783e+02,7.494e-04,NL-B+F,1.8,3.9580e-11,3.7577e-11,2.2601e+05
1.0e+00,1.7161e-03,3.533e+02,7.494e-04,LIN-UV,1.0,2.1840e-05,3.4531e-05,3.1054e+06
1.0e+00,1.7161e-03,3.533e+02,7.494e-04,LIN-NL,1.0,2.3851e-13,8.4064e-13,9.0798e+04
1.0e+00,1.7161e-03,3.533e+02,7.494e-04,NL-A,1.0,2.8473e-10,1.8256e-10,6.6487e+05
1.0e+00,1.7161e-03,3.533e+02,7.494e-04,NL-B,1.0,4.0534e-10,1.8256e-10,6.6487e+05
1.0e+00,1.7161e-03,3.533e+02,7.494e-04,NL-A+F,1.0,5.4435e-11,5.2399e-11,2.2603e+05
1.0e+00,1.7161e-03,3.533e+02,7.494e-04,NL-B+F,1.0,5.6996e-11,5.2399e-11,2.2603e+05
1.0e+00,1.7161e-03,3.533e+02,7.494e-04,NL-A,1.8,8.6418e-11,7.9756e-11,2.2603e+05
1.0e+00,1.7161e-03,3.533e+02,7.494e-04,NL-B,1.8,1.3058e-10,7.9756e-11,2.2603e+05
1.0e+00,1.7161e-03,3.533e+02,7.494e-04,NL-A+F,1.8,4.8037e-11,5.1911e-11,2.2603e+05
1.0e+00,1.7161e-03,3.533e+02,7.494e-04,NL-B+F,1.8,5.2423e-11,5.1911e-11,2.2603e+05
1.0e+00,2.1782e-03,4.484e+02,7.494e-04,LIN-UV,1.0,7.2809e-05,1.1688e-04,3.1057e+06
1.0e+00,2.1782e-03,4.484e+02,7.494e-04,LIN-NL,1.0,2.4895e-13,9.0480e-13,8.6091e+04
1.0e+00,2.1782e-03,4.484e+02,7.494e-04,NL-A,1.0,3.6291e-10,2.2789e-10,6.6492e+05
1.0e+00,2.1782e-03,4.484e+02,7.494e-04,NL-B,1.0,5.3362e-10,2.2814e-10,6.6492e+05
1.0e+00,2.1782e-03,4.484e+02,7.494e-04,NL-A+F,1.0,7.1598e-11,7.1288e-11,2.2605e+05
1.0e+00,2.1782e-03,4.484e+02,7.494e-04,NL-B+F,1.0,7.4999e-11,7.1288e-11,2.2605e+05
1.0e+00,2.1782e-03,4.484e+02,7.494e-04,NL-A,1.8,1.1098e-10,1.0709e-10,2.2605e+05
1.0e+00,2.1782e-03,4.484e+02,7.494e-04,NL-B,1.8,1.7192e-10,1.0709e-10,2.2605e+05
1.0e+00,2.1782e-03,4.484e+02,7.494e-04,NL-A+F,1.8,6.2339e-11,6.8492e-11,2.2605e+05
1.0e+00,2.1782e-03,4.484e+02,7.494e-04,NL-B+F,1.8,6.8066e-11,6.8492e-11,2.2605e+05
1.0e+00,2.7646e-03,5.691e+02,7.494e-04,LIN-UV,1.0,2.4035e-04,3.9228e-04,3.1058e+06
1.0e+00,2.7646e-03,5.691e+02,7.494e-04,LIN-NL,1.0,2.5704e-13,9.7223e-13,8.3831e+04
1.0e+00,2.7646e-03,5.691e+02,7.494e-04,NL-A,1.0,4.5084e-10,2.7769e-10,5.6998e+05
1.0e+00,2.7646e-03,5.691e+02,7.494e-04,NL-B,1.0,6.7408e-10,2.7769e-10,5.6998e+05
1.0e+00,2.7646e-03,5.691e+02,7.494e-04,NL-A+F,1.0,9.2522e-11,9.5488e-11,1.9377e+05
1.0e+00,2.7646e-03,5.691e+02,7.494e-04,NL-B+F,1.0,9.6782e-11,9.5488e-11,1.9377e+05
1.0e+00,2.7646e-03,5.691e+02,7.494e-04,NL-A,1.8,1.3956e-10,1.3837e-10,2.2606e+05
1.0e+00,2.7646e-03,5.691e+02,7.494e-04,NL-B,1.8,2.1768e-10,1.3837e-10,2.2606e+05
1.0e+00,2.7646e-03,5.691e+02,7.494e-04,NL-A+F,1.8,7.9441e-11,9.1457e-11,1.9377e+05
1.0e+00,2.7646e-03,5.691e+02,7.494e-04,NL-B+F,1.8,8.6507e-11,9.1457e-11,1.9377e+05
1.0e+00,3.5090e-03,7.223e+02,7.494e-04,LIN-UV,1.0,7.8460e-04,1.3036e-03,3.1060e+06
1.0e+00,3.5090e-03,7.223e+02,7.494e-04,LIN-NL,1.0,2.6507e-13,1.0218e-12,8.1629e+04
1.0e+00,3.5090e-03,7.223e+02,7.494e-04,NL-A,1.0,5.4753e-10,3.3114e-10,5.7000e+05
1.0e+00,3.5090e-03,7.223e+02,7.494e-04,NL-B,1.0,8.3626e-10,3.3115e-10,5.7000e+05
1.0e+00,3.5090e-03,7.223e+02,7.494e-04,NL-A+F,1.0,1.1756e-10,1.2956e-10,1.9378e+05
1.0e+00,3.5090e-03,7.223e+02,7.494e-04,NL-B+F,1.0,1.2281e-10,1.2956e-10,1.9378e+05
1.0e+00,3.5090e-03,7.223e+02,7.494e-04,NL-A,1.8,1.7213e-10,1.7430e-10,1.9378e+05
1.0e+00,3.5090e-03,7.223e+02,7.494e-04,NL-B,1.8,2.7160e-10,1.7430e-10,1.9378e+05
1.0e+00,3.5090e-03,7.223e+02,7.494e-04,NL-A+F,1.8,9.9496e-11,1.2019e-10,1.9378e+05
1.0e+00,3.5090e-03,7.223e+02,7.494e-04,NL-B+F,1.8,1.0815e-10,1.2019e-10,1.9378e+05
1.0e+00,4.4538e-03,9.168e+02,7.494e-04,LIN-UV,1.0,2.5293e-03,4.2833e-03,3.1061e+06
1.0e+00,4.4538e-03,9.168e+02,7.494e-04,LIN-NL,1.0,2.7103e-13,1.0647e-12,7.9484e+04
1.0e+00,4.4538e-03,9.168e+02,7.494e-04,NL-A,1.0,6.5191e-10,3.8291e-10,5.7002e+05
1.0e+00,4.4538e-03,9.168e+02,7.494e-04,NL-B,1.0,9.9840e-10,3.8312e-10,5.7002e+05
1.0e+00,4.4538e-03,9.168e+02,7.494e-04,NL-A+F,1.0,1.4700e-10,1.7069e-10,1.9378e+05
1.0e+00,4.4538e-03,9.168e+02,7.494e-04,NL-B+F,1.0,1.5314e-10,1.7069e-10,1.9378e+05
1.0e+00,4.4538e-03,9.168e+02,7.494e-04,NL-A,1.8,2.0859e-10,2.2215e-10,1.9378e+05
1.0e+00,4.4538e-03,9.168e+02,7.494e-04,NL-B,1.8,3.2653e-10,2.2215e-10,1.9378e+05
1.0e+00,4.4538e-03,9.168e+02,7.494e-04,NL-A+F,1.8,1.2259e-10,1.5348e-10,1.9378e+05
1.0e+00,4.4538e-03,9.168e+02,7.494e-04,NL-B+F,1.8,1.3263e-10,1.5348e-10,1.9378e+05
1.0e+00,5.6530e-03,1.164e+03,7.494e-04,LIN-UV,1.0,8.0397e-03,1.3892e-02,3.1061e+06
1.0e+00,5.6530e-03,1.164e+03,7.494e-04,LIN-NL,1.0,2.7562e-13,1.1073e-12,7.7395e+04
1.0e+00,5.6530e-03,1.164e+03,7.494e-04,NL-A,1.0,7.6276e-10,4.3256e-10,2.2608e+05
1.0e+00,5.6530e-03,1.164e+03,7.494e-04,NL-B,1.0,1.1753e-09,4.3259e-10,5.7003e+05
1.0e+00,5.6530e-03,1.164e+03,7.494e-04,NL-A+F,1.0,1.8095e-10,2.1917e-10,1.9379e+05
1.0e+00,5.6530e-03,1.164e+03,7.494e-04,NL-B+F,1.0,1.8804e-10,2.1917e-10,1.9379e+05
1.0e+00,5.6530e-03,1.164e+03,7.494e-04,NL-A,1.8,2.4870e-10,2.7576e-10,1.9379e+05
1.0e+00,5.6530e-03,1.164e+03,7.494e-04,NL-B,1.8,3.9706e-10,2.7576e-10,1.9379e+05
1.0e+00,5.6530e-03,1.164e+03,7.494e-04,NL-A+F,1.8,1.4867e-10,1.9122e-10,1.9379e+05
1.0e+00,5.6530e-03,1.164e+03,7.494e-04,NL-B+F,1.8,1.6081e-10,1.9122e-10,1.9379e+05
1.0e+00,7.1751e-03,1.477e+03,7.494e-04,LIN-UV,1.0,2.5154e-02,4.4387e-02,3.1062e+06
1.0e+00,7.1751e-03,1.477e+03,7.494e-04,LIN-NL,1.0,2.7958e-13,1.1484e-12,7.5361e+04
1.0e+00,7.1751e-03,1.477e+03,7.494e-04,NL-A,1.0,8.7879e-10,5.2218e-10,2.2608e+05
1.0e+00,7.1751e-03,1.477e+03,7.494e-04,NL-B,1.0,1.3667e-09,5.2218e-10,2.2608e+05
1.0e+00,7.1751e-03,1.477e+03,7.494e-04,NL-A+F,1.0,2.1934e-10,2.7503e-10,1.9379e+05
1.0e+00,7.1751e-03,1.477e+03,7.494e-04,NL-B+F,1.0,2.2745e-10,2.7503e-10,1.9379e+05
1.0e+00,7.1751e-03,1.477e+03,7.494e-04,NL-A,1.8,2.9204e-10,3.3456e-10,1.9379e+05
1.0e+00,7.1751e-03,1.477e+03,7.494e-04,NL-B,1.8,2.3683e-09,9.9585e-10,1.4373e+06
1.0e+00,7.1751e-03,1.477e+03,7.494e-04,NL-A+F,1.8,1.7757e-10,2.3317e-10,1.9379e+05
1.0e+00,7.1751e-03,1.477e+03,7.494e-04,NL-B+F,1.8,4.0833e-10,2.5330e-10,2.2608e+05
1.0e+00,9.1071e-03,1.875e+03,7.494e-04,LIN-UV,1.0,7.7328e-02,1.3944e-01,3.1062e+06
1.0e+00,9.1071e-03,1.875e+03,7.494e-04,LIN-NL,1.0,2.8207e-13,1.1809e-12,7.3380e+04
1.0e+00,9.1071e-03,1.875e+03,7.494e-04,NL-A,1.0,9.9857e-10,6.1818e-10,2.2609e+05
1.0e+00,9.1071e-03,1.875e+03,7.494e-04,NL-B,1.0,1.5361e-09,6.1818e-10,2.2609e+05
1.0e+00,9.1071e-03,1.875e+03,7.494e-04,NL-A+F,1.0,2.6191e-10,3.3799e-10,1.9379e+05
1.0e+00,9.1071e-03,1.875e+03,7.494e-04,NL-B+F,1.0,2.7076e-10,3.3799e-10,1.9379e+05
1.0e+00,9.1071e-03,1.875e+03,7.494e-04,NL-A,1.8,3.3809e-10,3.9783e-10,1.9379e+05
1.0e+00,9.1071e-03,1.875e+03,7.494e-04,NL-B,1.8,2.8991e-09,1.2201e-09,1.4373e+06
1.0e+00,9.1071e-03,1.875e+03,7.494e-04,NL-A+F,1.8,2.0899e-10,2.7892e-10,1.9379e+05
1.0e+00,9.1071e-03,1.875e+03,7.494e-04,NL-B+F,1.8,4.9732e-10,3.0860e-10,2.2609e+05
1.0e+00,1.1559e-02,2.379e+03,7.494e-04,LIN-UV,1.0,2.3311e-01,4.2969e-01,3.1062e+06
1.0e+00,1.1559e-02,2.379e+03,7.494e-04,LIN-NL,1.0,2.8328e-13,1.1954e-12,7.1450e+04
1.0e+00,1.1559e-02,2.379e+03,7.494e-04,NL-A,1.0,1.1205e-09,7.3356e-10,1.9379e+05
1.0e+00,1.1559e-02,2.379e+03,7.494e-04,NL-B,1.0,1.7098e-09,7.3356e-10,1.9379e+05
1.0e+00,1.1559e-02,2.379e+03,7.494e-04,NL-A+F,1.0,3.0814e-10,4.0743e-10,1.9379e+05
1.0e+00,1.1559e-02,2.379e+03,7.494e-04,NL-B+F,1.0,3.1772e-10,4.0743e-10,1.9379e+05
1.0e+00,1.1559e-02,2.379e+03,7.494e-04,NL-A,1.8,3.8618e-10,4.6462e-10,1.9379e+05
1.0e+00,1.1559e-02,2.379e+03,7.494e-04,NL-B,1.8,3.7233e-09,1.5781e-09,1.4373e+06
1.0e+00,1.1559e-02,2.379e+03,7.494e-04,NL-A+F,1.8,2.4247e-10,3.2790e-10,1.9379e+05
1.0e+00,1.1559e-02,2.379e+03,7.494e-04,NL-B+F,1.8,6.1979e-10,3.8295e-10,2.2609e+05
1.0e+00,1.4672e-02,3.020e+03,7.494e-04,LIN-UV,1.0,6.8764e-01,1.2956e+00,3.1063e+06
1.0e+00,1.4672e-02,3.020e+03,7.494e-04,LIN-NL,1.0,2.8743e-13,1.2310e-12,7.1451e+04
1.0e+00,1.4672e-02,3.020e+03,7.494e-04,NL-A,1.0,1.2431e-09,8.5692e-10,1.9380e+05
1.0e+00,1.4672e-02,3.020e+03,7.494e-04,NL-B,1.0,1.8865e-09,8.5692e-10,1.9380e+05
1.0e+00,1.4672e-02,3.020e+03,7.494e-04,NL-A+F,1.0,3.5732e-10,4.8239e-10,1.9380e+05
1.0e+00,1.4672e-02,3.020e+03,7.494e-04,NL-B+F,1.0,3.6764e-10,4.8239e-10,1.9380e+05
1.0e+00,1.4672e-02,3.020e+03,7.494e-04,NL-A,1.8,4.3554e-10,5.3390e-10,1.9380e+05
1.0e+00,1.4672e-02,3.020e+03,7.494e-04,NL-B,1.8,4.2296e-09,1.7881e-09,1.4373e+06
1.0e+00,1.4672e-02,3.020e+03,7.494e-04,NL-A+F,1.8,2.7748e-10,3.7939e-10,1.9380e+05
1.0e+00,1.4672e-02,3.020e+03,7.494e-04,NL-B+F,1.8,7.1341e-10,4.4237e-10,2.2609e+05
1.0e+00,1.8622e-02,3.833e+03,7.494e-04,LIN-UV,1.0,1.9805e+00,3.8125e+00,3.1063e+06
1.0e+00,1.8622e-02,3.833e+03,7.494e-04,LIN-NL,1.0,2.8690e-13,1.2412e-12,7.1451e+04
1.0e+00,1.8622e-02,3.833e+03,7.494e-04,NL-A,1.0,1.3647e-09,9.8450e-10,1.9380e+05
1.0e+00,1.8622e-02,3.833e+03,7.494e-04,NL-B,1.0,2.0649e-09,9.8450e-10,1.9380e+05
1.0e+00,1.8622e-02,3.833e+03,7.494e-04,NL-A+F,1.0,4.0862e-10,5.6162e-10,1.9380e+05
1.0e+00,1.8622e-02,3.833e+03,7.494e-04,NL-B+F,1.0,4.1967e-10,5.6162e-10,1.9380e+05
1.0e+00,1.8622e-02,3.833e+03,7.494e-04,NL-A,1.8,4.8539e-10,6.0453e-10,1.9380e+05
1.0e+00,1.8622e-02,3.833e+03,7.494e-04,NL-B,1.8,5.0353e-09,2.1354e-09,1.4373e+06
1.0e+00,1.8622e-02,3.833e+03,7.494e-04,NL-A+F,1.8,3.1339e-10,4.3256e-10,1.9380e+05
1.0e+00,1.8622e-02,3.833e+03,7.494e-04,NL-B+F,1.8,8.3940e-10,5.2029e-10,2.2609e+05
1.0e+00,2.3636e-02,4.865e+03,7.494e-04,LIN-UV,1.0,5.5559e+00,1.0917e+01,3.1063e+06
1.0e+00,2.3636e-02,4.865e+03,7.494e-04,LIN-NL,1.0,2.9025e-13,1.2645e-12,6.9572e+04
1.0e+00,2.3636e-02,4.865e+03,7.494e-04,NL-A,1.0,1.4838e-09,1.1140e-09,1.9380e+05
1.0e+00,2.3636e-02,4.865e+03,7.494e-04,NL-B,1.0,2.2436e-09,1.1140e-09,1.9380e+05
1.0e+00,2.3636e-02,4.865e+03,7.494e-04,NL-A+F,1.0,4.6108e-10,6.4370e-10,1.9380e+05
1.0e+00,2.3636e-02,4.865e+03,7.494e-04,NL-B+F,1.0,4.7287e-10,6.4370e-10,1.9380e+05
1.0e+00,2.3636e-02,4.865e+03,7.494e-04,NL-A,1.8,5.3489e-10,6.7536e-10,1.9380e+05
1.0e+00,2.3636e-02,4.865e+03,7.494e-04,NL-B,1.8,5.9310e-09,2.5235e-09,1.4373e+06
1.0e+00,2.3636e-02,4.865e+03,7.494e-04,NL-A+F,1.8,3.4958e-10,4.9062e-10,1.6612e+05
1.0e+00,2.3636e-02,4.865e+03,7.494e-04,NL-B+F,1.8,9.7531e-10,6.0445e-10,2.2609e+05
1.0e+00,3.0000e-02,6.176e+03,7.494e-04,LIN-UV,1.0,1.5145e+01,3.0333e+01,3.1063e+06
1.0e+00,3.0000e-02,6.176e+03,7.494e-04,LIN-NL,1.0,2.9165e-13,1.2819e-12,6.9572e+04
1.0e+00,3.0000e-02,6.176e+03,7.494e-04,NL-A,1.0,1.5989e-09,1.2432e-09,1.9380e+05
1.0e+00,3.0000e-02,6.176e+03,7.494e-04,NL-B,1.0,2.4212e-09,1.2432e-09,1.9380e+05
1.0e+00,3.0000e-02,6.176e+03,7.494e-04,NL-A+F,1.0,5.1375e-10,7.2707e-10,1.9380e+05
1.0e+00,3.0000e-02,6.176e+03,7.494e-04,NL-B+F,1.0,5.2628e-10,7.2707e-10,1.9380e+05
1.0e+00,3.0000e-02,6.176e+03,7.494e-04,NL-A,1.8,5.8334e-10,7.4528e-10,1.9380e+05
1.0e+00,3.0000e-02,6.176e+03,7.494e-04,NL-B,1.8,6.5334e-09,2.7771e-09,1.4373e+06
1.0e+00,3.0000e-02,6.176e+03,7.494e-04,NL-A+F,1.8,3.8542e-10,5.5013e-10,1.6612e+05
1.0e+00,3.0000e-02,6.176e+03,7.494e-04,NL-B+F,1.8,1.0837e-09,6.7294e-10,2.2609e+05
1.0e+00,5.0000e-02,1.029e+04,7.494e-04,LIN-UV,1.0,1.1647e+02,2.5450e+02,3.6239e+06
1.0e+00,5.0000e-02,1.029e+04,7.494e-04,LIN-NL,1.0,2.9285e-13,1.2965e-12,6.7742e+04
1.0e+00,5.0000e-02,1.029e+04,7.494e-04,NL-A,1.0,1.8268e-09,1.5094e-09,1.9380e+05
1.0e+00,5.0000e-02,1.029e+04,7.494e-04,NL-B,1.0,2.7253e-09,1.5094e-09,1.9380e+05
1.0e+00,5.0000e-02,1.029e+04,7.494e-04,NL-A+F,1.0,6.2318e-10,9.0309e-10,1.9380e+05
1.0e+00,5.0000e-02,1.029e+04,7.494e-04,NL-B+F,1.0,6.3670e-10,9.0309e-10,1.9380e+05
1.0e+00,5.0000e-02,1.029e+04,7.494e-04,NL-A,1.8,6.8060e-10,8.8744e-10,1.9380e+05
1.0e+00,5.0000e-02,1.029e+04,7.494e-04,NL-B,1.8,8.2366e-09,3.5120e-09,1.4373e+06
1.0e+00,5.0000e-02,1.029e+04,7.494e-04,NL-A+F,1.8,4.5852e-10,6.7284e-10,1.6612e+05
1.0e+00,5.0000e-02,1.029e+04,7.494e-04,NL-B+F,1.8,1.3530e-09,8.4147e-10,2.2609e+05
1.0e+00,1.0000e-01,2.059e+04,7.494e-04,LIN-UV,1.0,1.4119e+03,3.6054e+03,3.6240e+06
1.0e+00,1.0000e-01,2.059e+04,7.494e-04,LIN-NL,1.0,2.9496e-13,1.3289e-12,6.7742e+04
1.0e+00,1.0000e-01,2.059e+04,7.494e-04,NL-A,1.0,2.0848e-09,1.8252e-09,1.9380e+05
1.0e+00,1.0000e-01,2.059e+04,7.494e-04,NL-B,1.0,3.0643e-09,1.8252e-09,1.9380e+05
1.0e+00,1.0000e-01,2.059e+04,7.494e-04,NL-A+F,1.0,7.5429e-10,1.1184e-09,1.9380e+05
1.0e+00,1.0000e-01,2.059e+04,7.494e-04,NL-B+F,1.0,7.6883e-10,1.1184e-09,1.9380e+05
1.0e+00,1.0000e-01,2.059e+04,7.494e-04,NL-A,1.8,7.9227e-10,1.0536e-09,1.9380e+05
1.0e+00,1.0000e-01,2.059e+04,7.494e-04,NL-B,1.8,9.8052e-09,4.1778e-09,1.4373e+06
1.0e+00,1.0000e-01,2.059e+04,7.494e-04,NL-A+F,1.8,5.4406e-10,8.1820e-10,1.6612e+05
1.0e+00,1.0000e-01,2.059e+04,7.494e-04,NL-B+F,1.8,1.6326e-09,1.0185e-09,2.2609e+05
1.0e+00,1.7000e-01,3.499e+04,7.494e-04,LIN-UV,1.0,7.4811e+03,2.1346e+04,3.6240e+06
1.0e+00,1.7000e-01,3.499e+04,7.494e-04,LIN-NL,1.0,2.9308e-13,1.3350e-12,6.7742e+04
1.0e+00,1.7000e-01,3.499e+04,7.494e-04,NL-A,1.0,2.2395e-09,2.0212e-09,1.9380e+05
1.0e+00,1.7000e-01,3.499e+04,7.494e-04,NL-B,1.0,3.2955e-09,2.0212e-09,1.9380e+05
1.0e+00,1.7000e-01,3.499e+04,7.494e-04,NL-A+F,1.0,8.3615e-10,1.2551e-09,1.9380e+05
1.0e+00,1.7000e-01,3.499e+04,7.494e-04,NL-B+F,1.0,8.5151e-10,1.2551e-09,1.9380e+05
1.0e+00,1.7000e-01,3.499e+04,7.494e-04,NL-A,1.8,8.5980e-10,1.1555e-09,1.9380e+05
1.0e+00,1.7000e-01,3.499e+04,7.494e-04,NL-B,1.8,1.1420e-08,4.8849e-09,1.4373e+06
1.0e+00,1.7000e-01,3.499e+04,7.494e-04,NL-A+F,1.8,5.9650e-10,9.0802e-10,1.6612e+05
1.0e+00,1.7000e-01,3.499e+04,7.494e-04,NL-B+F,1.8,1.8669e-09,1.1652e-09,2.2609e+05
1.0e+00,3.0000e-01,6.176e+04,7.494e-04,LIN-UV,1.0,3.4602e+04,1.0962e+05,3.6240e+06
1.0e+00,3.0000e-01,6.176e+04,7.494e-04,LIN-NL,1.0,2.9577e-13,1.3337e-12,6.7742e+04
1.0e+00,3.0000e-01,6.176e+04,7.494e-04,NL-A,1.0,2.3671e-09,2.1862e-09,1.9380e+05
1.0e+00,3.0000e-01,6.176e+04,7.494e-04,NL-B,1.0,3.4321e-09,2.1862e-09,1.9380e+05
1.0e+00,3.0000e-01,6.176e+04,7.494e-04,NL-A+F,1.0,9.0532e-10,1.3717e-09,1.9380e+05
1.0e+00,3.0000e-01,6.176e+04,7.494e-04,NL-B+F,1.0,9.2090e-10,1.3717e-09,1.9380e+05
1.0e+00,3.0000e-01,6.176e+04,7.494e-04,NL-A,1.8,9.1577e-10,1.2407e-09,1.9380e+05
1.0e+00,3.0000e-01,6.176e+04,7.494e-04,NL-B,1.8,1.2296e-08,5.2594e-09,1.4373e+06
1.0e+00,3.0000e-01,6.176e+04,7.494e-04,NL-A+F,1.8,6.4032e-10,9.8337e-10,1.6612e+05
1.0e+00,3.0000e-01,6.176e+04,7.494e-04,NL-B+F,1.8,2.0201e-09,1.2623e-09,2.2609e+05
1.0e+00,5.5000e-01,1.132e+05,7.494e-04,LIN-UV,1.0,1.3223e+05,4.5923e+05,3.6240e+06
1.0e+00,5.5000e-01,1.132e+05,7.494e-04,LIN-NL,1.0,2.9718e-13,1.3443e-12,6.5961e+04
1.0e+00,5.5000e-01,1.132e+05,7.494e-04,NL-A,1.0,2.4670e-09,2.3172e-09,1.9380e+05
1.0e+00,5.5000e-01,1.132e+05,7.494e-04,NL-B,1.0,3.5382e-09,2.3172e-09,1.9380e+05
1.0e+00,5.5000e-01,1.132e+05,7.494e-04,NL-A+F,1.0,9.6042e-10,1.4654e-09,1.9380e+05
1.0e+00,5.5000e-01,1.132e+05,7.494e-04,NL-B+F,1.0,9.7616e-10,1.4654e-09,1.9380e+05
1.0e+00,5.5000e-01,1.132e+05,7.494e-04,NL-A,1.8,9.5970e-10,1.3081e-09,1.9380e+05
1.0e+00,5.5000e-01,1.132e+05,7.494e-04,NL-B,1.8,1.2991e-08,5.5568e-09,1.4373e+06
1.0e+00,5.5000e-01,1.132e+05,7.494e-04,NL-A+F,1.8,6.7492e-10,1.0430e-09,1.6612e+05
1.0e+00,5.5000e-01,1.132e+05,7.494e-04,NL-B+F,1.8,2.1419e-09,1.3396e-09,2.2609e+05
1.0e+00,1.0000e+00,2.059e+05,7.494e-04,LIN-UV,1.0,3.7388e+05,1.3930e+06,3.6240e+06
1.0e+00,1.0000e+00,2.059e+05,7.494e-04,LIN-NL,1.0,2.9784e-13,1.3521e-12,6.5961e+04
1.0e+00,1.0000e+00,2.059e+05,7.494e-04,NL-A,1.0,2.5368e-09,2.4099e-09,1.9380e+05
1.0e+00,1.0000e+00,2.059e+05,7.494e-04,NL-B,1.0,3.6121e-09,2.4099e-09,1.9380e+05
1.0e+00,1.0000e+00,2.059e+05,7.494e-04,NL-A+F,1.0,9.9943e-10,1.5320e-09,1.9380e+05
1.0e+00,1.0000e+00,2.059e+05,7.494e-04,NL-B+F,1.0,1.0153e-09,1.5320e-09,1.9380e+05
1.0e+00,1.0000e+00,2.059e+05,7.494e-04,NL-A,1.8,9.9048e-10,1.3560e-09,1.6612e+05
1.0e+00,1.0000e+00,2.059e+05,7.494e-04,NL-B,1.8,1.3483e-08,5.7670e-09,1.4373e+06
1.0e+00,1.0000e+00,2.059e+05,7.494e-04,NL-A+F,1.8,6.9926e-10,1.0851e-09,1.6612e+05
1.0e+00,1.0000e+00,2.059e+05,7.494e-04,NL-B+F,1.8,2.2282e-09,1.3944e-09,2.2609e+05
1.0e+01,1.4574e-06,3.000e+00,1.467e-04,LIN-UV,1.0,9.8837e-18,1.4053e-17,4.2249e+05
1.0e+01,1.4574e-06,3.000e+00,1.467e-04,LIN-NL,1.0,3.6103e-18,5.5817e-18,2.7357e+05
1.0e+01,1.4574e-06,3.000e+00,1.467e-04,NL-A,1.0,8.2188e-18,1.0392e-17,4.2249e+05
1.0e+01,1.4574e-06,3.000e+00,1.467e-04,NL-B,1.0,8.2184e-18,1.0391e-17,4.2249e+05
1.0e+01,1.4574e-06,3.000e+00,1.467e-04,NL-A+F,1.0,5.7990e-18,6.9579e-18,4.2249e+05
1.0e+01,1.4574e-06,3.000e+00,1.467e-04,NL-B+F,1.0,5.7985e-18,6.9570e-18,4.2249e+05
1.0e+01,1.4574e-06,3.000e+00,1.467e-04,NL-A,1.8,7.7312e-18,9.4102e-18,4.2249e+05
1.0e+01,1.4574e-06,3.000e+00,1.467e-04,NL-B,1.8,7.7310e-18,9.4097e-18,4.2249e+05
1.0e+01,1.4574e-06,3.000e+00,1.467e-04,NL-A+F,1.8,6.8475e-18,8.0967e-18,4.2249e+05
1.0e+01,1.4574e-06,3.000e+00,1.467e-04,NL-B+F,1.8,6.8472e-18,8.0961e-18,4.2249e+05
1.0e+01,1.9878e-06,4.092e+00,1.467e-04,LIN-UV,1.0,5.4991e-17,7.7982e-17,4.3360e+05
1.0e+01,1.9878e-06,4.092e+00,1.467e-04,LIN-NL,1.0,9.4745e-18,1.5274e-17,2.0699e+05
1.0e+01,1.9878e-06,4.092e+00,1.467e-04,NL-A,1.0,4.1287e-17,4.8630e-17,3.6365e+05
1.0e+01,1.9878e-06,4.092e+00,1.467e-04,NL-B,1.0,4.1286e-17,4.8630e-17,3.6365e+05
1.0e+01,1.9878e-06,4.092e+00,1.467e-04,NL-A+F,1.0,2.9371e-17,3.2385e-17,3.6365e+05
1.0e+01,1.9878e-06,4.092e+00,1.467e-04,NL-B+F,1.0,2.9370e-17,3.2385e-17,3.6365e+05
1.0e+01,1.9878e-06,4.092e+00,1.467e-04,NL-A,1.8,3.7467e-17,4.3171e-17,3.6365e+05
1.0e+01,1.9878e-06,4.092e+00,1.467e-04,NL-B,1.8,3.7467e-17,4.3171e-17,3.6365e+05
1.0e+01,1.9878e-06,4.092e+00,1.467e-04,NL-A+F,1.8,3.3248e-17,3.7006e-17,3.6365e+05
1.0e+01,1.9878e-06,4.092e+00,1.467e-04,NL-B+F,1.8,3.3249e-17,3.7006e-17,3.6365e+05
1.0e+01,2.7112e-06,5.581e+00,1.467e-04,LIN-UV,1.0,2.9939e-16,4.2380e-16,4.4233e+05
1.0e+01,2.7112e-06,5.581e+00,1.467e-04,LIN-NL,1.0,2.3504e-17,3.9401e-17,1.6042e+05
1.0e+01,2.7112e-06,5.581e+00,1.467e-04,NL-A,1.0,1.7536e-16,1.9042e-16,3.7091e+05
1.0e+01,2.7112e-06,5.581e+00,1.467e-04,NL-B,1.0,1.7537e-16,1.9042e-16,3.7091e+05
1.0e+01,2.7112e-06,5.581e+00,1.467e-04,NL-A+F,1.0,1.1752e-16,1.1368e-16,3.7091e+05
1.0e+01,2.7112e-06,5.581e+00,1.467e-04,NL-B+F,1.0,1.1752e-16,1.1368e-16,3.7091e+05
1.0e+01,2.7112e-06,5.581e+00,1.467e-04,NL-A,1.8,1.5003e-16,1.5315e-16,3.7091e+05
1.0e+01,2.7112e-06,5.581e+00,1.467e-04,NL-B,1.8,1.5004e-16,1.5315e-16,3.7091e+05
1.0e+01,2.7112e-06,5.581e+00,1.467e-04,NL-A+F,1.8,1.2990e-16,1.2576e-16,3.7091e+05
1.0e+01,2.7112e-06,5.581e+00,1.467e-04,NL-B+F,1.8,1.2990e-16,1.2576e-16,3.7091e+05
1.0e+01,3.6980e-06,7.612e+00,1.467e-04,LIN-UV,1.0,1.6046e-15,2.2691e-15,4.4896e+05
1.0e+01,3.6980e-06,7.612e+00,1.467e-04,LIN-NL,1.0,5.5219e-17,9.5762e-17,1.2369e+05
1.0e+01,3.6980e-06,7.612e+00,1.467e-04,NL-A,1.0,6.5139e-16,5.9371e-16,3.1561e+05
1.0e+01,3.6980e-06,7.612e+00,1.467e-04,NL-B,1.0,6.5139e-16,5.9371e-16,3.1561e+05
1.0e+01,3.6980e-06,7.612e+00,1.467e-04,NL-A+F,1.0,3.9439e-16,3.3592e-16,2.6462e+05
1.0e+01,3.6980e-06,7.612e+00,1.467e-04,NL-B+F,1.0,3.9438e-16,3.3592e-16,2.6462e+05
1.0e+01,3.6980e-06,7.612e+00,1.467e-04,NL-A,1.8,5.1321e-16,4.5438e-16,2.6462e+05
1.0e+01,3.6980e-06,7.612e+00,1.467e-04,NL-B,1.8,5.1323e-16,4.5438e-16,2.6462e+05
1.0e+01,3.6980e-06,7.612e+00,1.467e-04,NL-A+F,1.8,4.2935e-16,3.7561e-16,2.6462e+05
1.0e+01,3.6980e-06,7.612e+00,1.467e-04,NL-B+F,1.8,4.2937e-16,3.7561e-16,2.6462e+05
1.0e+01,5.0439e-06,1.038e+01,1.467e-04,LIN-UV,1.0,8.5092e-15,1.2027e-14,4.5387e+05
1.0e+01,5.0439e-06,1.038e+01,1.467e-04,LIN-NL,1.0,1.2358e-16,2.2031e-16,9.4996e+04
1.0e+01,5.0439e-06,1.038e+01,1.467e-04,NL-A,1.0,2.2216e-15,1.7316e-15,2.6746e+05
1.0e+01,5.0439e-06,1.038e+01,1.467e-04,NL-B,1.0,2.2216e-15,1.7316e-15,2.6746e+05
1.0e+01,5.0439e-06,1.038e+01,1.467e-04,NL-A+F,1.0,1.1824e-15,9.3761e-16,2.2423e+05
1.0e+01,5.0439e-06,1.038e+01,1.467e-04,NL-B+F,1.0,1.1824e-15,9.3761e-16,2.2423e+05
1.0e+01,5.0439e-06,1.038e+01,1.467e-04,NL-A,1.8,1.5629e-15,1.2986e-15,2.2423e+05
1.0e+01,5.0439e-06,1.038e+01,1.467e-04,NL-B,1.8,1.5630e-15,1.2986e-15,2.2423e+05
1.0e+01,5.0439e-06,1.038e+01,1.467e-04,NL-A+F,1.8,1.2597e-15,1.0415e-15,2.2423e+05
1.0e+01,5.0439e-06,1.038e+01,1.467e-04,NL-B+F,1.8,1.2598e-15,1.0415e-15,2.2423e+05
1.0e+01,6.8796e-06,1.416e+01,1.467e-04,LIN-UV,1.0,4.4813e-14,6.3333e-14,4.5741e+05
1.0e+01,6.8796e-06,1.416e+01,1.467e-04,LIN-NL,1.0,2.6414e-16,4.8232e-16,7.2735e+04
1.0e+01,6.8796e-06,1.416e+01,1.467e-04,NL-A,1.0,7.1895e-15,4.7813e-15,2.2595e+05
1.0e+01,6.8796e-06,1.416e+01,1.467e-04,NL-B,1.0,7.1896e-15,4.7813e-15,2.2595e+05
1.0e+01,6.8796e-06,1.416e+01,1.467e-04,NL-A+F,1.0,3.3045e-15,2.4114e-15,1.8942e+05
1.0e+01,6.8796e-06,1.416e+01,1.467e-04,NL-B+F,1.0,3.3044e-15,2.4114e-15,1.8942e+05
1.0e+01,6.8796e-06,1.416e+01,1.467e-04,NL-A,1.8,4.3528e-15,3.4505e-15,1.8942e+05
1.0e+01,6.8796e-06,1.416e+01,1.467e-04,NL-B,1.8,4.3530e-15,3.4505e-15,1.8942e+05
1.0e+01,6.8796e-06,1.416e+01,1.467e-04,NL-A+F,1.8,3.3837e-15,2.6657e-15,1.8942e+05
1.0e+01,6.8796e-06,1.416e+01,1.467e-04,NL-B+F,1.8,3.3838e-15,2.6657e-15,1.8942e+05
1.0e+01,9.3834e-06,1.932e+01,1.467e-04,LIN-UV,1.0,2.3497e-13,3.3218e-13,4.5993e+05
1.0e+01,9.3834e-06,1.932e+01,1.467e-04,LIN-NL,1.0,5.4140e-16,1.0108e-15,5.7288e+04
1.0e+01,9.3834e-06,1.932e+01,1.467e-04,NL-A,1.0,2.2042e-14,1.3100e-14,3.2324e+05
1.0e+01,9.3834e-06,1.932e+01,1.467e-04,NL-B,1.0,2.2043e-14,1.3100e-14,3.2324e+05
1.0e+01,9.3834e-06,1.932e+01,1.467e-04,NL-A+F,1.0,8.7112e-15,5.9294e-15,1.3384e+05
1.0e+01,9.3834e-06,1.932e+01,1.467e-04,NL-B+F,1.0,8.7112e-15,5.9294e-15,1.3384e+05
1.0e+01,9.3834e-06,1.932e+01,1.467e-04,NL-A,1.8,1.1248e-14,8.5703e-15,1.5965e+05
1.0e+01,9.3834e-06,1.932e+01,1.467e-04,NL-B,1.8,1.1365e-14,8.5703e-15,1.5965e+05
1.0e+01,9.3834e-06,1.932e+01,1.467e-04,NL-A+F,1.8,8.4482e-15,6.6432e-15,1.3384e+05
1.0e+01,9.3834e-06,1.932e+01,1.467e-04,NL-B+F,1.8,8.5000e-15,6.6432e-15,1.3384e+05
1.0e+01,1.2798e-05,2.635e+01,1.467e-04,LIN-UV,1.0,1.2286e-12,1.7380e-12,4.6169e+05
1.0e+01,1.2798e-05,2.635e+01,1.467e-04,LIN-NL,1.0,1.0665e-15,2.0425e-15,4.3696e+04
1.0e+01,1.2798e-05,2.635e+01,1.467e-04,NL-A,1.0,6.2901e-14,3.6577e-14,2.7200e+05
1.0e+01,1.2798e-05,2.635e+01,1.467e-04,NL-B,1.0,6.2905e-14,3.6577e-14,2.7200e+05
1.0e+01,1.2798e-05,2.635e+01,1.467e-04,NL-A+F,1.0,2.1613e-14,1.3783e-14,1.1262e+05
1.0e+01,1.2798e-05,2.635e+01,1.467e-04,NL-B+F,1.0,2.1614e-14,1.3783e-14,1.1262e+05
1.0e+01,1.2798e-05,2.635e+01,1.467e-04,NL-A,1.8,2.7342e-14,2.0652e-14,1.1262e+05
1.0e+01,1.2798e-05,2.635e+01,1.467e-04,NL-B,1.8,2.8283e-14,2.0652e-14,1.1262e+05
1.0e+01,1.2798e-05,2.635e+01,1.467e-04,NL-A+F,1.8,1.9851e-14,1.5415e-14,1.1262e+05
1.0e+01,1.2798e-05,2.635e+01,1.467e-04,NL-B+F,1.8,2.0228e-14,1.5415e-14,1.1262e+05
1.0e+01,1.7457e-05,3.593e+01,1.467e-04,LIN-UV,1.0,6.4117e-12,9.0794e-12,4.6291e+05
1.0e+01,1.7457e-05,3.593e+01,1.467e-04,LIN-NL,1.0,2.0168e-15,3.9642e-15,3.3290e+04
1.0e+01,1.7457e-05,3.593e+01,1.467e-04,NL-A,1.0,1.6572e-13,9.8251e-14,2.2862e+05
1.0e+01,1.7457e-05,3.593e+01,1.467e-04,NL-B,1.0,1.6772e-13,9.8251e-14,2.2862e+05
1.0e+01,1.7457e-05,3.593e+01,1.467e-04,NL-A+F,1.0,5.0363e-14,2.9910e-14,9.4653e+04
1.0e+01,1.7457e-05,3.593e+01,1.467e-04,NL-B+F,1.0,5.0551e-14,2.9910e-14,9.4653e+04
1.0e+01,1.7457e-05,3.593e+01,1.467e-04,NL-A,1.8,6.3096e-14,4.7064e-14,9.4653e+04
1.0e+01,1.7457e-05,3.593e+01,1.467e-04,NL-B,1.8,6.8060e-14,4.7064e-14,9.4653e+04
1.0e+01,1.7457e-05,3.593e+01,1.467e-04,NL-A+F,1.8,4.4263e-14,3.3514e-14,7.9348e+04
1.0e+01,1.7457e-05,3.593e+01,1.467e-04,NL-B+F,1.8,4.5977e-14,3.3514e-14,7.9348e+04
1.0e+01,2.3810e-05,4.901e+01,1.467e-04,LIN-UV,1.0,3.3411e-11,4.7377e-11,4.6374e+05
1.0e+01,2.3810e-05,4.901e+01,1.467e-04,LIN-NL,1.0,3.6645e-15,7.4184e-15,2.6127e+04
1.0e+01,2.3810e-05,4.901e+01,1.467e-04,NL-A,1.0,4.0637e-13,2.5102e-13,1.9199e+05
1.0e+01,2.3810e-05,4.901e+01,1.467e-04,NL-B,1.0,4.2770e-13,2.5102e-13,1.9199e+05
1.0e+01,2.3810e-05,4.901e+01,1.467e-04,NL-A+F,1.0,1.1067e-13,6.3487e-14,6.6634e+04
1.0e+01,2.3810e-05,4.901e+01,1.467e-04,NL-B+F,1.0,1.1239e-13,6.3487e-14,6.6634e+04
1.0e+01,2.3810e-05,4.901e+01,1.467e-04,NL-A,1.8,1.3880e-13,1.0146e-13,7.9487e+04
1.0e+01,2.3810e-05,4.901e+01,1.467e-04,NL-B,1.8,1.5802e-13,1.0146e-13,7.9487e+04
1.0e+01,2.3810e-05,4.901e+01,1.467e-04,NL-A+F,1.8,9.4045e-14,7.1682e-14,6.6634e+04
1.0e+01,2.3810e-05,4.901e+01,1.467e-04,NL-B+F,1.8,9.9705e-14,7.1682e-14,6.6634e+04
1.0e+01,3.2475e-05,6.685e+01,1.467e-04,LIN-UV,1.0,1.7387e-10,2.4698e-10,4.6430e+05
1.0e+01,3.2475e-05,6.685e+01,1.467e-04,LIN-NL,1.0,6.3113e-15,1.3288e-14,2.0494e+04
1.0e+01,3.2475e-05,6.685e+01,1.467e-04,NL-A,1.0,9.3624e-13,6.0408e-13,1.6114e+05
1.0e+01,3.2475e-05,6.685e+01,1.467e-04,NL-B,1.0,1.0491e-12,6.0408e-13,1.6114e+05
1.0e+01,3.2475e-05,6.685e+01,1.467e-04,NL-A+F,1.0,2.3059e-13,1.2792e-13,5.5926e+04
1.0e+01,3.2475e-05,6.685e+01,1.467e-04,NL-B+F,1.0,2.3804e-13,1.2792e-13,5.5926e+04
1.0e+01,3.2475e-05,6.685e+01,1.467e-04,NL-A,1.8,2.9146e-13,2.0918e-13,5.5926e+04
1.0e+01,3.2475e-05,6.685e+01,1.467e-04,NL-B,1.8,3.5338e-13,2.0918e-13,5.5926e+04
1.0e+01,3.2475e-05,6.685e+01,1.467e-04,NL-A+F,1.8,1.9080e-13,1.4452e-13,5.5926e+04
1.0e+01,3.2475e-05,6.685e+01,1.467e-04,NL-B+F,1.8,2.0623e-13,1.4452e-13,5.5926e+04
1.0e+01,4.4295e-05,9.118e+01,1.467e-04,LIN-UV,1.0,9.0350e-10,1.2862e-09,4.6468e+05
1.0e+01,4.4295e-05,9.118e+01,1.467e-04,LIN-NL,1.0,1.0264e-14,2.2605e-14,1.6070e+04
1.0e+01,4.4295e-05,9.118e+01,1.467e-04,NL-A,1.0,2.0322e-12,1.3601e-12,1.3520e+05
1.0e+01,4.4295e-05,9.118e+01,1.467e-04,NL-B,1.0,2.4579e-12,1.3601e-12,1.3520e+05
1.0e+01,4.4295e-05,9.118e+01,1.467e-04,NL-A+F,1.0,4.5667e-13,2.4441e-13,4.6921e+04
1.0e+01,4.4295e-05,9.118e+01,1.467e-04,NL-B+F,1.0,4.7961e-13,2.4441e-13,4.6921e+04
1.0e+01,4.4295e-05,9.118e+01,1.467e-04,NL-A,1.8,5.8406e-13,4.1939e-13,4.6921e+04
1.0e+01,4.4295e-05,9.118e+01,1.467e-04,NL-B,1.8,7.8677e-13,4.1939e-13,4.6921e+04
1.0e+01,4.4295e-05,9.118e+01,1.467e-04,NL-A+F,1.8,3.6986e-13,2.7658e-13,4.6921e+04
1.0e+01,4.4295e-05,9.118e+01,1.467e-04,NL-B+F,1.8,4.1122e-13,2.7658e-13,4.6921e+04
1.0e+01,6.0416e-05,1.244e+02,1.467e-04,LIN-UV,1.0,4.6872e-09,6.6907e-09,4.6494e+05
1.0e+01,6.0416e-05,1.244e+02,1.467e-04,LIN-NL,1.0,1.5591e-14,3.6355e-14,1.2987e+04
1.0e+01,6.0416e-05,1.244e+02,1.467e-04,NL-A,1.0,4.1497e-12,2.8564e-12,1.1340e+05
1.0e+01,6.0416e-05,1.244e+02,1.467e-04,NL-B,1.0,5.5829e-12,2.8564e-12,1.1340e+05
1.0e+01,6.0416e-05,1.244e+02,1.467e-04,NL-A+F,1.0,8.5990e-13,4.6311e-13,3.2991e+04
1.0e+01,6.0416e-05,1.244e+02,1.467e-04,NL-B+F,1.0,9.2164e-13,4.6311e-13,3.2991e+04
1.0e+01,6.0416e-05,1.244e+02,1.467e-04,NL-A,1.8,1.1155e-12,8.0143e-13,3.9355e+04
1.0e+01,6.0416e-05,1.244e+02,1.467e-04,NL-B,1.8,1.6633e-12,8.0143e-13,3.9355e+04
1.0e+01,6.0416e-05,1.244e+02,1.467e-04,NL-A+F,1.8,6.8498e-13,5.2231e-13,3.2991e+04
1.0e+01,6.0416e-05,1.244e+02,1.467e-04,NL-B+F,1.8,7.7802e-13,5.2231e-13,3.2991e+04
1.0e+01,8.2404e-05,1.696e+02,1.467e-04,LIN-UV,1.0,2.4268e-08,3.4756e-08,4.6511e+05
1.0e+01,8.2404e-05,1.696e+02,1.467e-04,LIN-NL,1.0,2.2015e-14,5.4940e-14,1.0819e+04
1.0e+01,8.2404e-05,1.696e+02,1.467e-04,NL-A,1.0,7.9513e-12,5.5958e-12,9.5095e+04
1.0e+01,8.2404e-05,1.696e+02,1.467e-04,NL-B,1.0,1.2127e-11,5.5970e-12,9.5095e+04
1.0e+01,8.2404e-05,1.696e+02,1.467e-04,NL-A+F,1.0,1.5390e-12,8.4480e-13,2.7667e+04
1.0e+01,8.2404e-05,1.696e+02,1.467e-04,NL-B+F,1.0,1.6840e-12,8.4480e-13,2.7667e+04
1.0e+01,8.2404e-05,1.696e+02,1.467e-04,NL-A,1.8,2.0269e-12,1.4649e-12,3.3003e+04
1.0e+01,8.2404e-05,1.696e+02,1.467e-04,NL-B,1.8,3.4721e-12,1.4649e-12,3.3003e+04
1.0e+01,8.2404e-05,1.696e+02,1.467e-04,NL-A+F,1.8,1.2115e-12,9.4668e-13,2.7667e+04
1.0e+01,8.2404e-05,1.696e+02,1.467e-04,NL-B+F,1.8,1.4129e-12,9.4668e-13,2.7667e+04
1.0e+01,1.1240e-04,2.314e+02,1.467e-04,LIN-UV,1.0,1.2535e-07,1.8024e-07,4.6523e+05
1.0e+01,1.1240e-04,2.314e+02,1.467e-04,LIN-NL,1.0,2.8976e-14,7.7198e-14,9.0119e+03
1.0e+01,1.1240e-04,2.314e+02,1.467e-04,NL-A,1.0,1.4268e-11,1.0226e-11,7.9738e+04
1.0e+01,1.1240e-04,2.314e+02,1.467e-04,NL-B,1.0,2.4323e-11,1.0231e-11,7.9738e+04
1.0e+01,1.1240e-04,2.314e+02,1.467e-04,NL-A+F,1.0,2.6188e-12,1.4877e-12,2.3199e+04
1.0e+01,1.1240e-04,2.314e+02,1.467e-04,NL-B+F,1.0,2.9114e-12,1.4877e-12,2.3199e+04
1.0e+01,1.1240e-04,2.314e+02,1.467e-04,NL-A,1.8,3.4996e-12,2.5668e-12,2.7673e+04
1.0e+01,1.1240e-04,2.314e+02,1.467e-04,NL-B,1.8,6.7478e-12,2.5668e-12,2.7673e+04
1.0e+01,1.1240e-04,2.314e+02,1.467e-04,NL-A+F,1.8,2.0465e-12,1.6492e-12,2.3199e+04
1.0e+01,1.1240e-04,2.314e+02,1.467e-04,NL-B+F,1.8,2.4275e-12,1.6492e-12,2.3199e+04
1.0e+01,1.5330e-04,3.156e+02,1.467e-04,LIN-UV,1.0,6.4555e-07,9.3273e-07,4.6530e+05
1.0e+01,1.5330e-04,3.156e+02,1.467e-04,LIN-NL,1.0,3.5848e-14,1.0254e-13,7.9781e+03
1.0e+01,1.5330e-04,3.156e+02,1.467e-04,NL-A,1.0,2.3978e-11,1.7408e-11,6.6855e+04
1.0e+01,1.5330e-04,3.156e+02,1.467e-04,NL-B,1.0,4.7537e-11,1.7423e-11,6.6855e+04
1.0e+01,1.5330e-04,3.156e+02,1.467e-04,NL-A+F,1.0,4.2467e-12,2.5343e-12,1.9451e+04
1.0e+01,1.5330e-04,3.156e+02,1.467e-04,NL-B+F,1.0,4.8125e-12,2.5343e-12,1.9451e+04
1.0e+01,1.5330e-04,3.156e+02,1.467e-04,NL-A,1.8,5.7430e-12,4.3222e-12,2.3202e+04
1.0e+01,1.5330e-04,3.156e+02,1.467e-04,NL-B,1.8,1.2965e-11,4.3222e-12,2.3202e+04
1.0e+01,1.5330e-04,3.156e+02,1.467e-04,NL-A+F,1.8,3.3065e-12,2.7655e-12,1.9451e+04
1.0e+01,1.5330e-04,3.156e+02,1.467e-04,NL-B+F,1.8,4.0117e-12,2.7655e-12,1.9451e+04
1.0e+01,2.0910e-04,4.304e+02,1.467e-04,LIN-UV,1.0,3.3128e-06,4.8144e-06,4.6536e+05
1.0e+01,2.0910e-04,4.304e+02,1.467e-04,LIN-NL,1.0,4.2057e-14,1.2834e-13,7.0625e+03
1.0e+01,2.0910e-04,4.304e+02,1.467e-04,NL-A,1.0,3.7818e-11,2.7427e-11,5.6051e+04
1.0e+01,2.0910e-04,4.304e+02,1.467e-04,NL-B,1.0,8.4576e-11,2.9735e-11,2.2982e+05
1.0e+01,2.0910e-04,4.304e+02,1.467e-04,NL-A+F,1.0,6.5841e-12,4.1188e-12,1.6307e+04
1.0e+01,2.0910e-04,4.304e+02,1.467e-04,NL-B+F,1.0,7.5489e-12,4.1188e-12,1.6307e+04
1.0e+01,2.0910e-04,4.304e+02,1.467e-04,NL-A,1.8,8.9699e-12,6.9910e-12,1.9453e+04
1.0e+01,2.0910e-04,4.304e+02,1.467e-04,NL-B,1.8,2.2780e-11,7.1817e-12,2.2982e+05
1.0e+01,2.0910e-04,4.304e+02,1.467e-04,NL-A+F,1.8,5.1209e-12,4.4160e-12,1.6307e+04
1.0e+01,2.0910e-04,4.304e+02,1.467e-04,NL-B+F,1.8,6.2804e-12,4.4160e-12,1.6307e+04
1.0e+01,2.8520e-04,5.871e+02,1.467e-04,LIN-UV,1.0,1.6927e-05,2.4771e-05,4.6539e+05
1.0e+01,2.8520e-04,5.871e+02,1.467e-04,LIN-NL,1.0,4.7155e-14,1.5308e-13,6.2518e+03
1.0e+01,2.8520e-04,5.871e+02,1.467e-04,NL-A,1.0,5.6223e-11,4.0170e-11,5.6055e+04
1.0e+01,2.8520e-04,5.871e+02,1.467e-04,NL-B,1.0,1.3531e-10,4.7621e-11,2.2983e+05
1.0e+01,2.8520e-04,5.871e+02,1.467e-04,NL-A+F,1.0,9.8070e-12,6.7827e-12,1.6308e+04
1.0e+01,2.8520e-04,5.871e+02,1.467e-04,NL-B+F,1.0,1.1272e-11,6.7827e-12,1.6308e+04
1.0e+01,2.8520e-04,5.871e+02,1.467e-04,NL-A,1.8,1.3378e-11,1.0774e-11,1.6308e+04
1.0e+01,2.8520e-04,5.871e+02,1.467e-04,NL-B,1.8,3.7772e-11,1.2311e-11,2.2983e+05
1.0e+01,2.8520e-04,5.871e+02,1.467e-04,NL-A+F,1.8,7.6293e-12,7.0628e-12,1.6308e+04
1.0e+01,2.8520e-04,5.871e+02,1.467e-04,NL-B+F,1.8,9.4164e-12,7.0628e-12,1.6308e+04
1.0e+01,3.8899e-04,8.007e+02,1.467e-04,LIN-UV,1.0,8.6040e-05,1.2696e-04,4.6541e+05
1.0e+01,3.8899e-04,8.007e+02,1.467e-04,LIN-NL,1.0,5.1304e-14,1.7571e-13,5.8821e+03
1.0e+01,3.8899e-04,8.007e+02,1.467e-04,NL-A,1.0,7.9251e-11,5.6933e-11,4.6993e+04
1.0e+01,3.8899e-04,8.007e+02,1.467e-04,NL-B,1.0,2.1107e-10,7.6014e-11,2.2985e+05
1.0e+01,3.8899e-04,8.007e+02,1.467e-04,NL-A+F,1.0,1.4106e-11,1.0467e-11,1.3672e+04
1.0e+01,3.8899e-04,8.007e+02,1.467e-04,NL-B+F,1.0,1.6270e-11,1.0467e-11,1.3672e+04
1.0e+01,3.8899e-04,8.007e+02,1.467e-04,NL-A,1.8,1.9131e-11,1.6254e-11,1.6309e+04
1.0e+01,3.8899e-04,8.007e+02,1.467e-04,NL-B,1.8,5.6266e-11,1.8355e-11,2.2985e+05
1.0e+01,3.8899e-04,8.007e+02,1.467e-04,NL-A+F,1.8,1.0976e-11,1.0662e-11,1.3672e+04
1.0e+01,3.8899e-04,8.007e+02,1.467e-04,NL-B+F,1.8,1.3447e-11,1.0662e-11,1.3672e+04
1.0e+01,5.3057e-04,1.092e+03,1.467e-04,LIN-UV,1.0,4.3461e-04,6.4757e-04,4.6543e+05
1.0e+01,5.3057e-04,1.092e+03,1.467e-04,LIN-NL,1.0,5.4412e-14,1.9605e-13,5.3679e+03
1.0e+01,5.3057e-04,1.092e+03,1.467e-04,NL-A,1.0,1.0664e-10,7.3941e-11,4.6994e+04
1.0e+01,5.3057e-04,1.092e+03,1.467e-04,NL-B,1.0,3.0845e-10,1.1271e-10,2.2985e+05
1.0e+01,5.3057e-04,1.092e+03,1.467e-04,NL-A+F,1.0,1.9688e-11,1.6270e-11,1.3672e+04
1.0e+01,5.3057e-04,1.092e+03,1.467e-04,NL-B+F,1.0,2.2678e-11,1.6270e-11,1.3672e+04
1.0e+01,5.3057e-04,1.092e+03,1.467e-04,NL-A,1.8,2.6358e-11,2.3475e-11,1.3672e+04
1.0e+01,5.3057e-04,1.092e+03,1.467e-04,NL-B,1.8,8.2375e-11,2.7226e-11,2.2985e+05
1.0e+01,5.3057e-04,1.092e+03,1.467e-04,NL-A+F,1.8,1.5302e-11,1.5928e-11,1.3672e+04
1.0e+01,5.3057e-04,1.092e+03,1.467e-04,NL-B+F,1.8,1.8676e-11,1.5928e-11,1.3672e+04
1.0e+01,7.2367e-04,1.490e+03,1.467e-04,LIN-UV,1.0,2.1788e-03,3.2838e-03,4.6544e+05
1.0e+01,7.2367e-04,1.490e+03,1.467e-04,LIN-NL,1.0,5.6853e-14,2.1280e-13,5.2068e+03
1.0e+01,7.2367e-04,1.490e+03,1.467e-04,NL-A,1.0,1.3790e-10,9.4608e-11,3.9396e+04
1.0e+01,7.2367e-04,1.490e+03,1.467e-04,NL-B,1.0,4.2234e-10,1.5512e-10,2.2986e+05
1.0e+01,7.2367e-04,1.490e+03,1.467e-04,NL-A+F,1.0,2.6760e-11,2.3643e-11,1.3673e+04
1.0e+01,7.2367e-04,1.490e+03,1.467e-04,NL-B+F,1.0,3.0643e-11,2.3643e-11,1.3673e+04
1.0e+01,7.2367e-04,1.490e+03,1.467e-04,NL-A,1.8,3.5134e-11,3.3319e-11,1.3673e+04
1.0e+01,7.2367e-04,1.490e+03,1.467e-04,NL-B,1.8,1.1324e-10,3.7484e-11,2.2986e+05
1.0e+01,7.2367e-04,1.490e+03,1.467e-04,NL-A+F,1.8,2.0736e-11,2.2227e-11,1.3673e+04
1.0e+01,7.2367e-04,1.490e+03,1.467e-04,NL-B+F,1.8,2.5081e-11,2.2227e-11,1.3673e+04
1.0e+01,9.8705e-04,2.032e+03,1.467e-04,LIN-UV,1.0,1.0825e-02,1.6534e-02,4.6544e+05
1.0e+01,9.8705e-04,2.032e+03,1.467e-04,LIN-NL,1.0,5.8993e-14,2.2972e-13,4.8987e+03
1.0e+01,9.8705e-04,2.032e+03,1.467e-04,NL-A,1.0,1.7243e-10,1.1476e-10,3.9397e+04
1.0e+01,9.8705e-04,2.032e+03,1.467e-04,NL-B,1.0,5.4222e-10,1.9814e-10,2.2986e+05
1.0e+01,9.8705e-04,2.032e+03,1.467e-04,NL-A+F,1.0,3.5510e-11,3.3058e-11,1.1462e+04
1.0e+01,9.8705e-04,2.032e+03,1.467e-04,NL-B+F,1.0,4.0266e-11,3.3058e-11,1.1462e+04
1.0e+01,9.8705e-04,2.032e+03,1.467e-04,NL-A,1.8,4.5479e-11,4.4729e-11,1.3673e+04
1.0e+01,9.8705e-04,2.032e+03,1.467e-04,NL-B,1.8,1.4621e-10,4.7885e-11,2.2986e+05
1.0e+01,9.8705e-04,2.032e+03,1.467e-04,NL-A+F,1.8,2.7367e-11,3.0985e-11,1.1462e+04
1.0e+01,9.8705e-04,2.032e+03,1.467e-04,NL-B+F,1.8,3.2663e-11,3.0985e-11,1.1462e+04
1.0e+01,1.3463e-03,2.771e+03,1.467e-04,LIN-UV,1.0,5.3209e-02,8.2526e-02,4.6545e+05
1.0e+01,1.3463e-03,2.771e+03,1.467e-04,LIN-NL,1.0,6.0234e-14,2.4223e-13,4.7516e+03
1.0e+01,1.3463e-03,2.771e+03,1.467e-04,NL-A,1.0,2.0959e-10,1.3251e-10,3.9397e+04
1.0e+01,1.3463e-03,2.771e+03,1.467e-04,NL-B,1.0,6.8571e-10,2.5148e-10,2.2986e+05
1.0e+01,1.3463e-03,2.771e+03,1.467e-04,NL-A+F,1.0,4.6059e-11,4.7234e-11,1.1462e+04
1.0e+01,1.3463e-03,2.771e+03,1.467e-04,NL-B+F,1.0,5.1792e-11,4.7234e-11,1.1462e+04
1.0e+01,1.3463e-03,2.771e+03,1.467e-04,NL-A,1.8,5.7331e-11,5.8470e-11,1.1462e+04
1.0e+01,1.3463e-03,2.771e+03,1.467e-04,NL-B,1.8,1.8635e-10,6.0837e-11,2.2986e+05
1.0e+01,1.3463e-03,2.771e+03,1.467e-04,NL-A+F,1.8,3.5227e-11,4.2568e-11,1.1462e+04
1.0e+01,1.3463e-03,2.771e+03,1.467e-04,NL-B+F,1.8,4.1628e-11,4.2568e-11,1.1462e+04
1.0e+01,1.8363e-03,3.780e+03,1.467e-04,LIN-UV,1.0,2.5824e-01,4.0760e-01,4.6545e+05
1.0e+01,1.8363e-03,3.780e+03,1.467e-04,LIN-NL,1.0,6.1183e-14,2.5282e-13,4.6089e+03
1.0e+01,1.8363e-03,3.780e+03,1.467e-04,NL-A,1.0,2.4870e-10,1.5236e-10,3.3027e+04
1.0e+01,1.8363e-03,3.780e+03,1.467e-04,NL-B,1.0,8.1612e-10,2.9658e-10,2.2986e+05
1.0e+01,1.8363e-03,3.780e+03,1.467e-04,NL-A+F,1.0,5.8425e-11,6.4640e-11,1.1462e+04
1.0e+01,1.8363e-03,3.780e+03,1.467e-04,NL-B+F,1.0,6.4987e-11,6.4640e-11,1.1462e+04
1.0e+01,1.8363e-03,3.780e+03,1.467e-04,NL-A,1.8,7.0539e-11,7.6629e-11,1.1462e+04
1.0e+01,1.8363e-03,3.780e+03,1.467e-04,NL-B,1.8,1.8652e-09,8.0945e-10,2.2986e+05
1.0e+01,1.8363e-03,3.780e+03,1.467e-04,NL-A+F,1.8,4.4263e-11,5.6140e-11,1.1462e+04
1.0e+01,1.8363e-03,3.780e+03,1.467e-04,NL-B+F,1.8,1.3376e-10,6.3757e-11,1.6310e+04
1.0e+01,2.5046e-03,5.156e+03,1.467e-04,LIN-UV,1.0,1.2346e+00,1.9875e+00,4.6545e+05
1.0e+01,2.5046e-03,5.156e+03,1.467e-04,LIN-NL,1.0,6.2287e-14,2.6147e-13,4.4704e+03
1.0e+01,2.5046e-03,5.156e+03,1.467e-04,NL-A,1.0,2.8901e-10,1.7093e-10,3.3027e+04
1.0e+01,2.5046e-03,5.156e+03,1.467e-04,NL-B,1.0,9.6047e-10,3.4792e-10,2.2987e+05
1.0e+01,2.5046e-03,5.156e+03,1.467e-04,NL-A+F,1.0,7.2481e-11,8.5166e-11,1.1462e+04
1.0e+01,2.5046e-03,5.156e+03,1.467e-04,NL-B+F,1.0,7.9910e-11,8.5166e-11,1.1462e+04
1.0e+01,2.5046e-03,5.156e+03,1.467e-04,NL-A,1.8,8.4842e-11,9.6840e-11,1.1462e+04
1.0e+01,2.5046e-03,5.156e+03,1.467e-04,NL-B,1.8,2.4008e-09,1.0419e-09,2.2987e+05
1.0e+01,2.5046e-03,5.156e+03,1.467e-04,NL-A+F,1.8,5.4329e-11,7.1488e-11,1.1462e+04
1.0e+01,2.5046e-03,5.156e+03,1.467e-04,NL-B+F,1.8,1.7091e-10,8.1649e-11,1.6311e+04
1.0e+01,3.4161e-03,7.032e+03,1.467e-04,LIN-UV,1.0,5.7995e+00,9.5433e+00,4.6545e+05
1.0e+01,3.4161e-03,7.032e+03,1.467e-04,LIN-NL,1.0,6.3091e-14,2.6570e-13,4.3361e+03
1.0e+01,3.4161e-03,7.032e+03,1.467e-04,NL-A,1.0,3.2979e-10,1.8853e-10,1.3673e+04
1.0e+01,3.4161e-03,7.032e+03,1.467e-04,NL-B,1.0,1.0674e-09,3.7991e-10,2.2987e+05
1.0e+01,3.4161e-03,7.032e+03,1.467e-04,NL-A+F,1.0,8.7966e-11,1.0847e-10,1.1462e+04
1.0e+01,3.4161e-03,7.032e+03,1.467e-04,NL-B+F,1.0,9.5995e-11,1.0847e-10,1.1462e+04
1.0e+01,3.4161e-03,7.032e+03,1.467e-04,NL-A,1.8,9.9916e-11,1.1861e-10,1.1462e+04
1.0e+01,3.4161e-03,7.032e+03,1.467e-04,NL-B,1.8,3.2572e-09,1.4167e-09,2.2987e+05
1.0e+01,3.4161e-03,7.032e+03,1.467e-04,NL-A+F,1.8,6.5197e-11,8.8286e-11,1.1462e+04
1.0e+01,3.4161e-03,7.032e+03,1.467e-04,NL-B+F,1.8,2.2369e-10,1.0748e-10,1.6311e+04
1.0e+01,4.6594e-03,9.591e+03,1.467e-04,LIN-UV,1.0,2.6686e+01,4.4980e+01,4.6545e+05
1.0e+01,4.6594e-03,9.591e+03,1.467e-04,LIN-NL,1.0,6.2767e-14,2.7472e-13,4.3361e+03
1.0e+01,4.6594e-03,9.591e+03,1.467e-04,NL-A,1.0,3.7019e-10,2.2286e-10,1.3673e+04
1.0e+01,4.6594e-03,9.591e+03,1.467e-04,NL-B,1.0,1.1766e-09,4.1322e-10,2.2987e+05
1.0e+01,4.6594e-03,9.591e+03,1.467e-04,NL-A+F,1.0,1.0447e-10,1.3393e-10,1.1462e+04
1.0e+01,4.6594e-03,9.591e+03,1.467e-04,NL-B+F,1.0,1.1308e-10,1.3393e-10,1.1462e+04
1.0e+01,4.6594e-03,9.591e+03,1.467e-04,NL-A,1.8,1.1535e-10,1.4134e-10,1.1462e+04
1.0e+01,4.6594e-03,9.591e+03,1.467e-04,NL-B,1.8,4.0697e-09,1.7713e-09,2.2987e+05
1.0e+01,4.6594e-03,9.591e+03,1.467e-04,NL-A+F,1.8,7.6560e-11,1.0607e-10,1.1462e+04
1.0e+01,4.6594e-03,9.591e+03,1.467e-04,NL-B+F,1.8,2.7582e-10,1.3310e-10,1.6311e+04
1.0e+01,6.3552e-03,1.308e+04,1.467e-04,LIN-UV,1.0,1.1989e+02,2.0734e+02,4.6545e+05
1.0e+01,6.3552e-03,1.308e+04,1.467e-04,LIN-NL,1.0,6.4036e-14,2.7570e-13,4.3362e+03
1.0e+01,6.3552e-03,1.308e+04,1.467e-04,NL-A,1.0,4.0943e-10,2.6280e-10,1.1462e+04
1.0e+01,6.3552e-03,1.308e+04,1.467e-04,NL-B,1.0,1.2878e-09,4.4820e-10,2.2987e+05
1.0e+01,6.3552e-03,1.308e+04,1.467e-04,NL-A+F,1.0,1.2151e-10,1.6079e-10,1.1462e+04
1.0e+01,6.3552e-03,1.308e+04,1.467e-04,NL-B+F,1.0,1.3069e-10,1.6079e-10,1.1462e+04
1.0e+01,6.3552e-03,1.308e+04,1.467e-04,NL-A,1.8,1.3074e-10,1.6436e-10,1.1462e+04
1.0e+01,6.3552e-03,1.308e+04,1.467e-04,NL-B,1.8,4.6810e-09,2.0364e-09,2.2987e+05
1.0e+01,6.3552e-03,1.308e+04,1.467e-04,NL-A+F,1.8,8.8085e-11,1.2434e-10,1.1462e+04
1.0e+01,6.3552e-03,1.308e+04,1.467e-04,NL-B+F,1.8,3.2078e-10,1.5491e-10,1.6311e+04
1.0e+01,8.6682e-03,1.784e+04,1.467e-04,LIN-UV,1.0,5.2382e+02,9.3086e+02,4.6546e+05
1.0e+01,8.6682e-03,1.784e+04,1.467e-04,LIN-NL,1.0,6.3939e-14,2.8288e-13,4.2059e+03
1.0e+01,8.6682e-03,1.784e+04,1.467e-04,NL-A,1.0,4.4678e-10,3.0310e-10,1.1462e+04
1.0e+01,8.6682e-03,1.784e+04,1.467e-04,NL-B,1.0,1.4006e-09,4.8499e-10,2.2987e+05
1.0e+01,8.6682e-03,1.784e+04,1.467e-04,NL-A+F,1.0,1.3858e-10,1.8816e-10,1.1462e+04
1.0e+01,8.6682e-03,1.784e+04,1.467e-04,NL-B+F,1.0,1.4832e-10,1.8816e-10,1.1462e+04
1.0e+01,8.6682e-03,1.784e+04,1.467e-04,NL-A,1.8,1.4568e-10,1.8704e-10,1.1462e+04
1.0e+01,8.6682e-03,1.784e+04,1.467e-04,NL-B,1.8,5.6560e-09,2.4633e-09,2.2987e+05
1.0e+01,8.6682e-03,1.784e+04,1.467e-04,NL-A+F,1.8,9.9443e-11,1.4254e-10,1.1462e+04
1.0e+01,8.6682e-03,1.784e+04,1.467e-04,NL-B+F,1.8,3.8077e-10,1.8480e-10,1.6311e+04
1.0e+01,1.1823e-02,2.434e+04,1.467e-04,LIN-UV,1.0,2.2168e+03,4.0505e+03,4.6546e+05
1.0e+01,1.1823e-02,2.434e+04,1.467e-04,LIN-NL,1.0,6.4114e-14,2.8667e-13,4.2059e+03
1.0e+01,1.1823e-02,2.434e+04,1.467e-04,NL-A,1.0,4.8165e-10,3.4219e-10,1.1462e+04
1.0e+01,1.1823e-02,2.434e+04,1.467e-04,NL-B,1.0,1.5145e-09,5.2354e-10,2.2987e+05
1.0e+01,1.1823e-02,2.434e+04,1.467e-04,NL-A+F,1.0,1.5519e-10,2.1520e-10,1.1462e+04
1.0e+01,1.1823e-02,2.434e+04,1.467e-04,NL-B+F,1.0,1.6547e-10,2.1520e-10,1.1462e+04
1.0e+01,1.1823e-02,2.434e+04,1.467e-04,NL-A,1.8,1.5984e-10,2.0881e-10,1.1462e+04
1.0e+01,1.1823e-02,2.434e+04,1.467e-04,NL-B,1.8,6.2930e-09,2.7400e-09,2.2987e+05
1.0e+01,1.1823e-02,2.434e+04,1.467e-04,NL-A+F,1.8,1.1034e-10,1.6019e-10,1.1462e+04
1.0e+01,1.1823e-02,2.434e+04,1.467e-04,NL-B+F,1.8,4.2690e-10,2.0738e-10,1.6311e+04
1.0e+01,1.6126e-02,3.320e+04,1.467e-04,LIN-UV,1.0,9.0448e+03,1.6991e+04,4.6546e+05
1.0e+01,1.6126e-02,3.320e+04,1.467e-04,LIN-NL,1.0,6.4767e-14,2.8766e-13,4.2059e+03
1.0e+01,1.6126e-02,3.320e+04,1.467e-04,NL-A,1.0,5.1362e-10,3.7916e-10,1.1462e+04
1.0e+01,1.6126e-02,3.320e+04,1.467e-04,NL-B,1.0,1.5559e-09,5.2746e-10,2.2987e+05
1.0e+01,1.6126e-02,3.320e+04,1.467e-04,NL-A+F,1.0,1.7094e-10,2.4117e-10,1.1462e+04
1.0e+01,1.6126e-02,3.320e+04,1.467e-04,NL-B+F,1.0,1.8138e-10,2.4117e-10,1.1462e+04
1.0e+01,1.6126e-02,3.320e+04,1.467e-04,NL-A,1.8,1.7298e-10,2.2922e-10,1.1462e+04
1.0e+01,1.6126e-02,3.320e+04,1.467e-04,NL-B,1.8,6.8928e-09,3.0007e-09,2.2987e+05
1.0e+01,1.6126e-02,3.320e+04,1.467e-04,NL-A+F,1.8,1.2055e-10,1.7688e-10,1.1462e+04
1.0e+01,1.6126e-02,3.320e+04,1.467e-04,NL-B+F,1.8,4.7062e-10,2.2882e-10,1.6311e+04
1.0e+01,2.1995e-02,4.528e+04,1.467e-04,LIN-UV,1.0,3.5405e+04,6.8305e+04,4.6546e+05
1.0e+01,2.1995e-02,4.528e+04,1.467e-04,LIN-NL,1.0,6.4971e-14,2.8714e-13,4.0795e+03
1.0e+01,2.1995e-02,4.528e+04,1.467e-04,NL-A,1.0,5.4243e-10,4.1333e-10,1.1462e+04
1.0e+01,2.1995e-02,4.528e+04,1.467e-04,NL-B,1.0,1.6667e-09,5.6764e-10,2.2987e+05
1.0e+01,2.1995e-02,4.528e+04,1.467e-04,NL-A+F,1.0,1.8554e-10,2.6549e-10,1.1462e+04
1.0e+01,2.1995e-02,4.528e+04,1.467e-04,NL-B+F,1.0,1.9650e-10,2.6549e-10,1.1462e+04
1.0e+01,2.1995e-02,4.528e+04,1.467e-04,NL-A,1.8,1.8492e-10,2.4795e-10,1.1462e+04
1.0e+01,2.1995e-02,4.528e+04,1.467e-04,NL-B,1.8,7.9660e-09,3.4724e-09,2.2987e+05
1.0e+01,2.1995e-02,4.528e+04,1.467e-04,NL-A+F,1.8,1.2991e-10,1.9231e-10,1.1462e+04
1.0e+01,2.1995e-02,4.528e+04,1.467e-04,NL-B+F,1.8,5.3165e-10,2.5987e-10,1.6311e+04
1.0e+01,3.0000e-02,6.176e+04,1.467e-04,LIN-UV,1.0,1.3227e+05,2.6148e+05,4.6546e+05
1.0e+01,3.0000e-02,6.176e+04,1.467e-04,LIN-NL,1.0,6.4882e-14,2.9096e-13,4.0795e+03
1.0e+01,3.0000e-02,6.176e+04,1.467e-04,NL-A,1.0,5.6800e-10,4.4428e-10,1.1462e+04
1.0e+01,3.0000e-02,6.176e+04,1.467e-04,NL-B,1.0,1.6993e-09,5.7058e-10,2.2987e+05
1.0e+01,3.0000e-02,6.176e+04,1.467e-04,NL-A+F,1.0,1.9880e-10,2.8776e-10,1.1462e+04
1.0e+01,3.0000e-02,6.176e+04,1.467e-04,NL-B+F,1.0,2.0986e-10,2.8776e-10,1.1462e+04
1.0e+01,3.0000e-02,6.176e+04,1.467e-04,NL-A,1.8,1.9559e-10,2.6482e-10,1.1462e+04
1.0e+01,3.0000e-02,6.176e+04,1.467e-04,NL-B,1.8,8.5111e-09,3.7098e-09,2.2987e+05
1.0e+01,3.0000e-02,6.176e+04,1.467e-04,NL-A+F,1.8,1.3833e-10,2.0629e-10,1.1462e+04
1.0e+01,3.0000e-02,6.176e+04,1.467e-04,NL-B+F,1.8,5.7038e-10,2.7901e-10,1.6311e+04
1.0e+01,5.0000e-02,1.029e+05,1.467e-04,LIN-UV,1.0,1.0305e+06,2.1039e+06,4.6546e+05
1.0e+01,5.0000e-02,1.029e+05,1.467e-04,LIN-NL,1.0,6.4389e-14,2.9491e-13,4.0796e+03
1.0e+01,5.0000e-02,1.029e+05,1.467e-04,NL-A,1.0,6.0324e-10,4.8782e-10,1.1462e+04
1.0e+01,5.0000e-02,1.029e+05,1.467e-04,NL-B,1.0,1.7427e-09,5.7391e-10,2.2987e+05
1.0e+01,5.0000e-02,1.029e+05,1.467e-04,NL-A+F,1.0,2.1749e-10,3.1944e-10,1.1462e+04
1.0e+01,5.0000e-02,1.029e+05,1.467e-04,NL-B+F,1.0,2.2868e-10,3.1944e-10,1.1462e+04
1.0e+01,5.0000e-02,1.029e+05,1.467e-04,NL-A,1.8,2.1039e-10,2.8841e-10,1.1462e+04
1.0e+01,5.0000e-02,1.029e+05,1.467e-04,NL-B,1.8,9.2772e-09,4.0435e-09,2.2987e+05
1.0e+01,5.0000e-02,1.029e+05,1.467e-04,NL-A+F,1.8,1.5008e-10,2.2596e-10,1.1462e+04
1.0e+01,5.0000e-02,1.029e+05,1.467e-04,NL-B+F,1.8,6.2501e-10,3.0605e-10,1.6311e+04
1.0e+01,1.0000e-01,2.059e+05,1.467e-04,LIN-UV,1.0,1.2762e+07,2.6778e+07,5.5524e+05
1.0e+01,1.0000e-01,2.059e+05,1.467e-04,LIN-NL,1.0,6.4877e-14,2.9754e-13,4.0796e+03
1.0e+01,1.0000e-01,2.059e+05,1.467e-04,NL-A,1.0,6.3888e-10,5.3282e-10,1.1462e+04
1.0e+01,1.0000e-01,2.059e+05,1.467e-04,NL-B,1.0,1.8677e-09,6.1763e-10,2.2987e+05
1.0e+01,1.0000e-01,2.059e+05,1.467e-04,NL-A+F,1.0,2.3685e-10,3.5257e-10,1.1462e+04
1.0e+01,1.0000e-01,2.059e+05,1.467e-04,NL-B+F,1.0,2.4861e-10,3.5257e-10,1.1462e+04
1.0e+01,1.0000e-01,2.059e+05,1.467e-04,NL-A,1.8,2.2544e-10,3.1264e-10,1.1462e+04
1.0e+01,1.0000e-01,2.059e+05,1.467e-04,NL-B,1.8,1.0069e-08,4.3884e-09,2.2987e+05
1.0e+01,1.0000e-01,2.059e+05,1.467e-04,NL-A+F,1.8,1.6213e-10,2.4630e-10,1.1462e+04
1.0e+01,1.0000e-01,2.059e+05,1.467e-04,NL-B+F,1.8,6.8165e-10,3.3415e-10,1.6311e+04
1.0e+01,1.7000e-01,3.499e+05,1.467e-04,LIN-UV,1.0,6.8928e+07,1.6334e+08,5.5524e+05
1.0e+01,1.7000e-01,3.499e+05,1.467e-04,LIN-NL,1.0,6.5183e-14,2.9847e-13,4.0796e+03
1.0e+01,1.7000e-01,3.499e+05,1.467e-04,NL-A,1.0,6.5840e-10,5.5784e-10,1.1462e+04
1.0e+01,1.7000e-01,3.499e+05,1.467e-04,NL-B,1.0,1.8916e-09,6.1945e-10,2.2987e+05
1.0e+01,1.7000e-01,3.499e+05,1.467e-04,NL-A+F,1.0,2.4764e-10,3.7115e-10,1.1462e+04
1.0e+01,1.7000e-01,3.499e+05,1.467e-04,NL-B+F,1.0,2.5947e-10,3.7115e-10,1.1462e+04
1.0e+01,1.7000e-01,3.499e+05,1.467e-04,NL-A,1.8,2.3372e-10,3.2605e-10,1.1462e+04
1.0e+01,1.7000e-01,3.499e+05,1.467e-04,NL-B,1.8,1.0509e-08,4.5803e-09,2.2987e+05
1.0e+01,1.7000e-01,3.499e+05,1.467e-04,NL-A+F,1.8,1.6879e-10,2.5761e-10,1.1462e+04
1.0e+01,1.7000e-01,3.499e+05,1.467e-04,NL-B+F,1.8,7.1323e-10,3.4983e-10,1.6311e+04
1.0e+01,3.0000e-01,6.176e+05,1.467e-04,LIN-UV,1.0,3.2610e+08,8.6764e+08,5.5524e+05
1.0e+01,3.0000e-01,6.176e+05,1.467e-04,LIN-NL,1.0,6.5372e-14,2.9896e-13,4.0796e+03
1.0e+01,3.0000e-01,6.176e+05,1.467e-04,NL-A,1.0,6.7358e-10,5.7749e-10,1.1462e+04
1.0e+01,3.0000e-01,6.176e+05,1.467e-04,NL-B,1.0,1.9100e-09,6.2075e-10,2.2987e+05
1.0e+01,3.0000e-01,6.176e+05,1.467e-04,NL-A+F,1.0,2.5613e-10,3.8582e-10,1.1462e+04
1.0e+01,3.0000e-01,6.176e+05,1.467e-04,NL-B+F,1.0,2.6800e-10,3.8582e-10,1.1462e+04
1.0e+01,3.0000e-01,6.176e+05,1.467e-04,NL-A,1.8,2.4017e-10,3.3656e-10,1.1462e+04
1.0e+01,3.0000e-01,6.176e+05,1.467e-04,NL-B,1.8,1.0855e-08,4.7310e-09,2.2987e+05
1.0e+01,3.0000e-01,6.176e+05,1.467e-04,NL-A+F,1.8,1.7400e-10,2.6650e-10,1.1462e+04
1.0e+01,3.0000e-01,6.176e+05,1.467e-04,NL-B+F,1.8,7.3807e-10,3.6218e-10,1.6311e+04
1.0e+01,5.5000e-01,1.132e+06,1.467e-04,LIN-UV,1.0,1.2777e+09,3.7666e+09,5.5524e+05
1.0e+01,5.5000e-01,1.132e+06,1.467e-04,LIN-NL,1.0,6.5486e-14,2.9920e-13,4.0796e+03
1.0e+01,5.5000e-01,1.132e+06,1.467e-04,NL-A,1.0,6.8494e-10,5.9228e-10,1.1462e+04
1.0e+01,5.5000e-01,1.132e+06,1.467e-04,NL-B,1.0,1.9235e-09,6.2164e-10,2.2987e+05
1.0e+01,5.5000e-01,1.132e+06,1.467e-04,NL-A+F,1.0,2.6252e-10,3.9691e-10,1.1462e+04
1.0e+01,5.5000e-01,1.132e+06,1.467e-04,NL-B+F,1.0,2.7443e-10,3.9691e-10,1.1462e+04
1.0e+01,5.5000e-01,1.132e+06,1.467e-04,NL-A,1.8,2.4500e-10,3.4445e-10,1.1462e+04
1.0e+01,5.5000e-01,1.132e+06,1.467e-04,NL-B,1.8,1.1115e-08,4.8445e-09,2.2987e+05
1.0e+01,5.5000e-01,1.132e+06,1.467e-04,NL-A+F,1.8,1.7791e-10,2.7319e-10,1.1462e+04
1.0e+01,5.5000e-01,1.132e+06,1.467e-04,NL-B+F,1.8,7.5679e-10,3.7149e-10,1.6311e+04
1.0e+01,1.0000e+00,2.059e+06,1.467e-04,LIN-UV,1.0,3.6989e+09,1.1799e+10,5.5524e+05
1.0e+01,1.0000e+00,2.059e+06,1.467e-04,LIN-NL,1.0,6.5551e-14,2.9931e-13,4.0796e+03
1.0e+01,1.0000e+00,2.059e+06,1.467e-04,NL-A,1.0,6.9263e-10,6.0234e-10,1.1462e+04
1.0e+01,1.0000e+00,2.059e+06,1.467e-04,NL-B,1.0,1.9326e-09,6.2222e-10,2.2987e+05
1.0e+01,1.0000e+00,2.059e+06,1.467e-04,NL-A+F,1.0,2.6687e-10,4.0446e-10,1.1462e+04
1.0e+01,1.0000e+00,2.059e+06,1.467e-04,NL-B+F,1.0,2.7880e-10,4.0446e-10,1.1462e+04
1.0e+01,1.0000e+00,2.059e+06,1.467e-04,NL-A,1.8,2.4827e-10,3.4981e-10,1.1462e+04
1.0e+01,1.0000e+00,2.059e+06,1.467e-04,NL-B,1.8,1.1292e-08,4.9217e-09,2.2987e+05
1.0e+01,1.0000e+00,2.059e+06,1.467e-04,NL-A+F,1.8,1.8056e-10,2.7774e-10,1.1462e+04
1.0e+01,1.0000e+00,2.059e+06,1.467e-04,NL-B+F,1.8,7.6952e-10,3.7783e-10,1.6311e+04
1.0e+02,1.4574e-07,3.000e+00,2.871e-05,LIN-UV,1.0,3.5368e-19,4.9347e-19,6.6142e+04
1.0e+02,1.4574e-07,3.000e+00,2.871e-05,LIN-NL,1.0,1.2570e-19,1.9963e-19,3.9463e+04
1.0e+02,1.4574e-07,3.000e+00,2.871e-05,NL-A,1.0,2.9428e-19,3.8641e-19,5.4264e+04
1.0e+02,1.4574e-07,3.000e+00,2.871e-05,NL-B,1.0,2.9424e-19,3.8640e-19,5.4264e+04
1.0e+02,1.4574e-07,3.000e+00,2.871e-05,NL-A+F,1.0,2.2657e-19,2.8969e-19,5.4264e+04
1.0e+02,1.4574e-07,3.000e+00,2.871e-05,NL-B+F,1.0,2.2652e-19,2.8968e-19,5.4264e+04
1.0e+02,1.4574e-07,3.000e+00,2.871e-05,NL-A,1.8,2.7672e-19,3.5818e-19,5.4264e+04
1.0e+02,1.4574e-07,3.000e+00,2.871e-05,NL-B,1.8,2.7669e-19,3.5817e-19,5.4264e+04
1.0e+02,1.4574e-07,3.000e+00,2.871e-05,NL-A+F,1.8,2.5531e-19,3.2521e-19,5.4264e+04
1.0e+02,1.4574e-07,3.000e+00,2.871e-05,NL-B+F,1.8,2.5528e-19,3.2521e-19,5.4264e+04
1.0e+02,2.1361e-07,4.397e+00,2.871e-05,LIN-UV,1.0,2.9341e-18,4.0791e-18,6.8250e+04
1.0e+02,2.1361e-07,4.397e+00,2.871e-05,LIN-NL,1.0,3.9356e-19,6.5606e-19,2.8881e+04
1.0e+02,2.1361e-07,4.397e+00,2.871e-05,NL-A,1.0,2.1039e-18,2.6391e-18,5.5977e+04
1.0e+02,2.1361e-07,4.397e+00,2.871e-05,NL-B,1.0,2.1038e-18,2.6391e-18,5.5977e+04
1.0e+02,2.1361e-07,4.397e+00,2.871e-05,NL-A+F,1.0,1.6172e-18,1.8859e-18,5.5977e+04
1.0e+02,2.1361e-07,4.397e+00,2.871e-05,NL-B+F,1.0,1.6171e-18,1.8858e-18,5.5977e+04
1.0e+02,2.1361e-07,4.397e+00,2.871e-05,NL-A,1.8,1.8840e-18,2.2687e-18,5.5977e+04
1.0e+02,2.1361e-07,4.397e+00,2.871e-05,NL-B,1.8,1.8842e-18,2.2687e-18,5.5977e+04
1.0e+02,2.1361e-07,4.397e+00,2.871e-05,NL-A+F,1.8,1.7316e-18,2.0252e-18,5.5977e+04
1.0e+02,2.1361e-07,4.397e+00,2.871e-05,NL-B+F,1.8,1.7317e-18,2.0252e-18,5.5977e+04
1.0e+02,3.1309e-07,6.445e+00,2.871e-05,LIN-UV,1.0,2.3579e-17,3.2702e-17,6.9799e+04
1.0e+02,3.1309e-07,6.445e+00,2.871e-05,LIN-NL,1.0,1.1341e-18,1.9670e-18,2.0942e+04
1.0e+02,3.1309e-07,6.445e+00,2.871e-05,NL-A,1.0,1.1705e-17,1.2362e-17,5.7238e+04
1.0e+02,3.1309e-07,6.445e+00,2.871e-05,NL-B,1.0,1.1706e-17,1.2362e-17,5.7238e+04
1.0e+02,3.1309e-07,6.445e+00,2.871e-05,NL-A+F,1.0,8.2893e-18,7.8511e-18,4.6937e+04
1.0e+02,3.1309e-07,6.445e+00,2.871e-05,NL-B+F,1.0,8.2894e-18,7.8511e-18,4.6937e+04
1.0e+02,3.1309e-07,6.445e+00,2.871e-05,NL-A,1.8,9.6179e-18,9.4364e-18,4.6937e+04
1.0e+02,3.1309e-07,6.445e+00,2.871e-05,NL-B,1.8,9.6191e-18,9.4364e-18,4.6937e+04
1.0e+02,3.1309e-07,6.445e+00,2.871e-05,NL-A+F,1.8,8.6087e-18,8.2563e-18,4.6937e+04
1.0e+02,3.1309e-07,6.445e+00,2.871e-05,NL-B+F,1.8,8.6096e-18,8.2563e-18,4.6937e+04
1.0e+02,4.5890e-07,9.446e+00,2.871e-05,LIN-UV,1.0,1.8559e-16,2.5702e-16,7.0885e+04
1.0e+02,4.5890e-07,9.446e+00,2.871e-05,LIN-NL,1.0,3.0490e-18,5.4445e-18,1.5079e+04
1.0e+02,4.5890e-07,9.446e+00,2.871e-05,NL-A,1.0,5.4641e-17,4.5971e-17,4.7658e+04
1.0e+02,4.5890e-07,9.446e+00,2.871e-05,NL-B,1.0,5.4641e-17,4.5971e-17,4.7658e+04
1.0e+02,4.5890e-07,9.446e+00,2.871e-05,NL-A+F,1.0,3.4177e-17,2.7779e-17,3.9077e+04
1.0e+02,4.5890e-07,9.446e+00,2.871e-05,NL-B+F,1.0,3.4177e-17,2.7779e-17,3.9077e+04
1.0e+02,4.5890e-07,9.446e+00,2.871e-05,NL-A,1.8,3.9437e-17,3.3724e-17,3.9077e+04
1.0e+02,4.5890e-07,9.446e+00,2.871e-05,NL-B,1.8,3.9437e-17,3.3724e-17,3.9077e+04
1.0e+02,4.5890e-07,9.446e+00,2.871e-05,NL-A+F,1.8,3.4137e-17,2.8615e-17,3.9077e+04
1.0e+02,4.5890e-07,9.446e+00,2.871e-05,NL-B+F,1.8,3.4137e-17,2.8615e-17,3.9077e+04
1.0e+02,6.7261e-07,1.385e+01,2.871e-05,LIN-UV,1.0,1.4429e-15,1.9964e-15,7.1620e+04
1.0e+02,6.7261e-07,1.385e+01,2.871e-05,LIN-NL,1.0,7.7208e-18,1.4089e-17,1.0803e+04
1.0e+02,6.7261e-07,1.385e+01,2.871e-05,NL-A,1.0,2.3333e-16,1.5937e-16,5.8721e+04
1.0e+02,6.7261e-07,1.385e+01,2.871e-05,NL-B,1.0,2.3333e-16,1.5937e-16,5.8721e+04
1.0e+02,6.7261e-07,1.385e+01,2.871e-05,NL-A+F,1.0,1.2548e-16,8.8078e-17,2.6537e+04
1.0e+02,6.7261e-07,1.385e+01,2.871e-05,NL-B+F,1.0,1.2548e-16,8.8078e-17,2.6537e+04
1.0e+02,6.7261e-07,1.385e+01,2.871e-05,NL-A,1.8,1.3916e-16,1.0965e-16,2.6537e+04
1.0e+02,6.7261e-07,1.385e+01,2.871e-05,NL-B,1.8,1.3916e-16,1.0965e-16,2.6537e+04
1.0e+02,6.7261e-07,1.385e+01,2.871e-05,NL-A+F,1.8,1.1648e-16,9.2811e-17,2.6537e+04
1.0e+02,6.7261e-07,1.385e+01,2.871e-05,NL-B+F,1.8,1.1648e-16,9.2811e-17,2.6537e+04
1.0e+02,9.8585e-07,2.029e+01,2.871e-05,LIN-UV,1.0,1.1142e-14,1.5410e-14,7.2101e+04
1.0e+02,9.8585e-07,2.029e+01,2.871e-05,LIN-NL,1.0,1.8641e-17,3.4671e-17,7.9813e+03
1.0e+02,9.8585e-07,2.029e+01,2.871e-05,NL-A,1.0,9.2297e-16,5.8229e-16,4.8467e+04
1.0e+02,9.8585e-07,2.029e+01,2.871e-05,NL-B,1.0,9.2297e-16,5.8229e-16,4.8467e+04
1.0e+02,9.8585e-07,2.029e+01,2.871e-05,NL-A+F,1.0,4.2418e-16,2.5960e-16,2.1900e+04
1.0e+02,9.8585e-07,2.029e+01,2.871e-05,NL-B+F,1.0,4.2418e-16,2.5960e-16,2.1900e+04
1.0e+02,9.8585e-07,2.029e+01,2.871e-05,NL-A,1.8,4.3728e-16,3.3196e-16,2.1900e+04
1.0e+02,9.8585e-07,2.029e+01,2.871e-05,NL-B,1.8,4.4396e-16,3.3196e-16,2.1900e+04
1.0e+02,9.8585e-07,2.029e+01,2.871e-05,NL-A+F,1.8,3.5461e-16,2.6920e-16,2.1900e+04
1.0e+02,9.8585e-07,2.029e+01,2.871e-05,NL-B+F,1.8,3.5841e-16,2.6920e-16,2.1900e+04
1.0e+02,1.4450e-06,2.974e+01,2.871e-05,LIN-UV,1.0,8.5740e-14,1.1856e-13,7.2410e+04
1.0e+02,1.4450e-06,2.974e+01,2.871e-05,LIN-NL,1.0,4.3318e-17,8.1977e-17,5.6845e+03
1.0e+02,1.4450e-06,2.974e+01,2.871e-05,NL-A,1.0,3.2699e-15,2.0261e-15,3.9906e+04
1.0e+02,1.4450e-06,2.974e+01,2.871e-05,NL-B,1.0,3.2765e-15,2.0261e-15,3.9906e+04
1.0e+02,1.4450e-06,2.974e+01,2.871e-05,NL-A+F,1.0,1.3070e-15,6.9655e-16,1.4783e+04
1.0e+02,1.4450e-06,2.974e+01,2.871e-05,NL-B+F,1.0,1.3082e-15,6.9655e-16,1.4783e+04
1.0e+02,1.4450e-06,2.974e+01,2.871e-05,NL-A,1.8,1.2606e-15,9.1656e-16,1.4783e+04
1.0e+02,1.4450e-06,2.974e+01,2.871e-05,NL-B,1.8,1.3311e-15,9.1656e-16,1.4783e+04
1.0e+02,1.4450e-06,2.974e+01,2.871e-05,NL-A+F,1.8,9.9091e-16,7.4104e-16,1.4783e+04
1.0e+02,1.4450e-06,2.974e+01,2.871e-05,NL-B+F,1.8,1.0266e-15,7.4104e-16,1.4783e+04
1.0e+02,2.1179e-06,4.360e+01,2.871e-05,LIN-UV,1.0,6.5859e-13,9.1078e-13,7.2605e+04
1.0e+02,2.1179e-06,4.360e+01,2.871e-05,LIN-NL,1.0,9.7733e-17,1.8727e-16,4.0425e+03
1.0e+02,2.1179e-06,4.360e+01,2.871e-05,NL-A,1.0,1.0323e-14,6.5669e-15,3.2804e+04
1.0e+02,2.1179e-06,4.360e+01,2.871e-05,NL-B,1.0,1.0754e-14,6.5669e-15,3.2804e+04
1.0e+02,2.1179e-06,4.360e+01,2.871e-05,NL-A+F,1.0,3.6619e-15,1.7806e-15,1.2152e+04
1.0e+02,2.1179e-06,4.360e+01,2.871e-05,NL-B+F,1.0,3.7257e-15,1.7806e-15,1.2152e+04
1.0e+02,2.1179e-06,4.360e+01,2.871e-05,NL-A,1.8,3.4025e-15,2.4446e-15,1.2152e+04
1.0e+02,2.1179e-06,4.360e+01,2.871e-05,NL-B,1.8,3.8544e-15,2.4446e-15,1.2152e+04
1.0e+02,2.1179e-06,4.360e+01,2.871e-05,NL-A+F,1.8,2.5900e-15,1.8707e-15,1.2152e+04
1.0e+02,2.1179e-06,4.360e+01,2.871e-05,NL-B+F,1.8,2.7852e-15,1.8707e-15,1.2152e+04
1.0e+02,3.1043e-06,6.390e+01,2.871e-05,LIN-UV,1.0,5.0539e-12,6.9916e-12,7.2727e+04
1.0e+02,3.1043e-06,6.390e+01,2.871e-05,LIN-NL,1.0,2.1390e-16,4.1508e-16,2.9723e+03
1.0e+02,3.1043e-06,6.390e+01,2.871e-05,NL-A,1.0,2.9839e-14,1.9487e-14,2.2087e+04
1.0e+02,3.1043e-06,6.390e+01,2.871e-05,NL-B,1.0,3.3609e-14,1.9487e-14,2.2087e+04
1.0e+02,3.1043e-06,6.390e+01,2.871e-05,NL-A+F,1.0,9.4909e-15,4.3878e-15,2.2087e+04
1.0e+02,3.1043e-06,6.390e+01,2.871e-05,NL-B+F,1.0,9.9371e-15,4.3878e-15,2.2087e+04
1.0e+02,3.1043e-06,6.390e+01,2.871e-05,NL-A,1.8,8.6918e-15,6.0179e-15,9.9790e+03
1.0e+02,3.1043e-06,6.390e+01,2.871e-05,NL-B,1.8,1.0816e-14,6.0179e-15,9.9790e+03
1.0e+02,3.1043e-06,6.390e+01,2.871e-05,NL-A+F,1.8,6.4009e-15,4.5803e-15,8.1814e+03
1.0e+02,3.1043e-06,6.390e+01,2.871e-05,NL-B+F,1.8,7.1589e-15,4.5803e-15,8.1814e+03
1.0e+02,4.5499e-06,9.366e+01,2.871e-05,LIN-UV,1.0,3.8757e-11,5.3647e-11,7.2801e+04
1.0e+02,4.5499e-06,9.366e+01,2.871e-05,LIN-NL,1.0,4.5047e-16,8.9703e-16,2.1103e+03
1.0e+02,4.5499e-06,9.366e+01,2.871e-05,NL-A,1.0,8.0420e-14,5.5394e-14,1.8126e+04
1.0e+02,4.5499e-06,9.366e+01,2.871e-05,NL-B,1.0,1.0325e-13,5.5394e-14,1.8126e+04
1.0e+02,4.5499e-06,9.366e+01,2.871e-05,NL-A+F,1.0,2.3075e-14,1.1183e-14,1.8126e+04
1.0e+02,4.5499e-06,9.366e+01,2.871e-05,NL-B+F,1.0,2.5090e-14,1.1183e-14,1.8126e+04
1.0e+02,4.5499e-06,9.366e+01,2.871e-05,NL-A,1.8,2.1151e-14,1.4547e-14,6.7143e+03
1.0e+02,4.5499e-06,9.366e+01,2.871e-05,NL-B,1.8,3.0060e-14,1.4547e-14,6.7143e+03
1.0e+02,4.5499e-06,9.366e+01,2.871e-05,NL-A+F,1.8,1.5062e-14,1.0412e-14,5.5048e+03
1.0e+02,4.5499e-06,9.366e+01,2.871e-05,NL-B+F,1.8,1.7590e-14,1.0412e-14,5.5048e+03
1.0e+02,6.6689e-06,1.373e+02,2.871e-05,LIN-UV,1.0,2.9703e-10,4.1149e-10,7.2847e+04
1.0e+02,6.6689e-06,1.373e+02,2.871e-05,LIN-NL,1.0,9.0688e-16,1.8624e-15,1.5501e+03
1.0e+02,6.6689e-06,1.373e+02,2.871e-05,NL-A,1.0,2.0333e-13,1.4187e-13,1.4870e+04
1.0e+02,6.6689e-06,1.373e+02,2.871e-05,NL-B,1.0,3.0842e-13,1.4194e-13,1.4870e+04
1.0e+02,6.6689e-06,1.373e+02,2.871e-05,NL-A+F,1.0,5.2949e-14,2.6013e-14,1.4870e+04
1.0e+02,6.6689e-06,1.373e+02,2.871e-05,NL-B+F,1.0,5.9776e-14,2.6021e-14,1.4870e+04
1.0e+02,6.6689e-06,1.373e+02,2.871e-05,NL-A,1.8,4.9203e-14,3.3069e-14,5.5082e+03
1.0e+02,6.6689e-06,1.373e+02,2.871e-05,NL-B,1.8,8.4052e-14,3.3069e-14,5.5082e+03
1.0e+02,6.6689e-06,1.373e+02,2.871e-05,NL-A+F,1.8,3.3885e-14,2.3626e-14,4.5159e+03
1.0e+02,6.6689e-06,1.373e+02,2.871e-05,NL-B+F,1.8,4.1481e-14,2.3626e-14,4.5159e+03
1.0e+02,9.7747e-06,2.012e+02,2.871e-05,LIN-UV,1.0,2.2749e-09,3.1550e-09,7.2875e+04
1.0e+02,9.7747e-06,2.012e+02,2.871e-05,LIN-NL,1.0,1.7069e-15,3.6657e-15,1.1383e+03
1.0e+02,9.7747e-06,2.012e+02,2.871e-05,NL-A,1.0,4.8239e-13,3.4587e-13,9.9991e+03
1.0e+02,9.7747e-06,2.012e+02,2.871e-05,NL-B,1.0,8.8711e-13,3.4587e-13,9.9991e+03
1.0e+02,9.7747e-06,2.012e+02,2.871e-05,NL-A+F,1.0,1.1487e-13,5.7531e-14,9.9991e+03
1.0e+02,9.7747e-06,2.012e+02,2.871e-05,NL-B+F,1.0,1.3422e-13,5.7531e-14,9.9991e+03
1.0e+02,9.7747e-06,2.012e+02,2.871e-05,NL-A,1.8,1.0945e-13,7.3789e-14,3.7038e+03
1.0e+02,9.7747e-06,2.012e+02,2.871e-05,NL-B,1.8,2.4001e-13,7.6421e-14,4.0160e+04
1.0e+02,9.7747e-06,2.012e+02,2.871e-05,NL-A+F,1.8,7.2953e-14,5.0451e-14,3.0366e+03
1.0e+02,9.7747e-06,2.012e+02,2.871e-05,NL-B+F,1.8,9.4075e-14,5.0451e-14,3.0366e+03
1.0e+02,1.4327e-05,2.949e+02,2.871e-05,LIN-UV,1.0,1.7407e-08,2.4176e-08,7.2892e+04
1.0e+02,1.4327e-05,2.949e+02,2.871e-05,LIN-NL,1.0,2.9393e-15,6.7313e-15,8.6502e+02
1.0e+02,1.4327e-05,2.949e+02,2.871e-05,NL-A,1.0,1.0705e-12,7.8108e-13,8.1997e+03
1.0e+02,1.4327e-05,2.949e+02,2.871e-05,NL-B,1.0,2.5472e-12,9.5577e-13,4.0169e+04
1.0e+02,1.4327e-05,2.949e+02,2.871e-05,NL-A+F,1.0,2.3535e-13,1.1841e-13,8.1997e+03
1.0e+02,1.4327e-05,2.949e+02,2.871e-05,NL-B+F,1.0,2.8611e-13,1.1852e-13,8.1997e+03
1.0e+02,1.4327e-05,2.949e+02,2.871e-05,NL-A,1.8,2.3194e-13,1.5608e-13,3.0373e+03
1.0e+02,1.4327e-05,2.949e+02,2.871e-05,NL-B,1.8,6.4227e-13,2.2363e-13,4.0169e+04
1.0e+02,1.4327e-05,2.949e+02,2.871e-05,NL-A+F,1.8,1.4993e-13,1.0625e-13,2.4902e+03
1.0e+02,1.4327e-05,2.949e+02,2.871e-05,NL-B+F,1.8,1.9976e-13,1.0625e-13,2.4902e+03
1.0e+02,2.0999e-05,4.323e+02,2.871e-05,LIN-UV,1.0,1.3304e-07,1.8512e-07,7.2903e+04
1.0e+02,2.0999e-05,4.323e+02,2.871e-05,LIN-NL,1.0,4.5949e-15,1.1329e-14,6.8024e+02
1.0e+02,2.0999e-05,4.323e+02,2.871e-05,NL-A,1.0,2.2127e-12,1.6090e-12,6.7235e+03
1.0e+02,2.0999e-05,4.323e+02,2.871e-05,NL-B,1.0,6.6937e-12,2.6383e-12,4.0175e+04
1.0e+02,2.0999e-05,4.323e+02,2.871e-05,NL-A+F,1.0,4.5486e-13,2.2421e-13,6.7235e+03
1.0e+02,2.0999e-05,4.323e+02,2.871e-05,NL-B+F,1.0,5.6941e-13,2.2567e-13,6.7235e+03
1.0e+02,2.0999e-05,4.323e+02,2.871e-05,NL-A,1.8,4.6581e-13,3.1861e-13,2.0419e+03
1.0e+02,2.0999e-05,4.323e+02,2.871e-05,NL-B,1.8,1.7464e-12,6.6450e-13,4.0175e+04
1.0e+02,2.0999e-05,4.323e+02,2.871e-05,NL-A+F,1.8,2.9305e-13,2.1037e-13,2.0419e+03
1.0e+02,2.0999e-05,4.323e+02,2.871e-05,NL-B+F,1.8,4.0695e-13,2.1037e-13,2.0419e+03
1.0e+02,3.0779e-05,6.336e+02,2.871e-05,LIN-UV,1.0,1.0153e-06,1.4162e-06,7.2909e+04
1.0e+02,3.0779e-05,6.336e+02,2.871e-05,LIN-NL,1.0,6.4287e-15,1.7296e-14,5.5360e+02
1.0e+02,3.0779e-05,6.336e+02,2.871e-05,NL-A,1.0,4.2328e-12,3.0686e-12,4.5197e+03
1.0e+02,3.0779e-05,6.336e+02,2.871e-05,NL-B,1.0,1.6649e-11,6.8578e-12,4.0178e+04
1.0e+02,3.0779e-05,6.336e+02,2.871e-05,NL-A+F,1.0,8.2693e-13,3.9490e-13,5.5128e+03
1.0e+02,3.0779e-05,6.336e+02,2.871e-05,NL-B+F,1.0,1.0648e-12,4.0137e-13,5.5128e+03
1.0e+02,3.0779e-05,6.336e+02,2.871e-05,NL-A,1.8,8.7988e-13,6.2076e-13,1.6742e+03
1.0e+02,3.0779e-05,6.336e+02,2.871e-05,NL-B,1.8,4.3144e-12,1.7273e-12,4.0178e+04
1.0e+02,3.0779e-05,6.336e+02,2.871e-05,NL-A+F,1.8,5.4176e-13,4.0885e-13,1.3726e+03
1.0e+02,3.0779e-05,6.336e+02,2.871e-05,NL-B+F,1.8,7.7169e-13,4.0885e-13,1.3726e+03
1.0e+02,4.5113e-05,9.286e+02,2.871e-05,LIN-UV,1.0,7.7337e-06,1.0820e-05,7.2913e+04
1.0e+02,4.5113e-05,9.286e+02,2.871e-05,LIN-NL,1.0,8.2289e-15,2.4048e-14,4.6626e+02
1.0e+02,4.5113e-05,9.286e+02,2.871e-05,NL-A,1.0,7.4712e-12,5.4398e-12,4.5199e+03
1.0e+02,4.5113e-05,9.286e+02,2.871e-05,NL-B,1.0,3.6762e-11,1.5521e-11,4.0181e+04
1.0e+02,4.5113e-05,9.286e+02,2.871e-05,NL-A+F,1.0,1.4153e-12,6.9771e-13,1.1254e+03
1.0e+02,4.5113e-05,9.286e+02,2.871e-05,NL-B+F,1.0,1.8536e-12,6.9771e-13,1.1254e+03
1.0e+02,4.5113e-05,9.286e+02,2.871e-05,NL-A,1.8,1.5573e-12,1.1438e-12,1.3726e+03
1.0e+02,4.5113e-05,9.286e+02,2.871e-05,NL-B,1.8,9.4915e-12,3.9108e-12,4.0181e+04
1.0e+02,4.5113e-05,9.286e+02,2.871e-05,NL-A+F,1.8,9.4561e-13,7.5456e-13,1.1254e+03
1.0e+02,4.5113e-05,9.286e+02,2.871e-05,NL-B+F,1.8,1.3602e-12,7.5456e-13,1.1254e+03
1.0e+02,6.6122e-05,1.361e+03,2.871e-05,LIN-UV,1.0,5.8761e-05,8.2536e-05,7.2915e+04
1.0e+02,6.6122e-05,1.361e+03,2.871e-05,LIN-NL,1.0,9.7221e-15,3.0841e-14,4.0642e+02
1.0e+02,6.6122e-05,1.361e+03,2.871e-05,NL-A,1.0,1.2177e-11,8.9944e-12,3.7058e+03
1.0e+02,6.6122e-05,1.361e+03,2.871e-05,NL-B,1.0,7.5698e-11,3.2721e-11,4.0182e+04
1.0e+02,6.6122e-05,1.361e+03,2.871e-05,NL-A+F,1.0,2.2886e-12,1.2520e-12,1.1254e+03
1.0e+02,6.6122e-05,1.361e+03,2.871e-05,NL-B+F,1.0,3.0405e-12,1.2520e-12,1.1254e+03
1.0e+02,6.6122e-05,1.361e+03,2.871e-05,NL-A,1.8,2.5822e-12,1.9994e-12,1.1254e+03
1.0e+02,6.6122e-05,1.361e+03,2.871e-05,NL-B,1.8,1.8313e-11,7.6533e-12,4.0182e+04
1.0e+02,6.6122e-05,1.361e+03,2.871e-05,NL-A+F,1.8,1.5603e-12,1.3181e-12,1.1254e+03
1.0e+02,6.6122e-05,1.361e+03,2.871e-05,NL-B+F,1.8,2.2304e-12,1.3181e-12,1.1254e+03
1.0e+02,9.6916e-05,1.995e+03,2.871e-05,LIN-UV,1.0,4.4506e-04,6.2826e-04,7.2916e+04
1.0e+02,9.6916e-05,1.995e+03,2.871e-05,LIN-NL,1.0,1.0924e-14,3.6921e-14,3.6663e+02
1.0e+02,9.6916e-05,1.995e+03,2.871e-05,NL-A,1.0,1.8432e-11,1.3593e-11,3.0383e+03
1.0e+02,9.6916e-05,1.995e+03,2.871e-05,NL-B,1.0,1.3563e-10,5.9266e-11,4.0183e+04
1.0e+02,9.6916e-05,1.995e+03,2.871e-05,NL-A+F,1.0,3.5202e-12,2.2439e-12,9.2269e+02
1.0e+02,9.6916e-05,1.995e+03,2.871e-05,NL-B+F,1.0,4.6737e-12,2.2439e-12,9.2269e+02
1.0e+02,9.6916e-05,1.995e+03,2.871e-05,NL-A,1.8,4.0292e-12,3.2785e-12,9.2269e+02
1.0e+02,9.6916e-05,1.995e+03,2.871e-05,NL-B,1.8,3.2792e-11,1.3867e-11,4.0183e+04
1.0e+02,9.6916e-05,1.995e+03,2.871e-05,NL-A+F,1.8,2.4452e-12,2.2811e-12,9.2269e+02
1.0e+02,9.6916e-05,1.995e+03,2.871e-05,NL-B+F,1.8,3.4655e-12,2.2811e-12,9.2269e+02
1.0e+02,1.4205e-04,2.924e+03,2.871e-05,LIN-UV,1.0,3.3573e-03,4.7693e-03,7.2917e+04
1.0e+02,1.4205e-04,2.924e+03,2.871e-05,LIN-NL,1.0,1.1833e-14,4.2676e-14,3.3074e+02
1.0e+02,1.4205e-04,2.924e+03,2.871e-05,NL-A,1.0,2.6144e-11,1.8352e-11,2.4910e+03
1.0e+02,1.4205e-04,2.924e+03,2.871e-05,NL-B,1.0,2.1001e-10,9.1852e-11,4.0183e+04
1.0e+02,1.4205e-04,2.924e+03,2.871e-05,NL-A+F,1.0,5.1884e-12,3.5959e-12,9.2270e+02
1.0e+02,1.4205e-04,2.924e+03,2.871e-05,NL-B+F,1.0,6.7777e-12,3.5959e-12,9.2270e+02
1.0e+02,1.4205e-04,2.924e+03,2.871e-05,NL-A,1.8,5.9548e-12,5.2272e-12,9.2270e+02
1.0e+02,1.4205e-04,2.924e+03,2.871e-05,NL-B,1.8,5.4292e-11,2.3155e-11,4.0183e+04
1.0e+02,1.4205e-04,2.924e+03,2.871e-05,NL-A+F,1.8,3.6588e-12,3.5261e-12,7.5648e+02
1.0e+02,1.4205e-04,2.924e+03,2.871e-05,NL-B+F,1.8,5.1220e-12,3.5261e-12,7.5648e+02
1.0e+02,2.0820e-04,4.286e+03,2.871e-05,LIN-UV,1.0,2.5196e-02,3.6079e-02,7.2918e+04
1.0e+02,2.0820e-04,4.286e+03,2.871e-05,LIN-NL,1.0,1.2455e-14,4.7255e-14,3.0878e+02
1.0e+02,2.0820e-04,4.286e+03,2.871e-05,NL-A,1.0,3.5104e-11,2.4561e-11,2.4910e+03
1.0e+02,2.0820e-04,4.286e+03,2.871e-05,NL-B,1.0,3.1976e-10,1.4091e-10,4.0183e+04
1.0e+02,2.0820e-04,4.286e+03,2.871e-05,NL-A+F,1.0,7.3725e-12,5.9586e-12,7.5649e+02
1.0e+02,2.0820e-04,4.286e+03,2.871e-05,NL-B+F,1.0,9.5109e-12,5.9586e-12,7.5649e+02
1.0e+02,2.0820e-04,4.286e+03,2.871e-05,NL-A,1.8,8.3923e-12,7.7253e-12,7.5649e+02
1.0e+02,2.0820e-04,4.286e+03,2.871e-05,NL-B,1.8,7.7576e-11,3.3001e-11,4.0183e+04
1.0e+02,2.0820e-04,4.286e+03,2.871e-05,NL-A+F,1.8,5.2521e-12,5.6520e-12,7.5649e+02
1.0e+02,2.0820e-04,4.286e+03,2.871e-05,NL-B+F,1.8,7.1381e-12,5.6520e-12,7.5649e+02
1.0e+02,3.0517e-04,6.282e+03,2.871e-05,LIN-UV,1.0,1.8786e-01,2.7170e-01,7.2918e+04
1.0e+02,3.0517e-04,6.282e+03,2.871e-05,LIN-NL,1.0,1.2917e-14,5.0600e-14,2.9836e+02
1.0e+02,3.0517e-04,6.282e+03,2.871e-05,NL-A,1.0,4.5062e-11,3.0028e-11,2.4910e+03
1.0e+02,3.0517e-04,6.282e+03,2.871e-05,NL-B,1.0,4.2034e-10,1.8467e-10,4.0183e+04
1.0e+02,3.0517e-04,6.282e+03,2.871e-05,NL-A+F,1.0,1.0142e-11,9.2549e-12,7.5649e+02
1.0e+02,3.0517e-04,6.282e+03,2.871e-05,NL-B+F,1.0,1.2747e-11,9.2549e-12,7.5649e+02
1.0e+02,3.0517e-04,6.282e+03,2.871e-05,NL-A,1.8,1.1347e-11,1.1433e-11,7.5649e+02
1.0e+02,3.0517e-04,6.282e+03,2.871e-05,NL-B,1.8,1.0935e-10,4.6588e-11,4.0183e+04
1.0e+02,3.0517e-04,6.282e+03,2.871e-05,NL-A+F,1.8,7.2580e-12,8.3435e-12,7.5649e+02
1.0e+02,3.0517e-04,6.282e+03,2.871e-05,NL-B+F,1.8,9.6650e-12,8.3435e-12,7.5649e+02
1.0e+02,4.4729e-04,9.207e+03,2.871e-05,LIN-UV,1.0,1.3893e+00,2.0344e+00,7.2918e+04
1.0e+02,4.4729e-04,9.207e+03,2.871e-05,LIN-NL,1.0,1.3256e-14,5.3409e-14,2.7855e+02
1.0e+02,4.4729e-04,9.207e+03,2.871e-05,NL-A,1.0,5.5743e-11,3.5099e-11,2.0423e+03
1.0e+02,4.4729e-04,9.207e+03,2.871e-05,NL-B,1.0,5.4499e-10,2.3964e-10,4.0184e+04
1.0e+02,4.4729e-04,9.207e+03,2.871e-05,NL-A+F,1.0,1.3525e-11,1.3473e-11,7.5649e+02
1.0e+02,4.4729e-04,9.207e+03,2.871e-05,NL-B+F,1.0,1.6643e-11,1.3473e-11,7.5649e+02
1.0e+02,4.4729e-04,9.207e+03,2.871e-05,NL-A,1.8,1.4780e-11,1.5824e-11,7.5649e+02
1.0e+02,4.4729e-04,9.207e+03,2.871e-05,NL-B,1.8,1.4237e-10,6.0502e-11,4.0184e+04
1.0e+02,4.4729e-04,9.207e+03,2.871e-05,NL-A+F,1.8,9.6742e-12,1.1568e-11,7.5649e+02
1.0e+02,4.4729e-04,9.207e+03,2.871e-05,NL-B+F,1.8,1.2580e-11,1.1568e-11,7.5649e+02
1.0e+02,6.5560e-04,1.350e+04,2.871e-05,LIN-UV,1.0,1.0168e+01,1.5121e+01,7.2918e+04
1.0e+02,6.5560e-04,1.350e+04,2.871e-05,LIN-NL,1.0,1.3498e-14,5.5669e-14,2.7855e+02
1.0e+02,6.5560e-04,1.350e+04,2.871e-05,NL-A,1.0,6.6864e-11,4.0620e-11,2.0423e+03
1.0e+02,6.5560e-04,1.350e+04,2.871e-05,NL-B,1.0,6.5390e-10,2.8661e-10,4.0184e+04
1.0e+02,6.5560e-04,1.350e+04,2.871e-05,NL-A+F,1.0,1.7491e-11,1.8595e-11,7.5649e+02
1.0e+02,6.5560e-04,1.350e+04,2.871e-05,NL-B+F,1.0,2.1033e-11,1.8595e-11,7.5649e+02
1.0e+02,6.5560e-04,1.350e+04,2.871e-05,NL-A,1.8,1.8608e-11,2.0768e-11,7.5649e+02
1.0e+02,6.5560e-04,1.350e+04,2.871e-05,NL-B,1.8,1.8822e-09,8.7322e-10,4.0184e+04
1.0e+02,6.5560e-04,1.350e+04,2.871e-05,NL-A+F,1.8,1.2455e-11,1.5258e-11,7.5649e+02
1.0e+02,6.5560e-04,1.350e+04,2.871e-05,NL-B+F,1.8,4.8846e-11,1.9237e-11,1.1255e+03
1.0e+02,9.6091e-04,1.978e+04,2.871e-05,LIN-UV,1.0,7.3470e+01,1.1133e+02,7.2918e+04
1.0e+02,9.6091e-04,1.978e+04,2.871e-05,LIN-NL,1.0,1.3671e-14,5.8304e-14,2.6914e+02
1.0e+02,9.6091e-04,1.978e+04,2.871e-05,NL-A,1.0,7.8112e-11,4.5247e-11,2.0423e+03
1.0e+02,9.6091e-04,1.978e+04,2.871e-05,NL-B,1.0,7.2716e-10,3.1620e-10,4.0184e+04
1.0e+02,9.6091e-04,1.978e+04,2.871e-05,NL-A+F,1.0,2.1935e-11,2.4505e-11,7.5649e+02
1.0e+02,9.6091e-04,1.978e+04,2.871e-05,NL-B+F,1.0,2.5762e-11,2.4505e-11,7.5649e+02
1.0e+02,9.6091e-04,1.978e+04,2.871e-05,NL-A,1.8,2.2696e-11,2.6095e-11,7.5649e+02
1.0e+02,9.6091e-04,1.978e+04,2.871e-05,NL-B,1.8,2.4999e-09,1.1599e-09,4.0184e+04
1.0e+02,9.6091e-04,1.978e+04,2.871e-05,NL-A+F,1.8,1.5506e-11,1.9305e-11,7.5649e+02
1.0e+02,9.6091e-04,1.978e+04,2.871e-05,NL-B+F,1.8,6.4026e-11,2.5355e-11,1.1255e+03
1.0e+02,1.4084e-03,2.899e+04,2.871e-05,LIN-UV,1.0,5.2242e+02,8.0979e+02,7.2918e+04
1.0e+02,1.4084e-03,2.899e+04,2.871e-05,LIN-NL,1.0,1.3569e-14,5.9403e-14,2.6006e+02
1.0e+02,1.4084e-03,2.899e+04,2.871e-05,NL-A,1.0,8.9163e-11,5.4169e-11,7.5649e+02
1.0e+02,1.4084e-03,2.899e+04,2.871e-05,NL-B,1.0,8.5777e-10,3.7367e-10,4.0184e+04
1.0e+02,1.4084e-03,2.899e+04,2.871e-05,NL-A+F,1.0,2.6683e-11,3.0990e-11,7.5649e+02
1.0e+02,1.4084e-03,2.899e+04,2.871e-05,NL-B+F,1.0,3.0946e-11,3.0990e-11,7.5649e+02
1.0e+02,1.4084e-03,2.899e+04,2.871e-05,NL-A,1.8,2.6883e-11,3.1598e-11,7.5649e+02
1.0e+02,1.4084e-03,2.899e+04,2.871e-05,NL-B,1.8,3.2429e-09,1.5050e-09,4.0184e+04
1.0e+02,1.4084e-03,2.899e+04,2.871e-05,NL-A+F,1.8,1.8701e-11,2.4157e-11,6.2022e+02
1.0e+02,1.4084e-03,2.899e+04,2.871e-05,NL-B+F,1.8,8.1726e-11,3.2599e-11,1.1255e+03
1.0e+02,2.0643e-03,4.249e+04,2.871e-05,LIN-UV,1.0,3.6419e+03,5.8008e+03,7.2918e+04
1.0e+02,2.0643e-03,4.249e+04,2.871e-05,LIN-NL,1.0,1.3906e-14,6.0993e-14,2.6006e+02
1.0e+02,2.0643e-03,4.249e+04,2.871e-05,NL-A,1.0,9.9700e-11,6.4887e-11,7.5650e+02
1.0e+02,2.0643e-03,4.249e+04,2.871e-05,NL-B,1.0,9.4083e-10,4.0837e-10,4.0184e+04
1.0e+02,2.0643e-03,4.249e+04,2.871e-05,NL-A+F,1.0,3.1528e-11,3.7763e-11,7.5650e+02
1.0e+02,2.0643e-03,4.249e+04,2.871e-05,NL-B+F,1.0,3.6064e-11,3.7763e-11,7.5650e+02
1.0e+02,2.0643e-03,4.249e+04,2.871e-05,NL-A,1.8,3.1000e-11,3.7060e-11,7.5650e+02
1.0e+02,2.0643e-03,4.249e+04,2.871e-05,NL-B,1.8,4.1027e-09,1.9047e-09,4.0184e+04
1.0e+02,2.0643e-03,4.249e+04,2.871e-05,NL-A+F,1.8,2.1901e-11,2.9290e-11,6.2022e+02
1.0e+02,2.0643e-03,4.249e+04,2.871e-05,NL-B+F,1.8,1.0144e-10,4.0805e-11,1.1255e+03
1.0e+02,3.0257e-03,6.228e+04,2.871e-05,LIN-UV,1.0,2.4780e+04,4.0752e+04,7.2918e+04
1.0e+02,3.0257e-03,6.228e+04,2.871e-05,LIN-NL,1.0,1.3898e-14,6.1069e-14,2.6006e+02
1.0e+02,3.0257e-03,6.228e+04,2.871e-05,NL-A,1.0,1.0946e-10,7.5300e-11,7.5650e+02
1.0e+02,3.0257e-03,6.228e+04,2.871e-05,NL-B,1.0,9.6126e-10,4.1321e-10,4.0184e+04
1.0e+02,3.0257e-03,6.228e+04,2.871e-05,NL-A+F,1.0,3.6261e-11,4.4518e-11,7.5650e+02
1.0e+02,3.0257e-03,6.228e+04,2.871e-05,NL-B+F,1.0,4.0882e-11,4.4518e-11,7.5650e+02
1.0e+02,3.0257e-03,6.228e+04,2.871e-05,NL-A,1.8,3.4899e-11,4.2282e-11,7.5650e+02
1.0e+02,3.0257e-03,6.228e+04,2.871e-05,NL-B,1.8,5.0562e-09,2.3481e-09,4.0184e+04
1.0e+02,3.0257e-03,6.228e+04,2.871e-05,NL-A+F,1.8,2.4974e-11,3.4291e-11,6.2022e+02
1.0e+02,3.0257e-03,6.228e+04,2.871e-05,NL-B+F,1.8,1.2234e-10,4.9663e-11,1.1255e+03
1.0e+02,4.4348e-03,9.129e+04,2.871e-05,LIN-UV,1.0,1.6369e+05,2.7936e+05,7.2918e+04
1.0e+02,4.4348e-03,9.129e+04,2.871e-05,LIN-NL,1.0,1.3832e-14,6.2067e-14,2.5127e+02
1.0e+02,4.4348e-03,9.129e+04,2.871e-05,NL-A,1.0,1.1825e-10,8.5037e-11,7.5650e+02
1.0e+02,4.4348e-03,9.129e+04,2.871e-05,NL-B,1.0,1.0448e-09,4.4907e-10,4.0184e+04
1.0e+02,4.4348e-03,9.129e+04,2.871e-05,NL-A+F,1.0,4.0705e-11,5.0977e-11,7.5650e+02
1.0e+02,4.4348e-03,9.129e+04,2.871e-05,NL-B+F,1.0,4.5579e-11,5.0977e-11,7.5650e+02
1.0e+02,4.4348e-03,9.129e+04,2.871e-05,NL-A,1.8,3.8467e-11,4.7603e-11,6.2022e+02
1.0e+02,4.4348e-03,9.129e+04,2.871e-05,NL-B,1.8,5.6680e-09,2.6321e-09,4.0184e+04
1.0e+02,4.4348e-03,9.129e+04,2.871e-05,NL-A+F,1.8,2.7819e-11,3.8968e-11,6.2022e+02
1.0e+02,4.4348e-03,9.129e+04,2.871e-05,NL-B+F,1.8,1.3801e-10,5.6057e-11,1.1255e+03
1.0e+02,6.5002e-03,1.338e+05,2.871e-05,LIN-UV,1.0,1.0433e+06,1.8570e+06,7.2918e+04
1.0e+02,6.5002e-03,1.338e+05,2.871e-05,LIN-NL,1.0,1.4016e-14,6.3057e-14,2.5127e+02
1.0e+02,6.5002e-03,1.338e+05,2.871e-05,NL-A,1.0,1.2596e-10,9.3844e-11,7.5650e+02
1.0e+02,6.5002e-03,1.338e+05,2.871e-05,NL-B,1.0,1.0592e-09,4.5209e-10,4.0184e+04
1.0e+02,6.5002e-03,1.338e+05,2.871e-05,NL-A+F,1.0,4.4736e-11,5.6924e-11,7.5650e+02
1.0e+02,6.5002e-03,1.338e+05,2.871e-05,NL-B+F,1.0,4.9663e-11,5.6924e-11,7.5650e+02
1.0e+02,6.5002e-03,1.338e+05,2.871e-05,NL-A,1.8,4.1634e-11,5.2505e-11,6.2022e+02
1.0e+02,6.5002e-03,1.338e+05,2.871e-05,NL-B,1.8,6.2208e-09,2.8887e-09,4.0184e+04
1.0e+02,6.5002e-03,1.338e+05,2.871e-05,NL-A+F,1.8,3.0367e-11,4.3190e-11,6.2022e+02
1.0e+02,6.5002e-03,1.338e+05,2.871e-05,NL-B+F,1.8,1.5224e-10,6.1878e-11,1.1255e+03
1.0e+02,9.5274e-03,1.961e+05,2.871e-05,LIN-UV,1.0,6.3701e+06,1.1882e+07,7.2918e+04
1.0e+02,9.5274e-03,1.961e+05,2.871e-05,LIN-NL,1.0,1.4104e-14,6.3609e-14,2.5127e+02
1.0e+02,9.5274e-03,1.961e+05,2.871e-05,NL-A,1.0,1.3259e-10,1.0158e-10,7.5650e+02
1.0e+02,9.5274e-03,1.961e+05,2.871e-05,NL-B,1.0,1.1437e-09,4.8950e-10,4.0184e+04
1.0e+02,9.5274e-03,1.961e+05,2.871e-05,NL-A+F,1.0,4.8285e-11,6.2225e-11,7.5650e+02
1.0e+02,9.5274e-03,1.961e+05,2.871e-05,NL-B+F,1.0,5.3451e-11,6.2225e-11,7.5650e+02
1.0e+02,9.5274e-03,1.961e+05,2.871e-05,NL-A,1.8,4.4376e-11,5.6779e-11,6.2022e+02
1.0e+02,9.5274e-03,1.961e+05,2.871e-05,NL-B,1.8,6.7063e-09,3.1141e-09,4.0184e+04
1.0e+02,9.5274e-03,1.961e+05,2.871e-05,NL-A+F,1.8,3.2588e-11,4.6889e-11,6.2022e+02
1.0e+02,9.5274e-03,1.961e+05,2.871e-05,NL-B+F,1.8,1.6479e-10,6.7019e-11,1.1255e+03
1.0e+02,1.3964e-02,2.875e+05,2.871e-05,LIN-UV,1.0,3.6963e+07,7.2533e+07,7.2918e+04
1.0e+02,1.3964e-02,2.875e+05,2.871e-05,LIN-NL,1.0,1.4134e-14,6.3884e-14,2.5127e+02
1.0e+02,1.3964e-02,2.875e+05,2.871e-05,NL-A,1.0,1.3816e-10,1.0822e-10,7.5650e+02
1.0e+02,1.3964e-02,2.875e+05,2.871e-05,NL-B,1.0,1.1541e-09,4.9167e-10,4.0184e+04
1.0e+02,1.3964e-02,2.875e+05,2.871e-05,NL-A+F,1.0,5.1332e-11,6.6824e-11,7.5650e+02
1.0e+02,1.3964e-02,2.875e+05,2.871e-05,NL-B+F,1.0,5.6533e-11,6.6824e-11,7.5650e+02
1.0e+02,1.3964e-02,2.875e+05,2.871e-05,NL-A,1.8,4.6697e-11,6.0418e-11,6.2022e+02
1.0e+02,1.3964e-02,2.875e+05,2.871e-05,NL-B,1.8,7.1225e-09,3.3074e-09,4.0184e+04
1.0e+02,1.3964e-02,2.875e+05,2.871e-05,NL-A+F,1.8,3.4478e-11,5.0051e-11,6.2022e+02
1.0e+02,1.3964e-02,2.875e+05,2.871e-05,NL-B+F,1.8,1.7557e-10,7.1446e-11,1.1255e+03
1.0e+02,2.0468e-02,4.213e+05,2.871e-05,LIN-UV,1.0,2.0202e+08,4.1815e+08,7.2918e+04
1.0e+02,2.0468e-02,4.213e+05,2.871e-05,LIN-NL,1.0,1.4130e-14,6.3993e-14,2.5127e+02
1.0e+02,2.0468e-02,4.213e+05,2.871e-05,NL-A,1.0,1.4278e-10,1.1379e-10,7.5650e+02
1.0e+02,2.0468e-02,4.213e+05,2.871e-05,NL-B,1.0,1.1621e-09,4.9323e-10,4.0184e+04
1.0e+02,2.0468e-02,4.213e+05,2.871e-05,NL-A+F,1.0,5.3894e-11,7.0724e-11,7.5650e+02
1.0e+02,2.0468e-02,4.213e+05,2.871e-05,NL-B+F,1.0,5.9123e-11,7.0724e-11,7.5650e+02
1.0e+02,2.0468e-02,4.213e+05,2.871e-05,NL-A,1.8,4.8627e-11,6.3457e-11,6.2022e+02
1.0e+02,2.0468e-02,4.213e+05,2.871e-05,NL-B,1.8,7.4723e-09,3.4698e-09,4.0184e+04
1.0e+02,2.0468e-02,4.213e+05,2.871e-05,NL-A+F,1.8,3.6058e-11,5.2700e-11,6.2022e+02
1.0e+02,2.0468e-02,4.213e+05,2.871e-05,NL-B+F,1.8,1.8466e-10,7.5179e-11,1.1255e+03
1.0e+02,3.0000e-02,6.176e+05,2.871e-05,LIN-UV,1.0,1.0299e+09,2.2508e+09,7.2918e+04
1.0e+02,3.0000e-02,6.176e+05,2.871e-05,LIN-NL,1.0,1.4110e-14,6.4008e-14,2.5127e+02
1.0e+02,3.0000e-02,6.176e+05,2.871e-05,NL-A,1.0,1.4656e-10,1.1840e-10,7.5650e+02
1.0e+02,3.0000e-02,6.176e+05,2.871e-05,NL-B,1.0,1.1684e-09,4.9437e-10,4.0184e+04
1.0e+02,3.0000e-02,6.176e+05,2.871e-05,NL-A+F,1.0,5.6013e-11,7.3970e-11,7.5650e+02
1.0e+02,3.0000e-02,6.176e+05,2.871e-05,NL-B+F,1.0,6.1261e-11,7.3970e-11,7.5650e+02
1.0e+02,3.0000e-02,6.176e+05,2.871e-05,NL-A,1.8,5.0209e-11,6.5956e-11,6.2022e+02
1.0e+02,3.0000e-02,6.176e+05,2.871e-05,NL-B,1.8,7.7613e-09,3.6040e-09,4.0184e+04
1.0e+02,3.0000e-02,6.176e+05,2.871e-05,NL-A+F,1.8,3.7357e-11,5.4883e-11,6.2022e+02
1.0e+02,3.0000e-02,6.176e+05,2.871e-05,NL-B+F,1.8,1.9217e-10,7.8272e-11,1.1255e+03
1.0e+02,5.0000e-02,1.029e+06,2.871e-05,LIN-UV,1.0,8.0003e+09,1.8761e+10,7.2918e+04
1.0e+02,5.0000e-02,1.029e+06,2.871e-05,LIN-NL,1.0,1.4074e-14,6.3959e-14,2.5127e+02
1.0e+02,5.0000e-02,1.029e+06,2.871e-05,NL-A,1.0,1.5049e-10,1.2325e-10,7.5650e+02
1.0e+02,5.0000e-02,1.029e+06,2.871e-05,NL-B,1.0,1.1747e-09,4.9544e-10,4.0184e+04
1.0e+02,5.0000e-02,1.029e+06,2.871e-05,NL-A+F,1.0,5.8244e-11,7.7409e-11,7.5650e+02
1.0e+02,5.0000e-02,1.029e+06,2.871e-05,NL-B+F,1.0,6.3511e-11,7.7409e-11,7.5650e+02
1.0e+02,5.0000e-02,1.029e+06,2.871e-05,NL-A,1.8,5.1863e-11,6.8573e-11,6.2022e+02
1.0e+02,5.0000e-02,1.029e+06,2.871e-05,NL-B,1.8,8.6865e-09,4.0352e-09,4.0184e+04
1.0e+02,5.0000e-02,1.029e+06,2.871e-05,NL-A+F,1.8,3.8718e-11,5.7175e-11,6.2022e+02
1.0e+02,5.0000e-02,1.029e+06,2.871e-05,NL-B+F,1.8,2.0884e-10,8.5862e-11,1.1255e+03
1.0e+02,1.0000e-01,2.059e+06,2.871e-05,LIN-UV,1.0,9.8535e+10,2.5108e+11,7.2918e+04
1.0e+02,1.0000e-01,2.059e+06,2.871e-05,LIN-NL,1.0,1.4026e-14,6.3855e-14,2.5127e+02
1.0e+02,1.0000e-01,2.059e+06,2.871e-05,NL-A,1.0,1.5425e-10,1.2792e-10,7.5650e+02
1.0e+02,1.0000e-01,2.059e+06,2.871e-05,NL-B,1.0,1.2606e-09,5.3490e-10,4.0184e+04
1.0e+02,1.0000e-01,2.059e+06,2.871e-05,NL-A+F,1.0,6.0395e-11,8.0744e-11,7.5650e+02
1.0e+02,1.0000e-01,2.059e+06,2.871e-05,NL-B+F,1.0,6.5892e-11,8.0744e-11,7.5650e+02
1.0e+02,1.0000e-01,2.059e+06,2.871e-05,NL-A,1.8,5.3445e-11,7.1085e-11,6.2022e+02
1.0e+02,1.0000e-01,2.059e+06,2.871e-05,NL-B,1.8,9.0066e-09,4.1839e-09,4.0184e+04
1.0e+02,1.0000e-01,2.059e+06,2.871e-05,NL-A+F,1.8,4.0025e-11,5.9378e-11,6.2022e+02
1.0e+02,1.0000e-01,2.059e+06,2.871e-05,NL-B+F,1.8,2.1689e-10,8.9212e-11,1.1255e+03
1.0e+02,1.7000e-01,3.499e+06,2.871e-05,LIN-UV,1.0,5.2969e+11,1.4152e+12,7.2918e+04
1.0e+02,1.7000e-01,3.499e+06,2.871e-05,LIN-NL,1.0,1.3996e-14,6.3779e-14,2.5127e+02
1.0e+02,1.7000e-01,3.499e+06,2.871e-05,NL-A,1.0,1.5622e-10,1.3039e-10,7.5650e+02
1.0e+02,1.7000e-01,3.499e+06,2.871e-05,NL-B,1.0,1.2640e-09,5.3559e-10,4.0184e+04
1.0e+02,1.7000e-01,3.499e+06,2.871e-05,NL-A+F,1.0,6.1531e-11,8.2513e-11,7.5650e+02
1.0e+02,1.7000e-01,3.499e+06,2.871e-05,NL-B+F,1.0,6.7040e-11,8.2513e-11,7.5650e+02
1.0e+02,1.7000e-01,3.499e+06,2.871e-05,NL-A,1.8,5.4276e-11,7.2406e-11,6.2022e+02
1.0e+02,1.7000e-01,3.499e+06,2.871e-05,NL-B,1.8,9.1757e-09,4.2625e-09,4.0184e+04
1.0e+02,1.7000e-01,3.499e+06,2.871e-05,NL-A+F,1.8,4.0712e-11,6.0539e-11,6.2022e+02
1.0e+02,1.7000e-01,3.499e+06,2.871e-05,NL-B+F,1.8,2.2115e-10,9.0985e-11,1.1255e+03
1.0e+02,3.0000e-01,6.176e+06,2.871e-05,LIN-UV,1.0,2.4944e+12,6.8789e+12,7.2918e+04
1.0e+02,3.0000e-01,6.176e+06,2.871e-05,LIN-NL,1.0,1.3971e-14,6.3712e-14,2.5127e+02
1.0e+02,3.0000e-01,6.176e+06,2.871e-05,NL-A,1.0,1.5771e-10,1.3227e-10,7.5650e+02
1.0e+02,3.0000e-01,6.176e+06,2.871e-05,NL-B,1.0,1.2666e-09,5.3609e-10,4.0184e+04
1.0e+02,3.0000e-01,6.176e+06,2.871e-05,NL-A+F,1.0,6.2396e-11,8.3863e-11,7.5650e+02
1.0e+02,3.0000e-01,6.176e+06,2.871e-05,NL-B+F,1.0,6.7913e-11,8.3863e-11,7.5650e+02
1.0e+02,3.0000e-01,6.176e+06,2.871e-05,NL-A,1.8,5.4907e-11,7.3409e-11,6.2022e+02
1.0e+02,3.0000e-01,6.176e+06,2.871e-05,NL-B,1.8,9.3043e-09,4.3222e-09,4.0184e+04
1.0e+02,3.0000e-01,6.176e+06,2.871e-05,NL-A+F,1.8,4.1234e-11,6.1421e-11,6.2022e+02
1.0e+02,3.0000e-01,6.176e+06,2.871e-05,NL-B+F,1.8,2.2438e-10,9.2334e-11,1.1255e+03
1.0e+02,5.5000e-01,1.132e+07,2.871e-05,LIN-UV,1.0,9.7410e+12,2.7219e+13,7.2918e+04
1.0e+02,5.5000e-01,1.132e+07,2.871e-05,LIN-NL,1.0,1.3951e-14,6.3658e-14,2.5127e+02
1.0e+02,5.5000e-01,1.132e+07,2.871e-05,NL-A,1.0,1.5881e-10,1.3365e-10,7.5650e+02
1.0e+02,5.5000e-01,1.132e+07,2.871e-05,NL-B,1.0,1.2685e-09,5.3644e-10,4.0184e+04
1.0e+02,5.5000e-01,1.132e+07,2.871e-05,NL-A+F,1.0,6.3031e-11,8.4857e-11,7.5650e+02
1.0e+02,5.5000e-01,1.132e+07,2.871e-05,NL-B+F,1.0,6.8554e-11,8.4857e-11,7.5650e+02
1.0e+02,5.5000e-01,1.132e+07,2.871e-05,NL-A,1.8,5.5369e-11,7.4145e-11,6.2022e+02
1.0e+02,5.5000e-01,1.132e+07,2.871e-05,NL-B,1.8,9.3989e-09,4.3661e-09,4.0184e+04
1.0e+02,5.5000e-01,1.132e+07,2.871e-05,NL-A+F,1.8,4.1618e-11,6.2068e-11,6.2022e+02
1.0e+02,5.5000e-01,1.132e+07,2.871e-05,NL-B+F,1.8,2.2677e-10,9.3327e-11,1.1255e+03
1.0e+02,1.0000e+00,2.059e+07,2.871e-05,LIN-UV,1.0,2.8174e+13,7.8475e+13,7.2918e+04
1.0e+02,1.0000e+00,2.059e+07,2.871e-05,LIN-NL,1.0,1.3938e-14,6.3690e-14,2.4279e+02
1.0e+02,1.0000e+00,2.059e+07,2.871e-05,NL-A,1.0,1.5954e-10,1.3457e-10,7.5650e+02
1.0e+02,1.0000e+00,2.059e+07,2.871e-05,NL-B,1.0,1.2697e-09,5.3667e-10,4.0184e+04
1.0e+02,1.0000e+00,2.059e+07,2.871e-05,NL-A+F,1.0,6.3456e-11,8.5522e-11,7.5650e+02
1.0e+02,1.0000e+00,2.059e+07,2.871e-05,NL-B+F,1.0,6.8983e-11,8.5522e-11,7.5650e+02
1.0e+02,1.0000e+00,2.059e+07,2.871e-05,NL-A,1.8,5.5678e-11,7.4637e-11,6.2022e+02
1.0e+02,1.0000e+00,2.059e+07,2.871e-05,NL-B,1.8,9.4621e-09,4.3955e-09,4.0184e+04
1.0e+02,1.0000e+00,2.059e+07,2.871e-05,NL-A+F,1.8,4.1873e-11,6.2501e-11,6.2022e+02
1.0e+02,1.0000e+00,2.059e+07,2.871e-05,NL-B+F,1.8,2.2836e-10,9.3990e-11,1.1255e+03
1.0e+04,1.4574e-09,3.000e+00,1.100e-06,LIN-UV,1.0,4.4280e-22,6.3972e-22,1.4537e+03
1.0e+04,1.4574e-09,3.000e+00,1.100e-06,LIN-NL,1.0,1.4125e-22,2.3627e-22,8.8381e+02
1.0e+04,1.4574e-09,3.000e+00,1.100e-06,NL-A,1.0,3.6443e-22,4.7728e-22,1.1407e+03
1.0e+04,1.4574e-09,3.000e+00,1.100e-06,NL-B,1.0,3.6438e-22,4.7728e-22,1.1407e+03
1.0e+04,1.4574e-09,3.000e+00,1.100e-06,NL-A+F,1.0,3.2084e-22,4.1343e-22,1.1407e+03
1.0e+04,1.4574e-09,3.000e+00,1.100e-06,NL-B+F,1.0,3.2079e-22,4.1343e-22,1.1407e+03
1.0e+04,1.4574e-09,3.000e+00,1.100e-06,NL-A,1.8,3.4144e-22,4.4416e-22,1.1407e+03
1.0e+04,1.4574e-09,3.000e+00,1.100e-06,NL-B,1.8,3.4142e-22,4.4415e-22,1.1407e+03
1.0e+04,1.4574e-09,3.000e+00,1.100e-06,NL-A+F,1.8,3.2984e-22,4.2646e-22,1.1407e+03
1.0e+04,1.4574e-09,3.000e+00,1.100e-06,NL-B+F,1.8,3.2981e-22,4.2645e-22,1.1407e+03
1.0e+04,2.4667e-09,5.078e+00,1.100e-06,LIN-UV,1.0,8.1239e-21,1.1702e-20,1.5148e+03
1.0e+04,2.4667e-09,5.078e+00,1.100e-06,LIN-NL,1.0,5.9484e-22,1.0456e-21,5.5600e+02
1.0e+04,2.4667e-09,5.078e+00,1.100e-06,NL-A,1.0,5.0413e-21,6.2837e-21,1.1882e+03
1.0e+04,2.4667e-09,5.078e+00,1.100e-06,NL-B,1.0,5.0414e-21,6.2837e-21,1.1882e+03
1.0e+04,2.4667e-09,5.078e+00,1.100e-06,NL-A+F,1.0,4.3365e-21,5.2015e-21,1.1882e+03
1.0e+04,2.4667e-09,5.078e+00,1.100e-06,NL-B+F,1.0,4.3365e-21,5.2015e-21,1.1882e+03
1.0e+04,2.4667e-09,5.078e+00,1.100e-06,NL-A,1.8,4.3463e-21,5.1980e-21,1.1882e+03
1.0e+04,2.4667e-09,5.078e+00,1.100e-06,NL-B,1.8,4.3468e-21,5.1981e-21,1.1882e+03
1.0e+04,2.4667e-09,5.078e+00,1.100e-06,NL-A+F,1.8,4.1676e-21,4.9235e-21,1.1882e+03
1.0e+04,2.4667e-09,5.078e+00,1.100e-06,NL-B+F,1.8,4.1680e-21,4.9236e-21,1.1882e+03
1.0e+04,4.1751e-09,8.594e+00,1.100e-06,LIN-UV,1.0,1.4115e-19,2.0292e-19,1.5537e+03
1.0e+04,4.1751e-09,8.594e+00,1.100e-06,LIN-NL,1.0,2.2010e-21,4.0124e-21,3.5896e+02
1.0e+04,4.1751e-09,8.594e+00,1.100e-06,NL-A,1.0,4.4538e-20,4.2748e-20,1.2186e+03
1.0e+04,4.1751e-09,8.594e+00,1.100e-06,NL-B,1.0,4.4536e-20,4.2747e-20,1.2186e+03
1.0e+04,4.1751e-09,8.594e+00,1.100e-06,NL-A+F,1.0,3.5009e-20,3.1137e-20,9.5571e+02
1.0e+04,4.1751e-09,8.594e+00,1.100e-06,NL-B+F,1.0,3.5006e-20,3.1137e-20,9.5571e+02
1.0e+04,4.1751e-09,8.594e+00,1.100e-06,NL-A,1.8,3.2529e-20,2.9569e-20,9.5571e+02
1.0e+04,4.1751e-09,8.594e+00,1.100e-06,NL-B,1.8,3.2532e-20,2.9569e-20,9.5571e+02
1.0e+04,4.1751e-09,8.594e+00,1.100e-06,NL-A+F,1.8,3.0544e-20,2.7457e-20,9.5571e+02
1.0e+04,4.1751e-09,8.594e+00,1.100e-06,NL-B+F,1.8,3.0546e-20,2.7457e-20,9.5571e+02
1.0e+04,7.0667e-09,1.455e+01,1.100e-06,LIN-UV,1.0,2.3836e-18,3.4228e-18,1.5767e+03
1.0e+04,7.0667e-09,1.455e+01,1.100e-06,LIN-NL,1.0,7.4833e-21,1.3891e-20,2.2930e+02
1.0e+04,7.0667e-09,1.455e+01,1.100e-06,NL-A,1.0,3.2123e-19,2.4740e-19,1.2365e+03
1.0e+04,7.0667e-09,1.455e+01,1.100e-06,NL-B,1.0,3.2123e-19,2.4740e-19,1.2365e+03
1.0e+04,7.0667e-09,1.455e+01,1.100e-06,NL-A+F,1.0,2.2324e-19,1.4616e-19,7.6046e+02
1.0e+04,7.0667e-09,1.455e+01,1.100e-06,NL-B+F,1.0,2.2324e-19,1.4616e-19,7.6046e+02
1.0e+04,7.0667e-09,1.455e+01,1.100e-06,NL-A,1.8,1.7478e-19,1.3611e-19,5.9637e+02
1.0e+04,7.0667e-09,1.455e+01,1.100e-06,NL-B,1.8,1.7480e-19,1.3611e-19,5.9637e+02
1.0e+04,7.0667e-09,1.455e+01,1.100e-06,NL-A+F,1.8,1.6044e-19,1.2542e-19,5.9637e+02
1.0e+04,7.0667e-09,1.455e+01,1.100e-06,NL-B+F,1.8,1.6045e-19,1.2542e-19,5.9637e+02
1.0e+04,1.1961e-08,2.462e+01,1.100e-06,LIN-UV,1.0,3.9742e-17,5.7031e-17,1.5896e+03
1.0e+04,1.1961e-08,2.462e+01,1.100e-06,LIN-NL,1.0,2.3960e-20,4.4973e-20,1.4554e+02
1.0e+04,1.1961e-08,2.462e+01,1.100e-06,NL-A,1.0,1.9790e-18,1.3578e-18,9.7752e+02
1.0e+04,1.1961e-08,2.462e+01,1.100e-06,NL-B,1.0,1.9793e-18,1.3578e-18,9.7752e+02
1.0e+04,1.1961e-08,2.462e+01,1.100e-06,NL-A+F,1.0,1.2190e-18,7.2035e-19,9.7752e+02
1.0e+04,1.1961e-08,2.462e+01,1.100e-06,NL-B+F,1.0,1.2191e-18,7.2035e-19,9.7752e+02
1.0e+04,1.1961e-08,2.462e+01,1.100e-06,NL-A,1.8,7.5359e-19,5.3824e-19,4.7141e+02
1.0e+04,1.1961e-08,2.462e+01,1.100e-06,NL-B,1.8,7.8820e-19,5.3824e-19,4.7141e+02
1.0e+04,1.1961e-08,2.462e+01,1.100e-06,NL-A+F,1.8,6.7760e-19,4.8472e-19,3.6968e+02
1.0e+04,1.1961e-08,2.462e+01,1.100e-06,NL-B+F,1.8,7.0382e-19,4.8472e-19,3.6968e+02
1.0e+04,2.0245e-08,4.167e+01,1.100e-06,LIN-UV,1.0,6.5931e-16,9.4578e-16,1.5964e+03
1.0e+04,2.0245e-08,4.167e+01,1.100e-06,LIN-NL,1.0,7.4019e-20,1.3982e-19,9.2035e+01
1.0e+04,2.0245e-08,4.167e+01,1.100e-06,NL-A,1.0,9.5946e-18,6.5378e-18,7.6985e+02
1.0e+04,2.0245e-08,4.167e+01,1.100e-06,NL-B,1.0,1.0042e-17,6.5378e-18,7.6985e+02
1.0e+04,2.0245e-08,4.167e+01,1.100e-06,NL-A+F,1.0,5.3640e-18,3.1760e-18,7.6985e+02
1.0e+04,2.0245e-08,4.167e+01,1.100e-06,NL-B+F,1.0,5.5271e-18,3.1760e-18,7.6985e+02
1.0e+04,2.0245e-08,4.167e+01,1.100e-06,NL-A,1.8,2.8405e-18,1.9794e-18,2.9112e+02
1.0e+04,2.0245e-08,4.167e+01,1.100e-06,NL-B,1.8,3.2860e-18,1.9794e-18,2.9112e+02
1.0e+04,2.0245e-08,4.167e+01,1.100e-06,NL-A+F,1.8,2.5017e-18,1.7376e-18,2.9112e+02
1.0e+04,2.0245e-08,4.167e+01,1.100e-06,NL-B+F,1.8,2.8047e-18,1.7376e-18,2.9112e+02
1.0e+04,3.4266e-08,7.054e+01,1.100e-06,LIN-UV,1.0,1.0919e-14,1.5660e-14,1.6000e+03
1.0e+04,3.4266e-08,7.054e+01,1.100e-06,LIN-NL,1.0,2.2393e-19,4.2460e-19,5.5692e+01
1.0e+04,3.4266e-08,7.054e+01,1.100e-06,NL-A,1.0,3.8884e-17,2.6943e-17,4.7447e+02
1.0e+04,3.4266e-08,7.054e+01,1.100e-06,NL-B,1.0,4.7015e-17,2.6943e-17,4.7447e+02
1.0e+04,3.4266e-08,7.054e+01,1.100e-06,NL-A+F,1.0,1.9912e-17,1.2046e-17,4.7447e+02
1.0e+04,3.4266e-08,7.054e+01,1.100e-06,NL-B+F,1.0,2.2221e-17,1.2046e-17,4.7447e+02
1.0e+04,3.4266e-08,7.054e+01,1.100e-06,NL-A,1.8,9.8245e-18,6.6253e-18,1.7942e+02
1.0e+04,3.4266e-08,7.054e+01,1.100e-06,NL-B,1.8,1.3737e-17,6.6253e-18,1.7942e+02
1.0e+04,3.4266e-08,7.054e+01,1.100e-06,NL-A+F,1.8,8.4647e-18,5.7322e-18,1.7942e+02
1.0e+04,3.4266e-08,7.054e+01,1.100e-06,NL-B+F,1.8,1.0674e-17,5.7322e-18,1.7942e+02
1.0e+04,5.7997e-08,1.194e+02,1.100e-06,LIN-UV,1.0,1.8074e-13,2.5920e-13,1.6019e+03
1.0e+04,5.7997e-08,1.194e+02,1.100e-06,LIN-NL,1.0,6.6838e-19,1.2759e-18,3.5110e+01
1.0e+04,5.7997e-08,1.194e+02,1.100e-06,NL-A,1.0,1.4140e-16,9.7399e-17,3.7249e+02
1.0e+04,5.7997e-08,1.194e+02,1.100e-06,NL-B,1.0,2.1978e-16,9.7775e-17,3.7249e+02
1.0e+04,5.7997e-08,1.194e+02,1.100e-06,NL-A+F,1.0,6.6339e-17,4.0046e-17,3.7249e+02
1.0e+04,5.7997e-08,1.194e+02,1.100e-06,NL-B+F,1.0,8.1818e-17,4.0159e-17,3.7249e+02
1.0e+04,5.7997e-08,1.194e+02,1.100e-06,NL-A,1.8,3.2032e-17,2.0907e-17,1.1046e+02
1.0e+04,5.7997e-08,1.194e+02,1.100e-06,NL-B,1.8,5.7565e-17,2.0907e-17,1.1046e+02
1.0e+04,5.7997e-08,1.194e+02,1.100e-06,NL-A+F,1.8,2.6959e-17,1.7807e-17,1.1046e+02
1.0e+04,5.7997e-08,1.194e+02,1.100e-06,NL-B+F,1.8,3.8086e-17,1.7807e-17,1.1046e+02
1.0e+04,9.8165e-08,2.021e+02,1.100e-06,LIN-UV,1.0,2.9912e-12,4.2898e-12,1.6028e+03
1.0e+04,9.8165e-08,2.021e+02,1.100e-06,LIN-NL,1.0,1.9712e-18,3.7902e-18,2.2122e+01
1.0e+04,9.8165e-08,2.021e+02,1.100e-06,NL-A,1.0,4.7701e-16,3.4009e-16,2.2919e+02
1.0e+04,9.8165e-08,2.021e+02,1.100e-06,NL-B,1.0,1.0119e-15,4.2555e-16,1.2569e+03
1.0e+04,9.8165e-08,2.021e+02,1.100e-06,NL-A+F,1.0,2.0471e-16,1.2670e-16,2.2919e+02
1.0e+04,9.8165e-08,2.021e+02,1.100e-06,NL-B+F,1.0,2.7388e-16,1.2683e-16,2.2919e+02
1.0e+04,9.8165e-08,2.021e+02,1.100e-06,NL-A,1.8,1.0029e-16,6.4449e-17,8.6667e+01
1.0e+04,9.8165e-08,2.021e+02,1.100e-06,NL-B,1.8,2.6515e-16,1.0839e-16,1.2569e+03
1.0e+04,9.8165e-08,2.021e+02,1.100e-06,NL-A+F,1.8,8.2320e-17,5.3354e-17,6.7962e+01
1.0e+04,9.8165e-08,2.021e+02,1.100e-06,NL-B+F,1.8,1.3224e-16,5.3354e-17,6.7962e+01
1.0e+04,1.6615e-07,3.420e+02,1.100e-06,LIN-UV,1.0,4.9502e-11,7.0997e-11,1.6033e+03
1.0e+04,1.6615e-07,3.420e+02,1.100e-06,LIN-NL,1.0,5.7157e-18,1.1091e-17,1.3935e+01
1.0e+04,1.6615e-07,3.420e+02,1.100e-06,NL-A,1.0,1.5226e-15,1.0986e-15,1.4098e+02
1.0e+04,1.6615e-07,3.420e+02,1.100e-06,NL-B,1.0,5.0669e-15,2.4020e-15,1.2573e+03
1.0e+04,1.6615e-07,3.420e+02,1.100e-06,NL-A+F,1.0,5.9646e-16,3.6831e-16,1.4098e+02
1.0e+04,1.6615e-07,3.420e+02,1.100e-06,NL-B+F,1.0,8.6935e-16,3.6857e-16,1.4098e+02
1.0e+04,1.6615e-07,3.420e+02,1.100e-06,NL-A,1.8,3.0526e-16,1.9563e-16,5.3310e+01
1.0e+04,1.6615e-07,3.420e+02,1.100e-06,NL-B,1.8,1.2248e-15,5.6125e-16,1.2573e+03
1.0e+04,1.6615e-07,3.420e+02,1.100e-06,NL-A+F,1.8,2.4392e-16,1.5625e-16,4.1805e+01
1.0e+04,1.6615e-07,3.420e+02,1.100e-06,NL-B+F,1.8,4.2514e-16,1.5625e-16,4.1805e+01
1.0e+04,2.8123e-07,5.789e+02,1.100e-06,LIN-UV,1.0,8.1914e-10,1.1750e-09,1.6035e+03
1.0e+04,2.8123e-07,5.789e+02,1.100e-06,LIN-NL,1.0,1.6027e-17,3.1689e-17,9.1532e+00
1.0e+04,2.8123e-07,5.789e+02,1.100e-06,NL-A,1.0,4.6558e-15,3.3620e-15,8.6705e+01
1.0e+04,2.8123e-07,5.789e+02,1.100e-06,NL-B,1.0,2.4787e-14,1.2500e-14,1.2574e+03
1.0e+04,2.8123e-07,5.789e+02,1.100e-06,NL-A+F,1.0,1.6619e-15,1.0079e-15,8.6705e+01
1.0e+04,2.8123e-07,5.789e+02,1.100e-06,NL-B+F,1.0,2.5569e-15,1.0081e-15,8.6705e+01
1.0e+04,2.8123e-07,5.789e+02,1.100e-06,NL-A,1.8,9.0797e-16,5.8217e-16,3.2787e+01
1.0e+04,2.8123e-07,5.789e+02,1.100e-06,NL-B,1.8,5.8972e-15,2.9199e-15,1.2574e+03
1.0e+04,2.8123e-07,5.789e+02,1.100e-06,NL-A+F,1.8,7.0496e-16,4.4902e-16,2.5711e+01
1.0e+04,2.8123e-07,5.789e+02,1.100e-06,NL-B+F,1.8,1.3010e-15,4.4902e-16,2.5711e+01
1.0e+04,4.7600e-07,9.798e+02,1.100e-06,LIN-UV,1.0,1.3553e-08,1.9444e-08,1.6036e+03
1.0e+04,4.7600e-07,9.798e+02,1.100e-06,LIN-NL,1.0,4.2070e-17,8.6385e-17,5.7644e+00
1.0e+04,4.7600e-07,9.798e+02,1.100e-06,NL-A,1.0,1.3676e-14,9.7922e-15,5.3322e+01
1.0e+04,4.7600e-07,9.798e+02,1.100e-06,NL-B,1.0,1.2478e-13,6.5673e-14,1.2575e+03
1.0e+04,4.7600e-07,9.798e+02,1.100e-06,NL-A+F,1.0,4.4459e-15,2.6149e-15,5.3322e+01
1.0e+04,4.7600e-07,9.798e+02,1.100e-06,NL-B+F,1.0,7.1575e-15,2.6149e-15,5.3322e+01
1.0e+04,4.7600e-07,9.798e+02,1.100e-06,NL-A,1.8,2.6296e-15,1.6938e-15,2.0163e+01
1.0e+04,4.7600e-07,9.798e+02,1.100e-06,NL-B,1.8,2.9475e-14,1.5345e-14,1.2575e+03
1.0e+04,4.7600e-07,9.798e+02,1.100e-06,NL-A+F,1.8,1.9804e-15,1.2664e-15,2.0163e+01
1.0e+04,4.7600e-07,9.798e+02,1.100e-06,NL-B+F,1.8,3.8140e-15,1.2664e-15,2.0163e+01
1.0e+04,8.0566e-07,1.658e+03,1.100e-06,LIN-UV,1.0,2.2419e-07,3.2172e-07,1.6037e+03
1.0e+04,8.0566e-07,1.658e+03,1.100e-06,LIN-NL,1.0,9.7944e-17,2.1381e-16,3.9485e+00
1.0e+04,8.0566e-07,1.658e+03,1.100e-06,NL-A,1.0,3.8189e-14,2.7062e-14,4.1815e+01
1.0e+04,8.0566e-07,1.658e+03,1.100e-06,NL-B,1.0,5.9812e-13,3.2217e-13,1.2576e+03
1.0e+04,8.0566e-07,1.658e+03,1.100e-06,NL-A+F,1.0,1.1340e-14,6.5198e-15,4.1815e+01
1.0e+04,8.0566e-07,1.658e+03,1.100e-06,NL-B+F,1.0,1.8796e-14,6.6420e-15,4.1815e+01
1.0e+04,8.0566e-07,1.658e+03,1.100e-06,NL-A,1.8,7.3090e-15,4.7467e-15,1.2400e+01
1.0e+04,8.0566e-07,1.658e+03,1.100e-06,NL-B,1.8,1.4070e-13,7.5277e-14,1.2576e+03
1.0e+04,8.0566e-07,1.658e+03,1.100e-06,NL-A+F,1.8,5.3361e-15,3.5238e-15,1.2400e+01
1.0e+04,8.0566e-07,1.658e+03,1.100e-06,NL-B+F,1.8,1.0465e-14,3.5238e-15,1.2400e+01
1.0e+04,1.3636e-06,2.807e+03,1.100e-06,LIN-UV,1.0,3.7074e-06,5.3222e-06,1.6037e+03
1.0e+04,1.3636e-06,2.807e+03,1.100e-06,LIN-NL,1.0,1.9211e-16,4.6365e-16,2.7047e+00
1.0e+04,1.3636e-06,2.807e+03,1.100e-06,NL-A,1.0,9.8972e-14,7.3014e-14,2.5714e+01
1.0e+04,1.3636e-06,2.807e+03,1.100e-06,NL-B,1.0,2.5060e-12,1.3650e-12,1.2576e+03
1.0e+04,1.3636e-06,2.807e+03,1.100e-06,NL-A+F,1.0,2.7089e-14,1.5630e-14,2.5714e+01
1.0e+04,1.3636e-06,2.807e+03,1.100e-06,NL-B+F,1.0,4.5362e-14,1.5657e-14,2.5714e+01
1.0e+04,1.3636e-06,2.807e+03,1.100e-06,NL-A,1.8,1.9014e-14,1.2596e-14,9.7236e+00
1.0e+04,1.3636e-06,2.807e+03,1.100e-06,NL-B,1.8,6.3956e-13,3.4775e-13,1.2576e+03
1.0e+04,1.3636e-06,2.807e+03,1.100e-06,NL-A+F,1.8,1.3481e-14,9.3268e-15,7.6250e+00
1.0e+04,1.3636e-06,2.807e+03,1.100e-06,NL-B+F,1.8,2.6939e-14,9.3268e-15,7.6250e+00
1.0e+04,2.3081e-06,4.751e+03,1.100e-06,LIN-UV,1.0,6.1281e-05,8.8020e-05,1.6037e+03
1.0e+04,2.3081e-06,4.751e+03,1.100e-06,LIN-NL,1.0,3.0702e-16,8.3748e-16,2.0151e+00
1.0e+04,2.3081e-06,4.751e+03,1.100e-06,NL-A,1.0,2.3079e-13,1.6908e-13,2.0165e+01
1.0e+04,2.3081e-06,4.751e+03,1.100e-06,NL-B,1.0,9.9256e-12,5.4533e-12,1.2576e+03
1.0e+04,2.3081e-06,4.751e+03,1.100e-06,NL-A+F,1.0,5.9294e-14,3.2999e-14,2.0165e+01
1.0e+04,2.3081e-06,4.751e+03,1.100e-06,NL-B+F,1.0,1.0194e-13,3.3742e-14,2.0165e+01
1.0e+04,2.3081e-06,4.751e+03,1.100e-06,NL-A,1.8,4.4991e-14,3.1354e-14,5.9794e+00
1.0e+04,2.3081e-06,4.751e+03,1.100e-06,NL-B,1.8,2.3282e-12,1.2748e-12,1.2576e+03
1.0e+04,2.3081e-06,4.751e+03,1.100e-06,NL-A+F,1.8,3.1161e-14,2.2674e-14,5.9794e+00
1.0e+04,2.3081e-06,4.751e+03,1.100e-06,NL-B+F,1.8,6.1457e-14,2.2674e-14,5.9794e+00
1.0e+04,3.9066e-06,8.042e+03,1.100e-06,LIN-UV,1.0,1.0123e-03,1.4551e-03,1.6037e+03
1.0e+04,3.9066e-06,8.042e+03,1.100e-06,LIN-NL,1.0,4.1694e-16,1.2675e-15,1.6331e+00
1.0e+04,3.9066e-06,8.042e+03,1.100e-06,NL-A,1.0,4.7310e-13,3.4429e-13,1.5813e+01
1.0e+04,3.9066e-06,8.042e+03,1.100e-06,NL-B,1.0,2.8498e-11,1.5697e-11,1.2576e+03
1.0e+04,3.9066e-06,8.042e+03,1.100e-06,NL-A+F,1.0,1.1733e-13,6.1977e-14,1.5813e+01
1.0e+04,3.9066e-06,8.042e+03,1.100e-06,NL-B+F,1.0,1.9960e-13,6.3957e-14,1.5813e+01
1.0e+04,3.9066e-06,8.042e+03,1.100e-06,NL-A,1.8,9.5025e-14,7.0808e-14,4.6889e+00
1.0e+04,3.9066e-06,8.042e+03,1.100e-06,NL-B,1.8,7.2706e-12,3.9980e-12,1.2576e+03
1.0e+04,3.9066e-06,8.042e+03,1.100e-06,NL-A+F,1.8,6.4956e-14,5.0794e-14,4.6889e+00
1.0e+04,3.9066e-06,8.042e+03,1.100e-06,NL-B+F,1.8,1.2694e-13,5.0794e-14,4.6889e+00
1.0e+04,6.6122e-06,1.361e+04,1.100e-06,LIN-UV,1.0,1.6706e-02,2.4040e-02,1.6037e+03
1.0e+04,6.6122e-06,1.361e+04,1.100e-06,LIN-NL,1.0,5.0005e-16,1.6837e-15,1.3803e+00
1.0e+04,6.6122e-06,1.361e+04,1.100e-06,NL-A,1.0,8.4915e-13,6.2399e-13,1.2400e+01
1.0e+04,6.6122e-06,1.361e+04,1.100e-06,NL-B,1.0,6.8818e-11,3.7978e-11,1.2576e+03
1.0e+04,6.6122e-06,1.361e+04,1.100e-06,NL-A+F,1.0,2.1042e-13,1.0791e-13,3.6770e+00
1.0e+04,6.6122e-06,1.361e+04,1.100e-06,NL-B+F,1.0,3.5296e-13,1.0791e-13,3.6770e+00
1.0e+04,6.6122e-06,1.361e+04,1.100e-06,NL-A,1.8,1.7895e-13,1.4502e-13,3.6770e+00
1.0e+04,6.6122e-06,1.361e+04,1.100e-06,NL-B,1.8,1.6122e-11,8.8728e-12,1.2576e+03
1.0e+04,6.6122e-06,1.361e+04,1.100e-06,NL-A+F,1.8,1.2229e-13,1.0758e-13,3.6770e+00
1.0e+04,6.6122e-06,1.361e+04,1.100e-06,NL-B+F,1.8,2.2521e-13,1.0758e-13,3.6770e+00
1.0e+04,1.1192e-05,2.304e+04,1.100e-06,LIN-UV,1.0,2.7536e-01,3.9683e-01,1.6037e+03
1.0e+04,1.1192e-05,2.304e+04,1.100e-06,LIN-NL,1.0,5.5709e-16,2.0379e-15,1.2167e+00
1.0e+04,1.1192e-05,2.304e+04,1.100e-06,NL-A,1.0,1.3540e-12,9.6991e-13,9.7238e+00
1.0e+04,1.1192e-05,2.304e+04,1.100e-06,NL-B,1.0,1.2668e-10,6.9932e-11,1.2576e+03
1.0e+04,1.1192e-05,2.304e+04,1.100e-06,NL-A+F,1.0,3.4710e-13,2.0834e-13,2.8834e+00
1.0e+04,1.1192e-05,2.304e+04,1.100e-06,NL-B+F,1.0,5.5731e-13,2.0834e-13,2.8834e+00
1.0e+04,1.1192e-05,2.304e+04,1.100e-06,NL-A,1.8,3.0430e-13,2.5902e-13,3.6770e+00
1.0e+04,1.1192e-05,2.304e+04,1.100e-06,NL-B,1.8,3.2364e-11,1.7830e-11,1.2576e+03
1.0e+04,1.1192e-05,2.304e+04,1.100e-06,NL-A+F,1.8,2.1038e-13,2.0252e-13,2.8834e+00
1.0e+04,1.1192e-05,2.304e+04,1.100e-06,NL-B+F,1.8,3.7112e-13,2.0252e-13,2.8834e+00
1.0e+04,1.8943e-05,3.899e+04,1.100e-06,LIN-UV,1.0,4.5303e+00,6.5426e+00,1.6038e+03
1.0e+04,1.8943e-05,3.899e+04,1.100e-06,LIN-NL,1.0,5.9480e-16,2.3090e-15,1.1186e+00
1.0e+04,1.8943e-05,3.899e+04,1.100e-06,NL-A,1.0,1.9629e-12,1.3288e-12,9.7238e+00
1.0e+04,1.8943e-05,3.899e+04,1.100e-06,NL-B,1.0,2.1000e-10,1.1598e-10,1.2576e+03
1.0e+04,1.8943e-05,3.899e+04,1.100e-06,NL-A+F,1.0,5.3531e-13,3.9973e-13,2.8834e+00
1.0e+04,1.8943e-05,3.899e+04,1.100e-06,NL-B+F,1.0,8.2398e-13,3.9973e-13,2.8834e+00
1.0e+04,1.8943e-05,3.899e+04,1.100e-06,NL-A,1.8,4.7506e-13,4.6527e-13,2.8834e+00
1.0e+04,1.8943e-05,3.899e+04,1.100e-06,NL-B,1.8,5.3666e-11,2.9570e-11,1.2576e+03
1.0e+04,1.8943e-05,3.899e+04,1.100e-06,NL-A+F,1.8,3.3491e-13,3.6233e-13,2.8834e+00
1.0e+04,1.8943e-05,3.899e+04,1.100e-06,NL-B+F,1.8,5.5784e-13,3.6233e-13,2.8834e+00
1.0e+04,3.2062e-05,6.600e+04,1.100e-06,LIN-UV,1.0,7.4341e+01,1.0769e+02,1.6038e+03
1.0e+04,3.2062e-05,6.600e+04,1.100e-06,LIN-NL,1.0,6.0448e-16,2.4712e-15,1.0725e+00
1.0e+04,3.2062e-05,6.600e+04,1.100e-06,NL-A,1.0,2.6437e-12,1.6686e-12,7.6252e+00
1.0e+04,3.2062e-05,6.600e+04,1.100e-06,NL-B,1.0,2.8770e-10,1.5884e-10,1.2576e+03
1.0e+04,3.2062e-05,6.600e+04,1.100e-06,NL-A+F,1.0,7.7917e-13,6.7078e-13,2.8834e+00
1.0e+04,3.2062e-05,6.600e+04,1.100e-06,NL-B+F,1.0,1.1328e-12,6.7078e-13,2.8834e+00
1.0e+04,3.2062e-05,6.600e+04,1.100e-06,NL-A,1.8,6.8937e-13,7.3064e-13,2.8834e+00
1.0e+04,3.2062e-05,6.600e+04,1.100e-06,NL-B,1.8,7.3685e-11,4.0569e-11,1.2576e+03
1.0e+04,3.2062e-05,6.600e+04,1.100e-06,NL-A+F,1.8,4.9729e-13,5.6842e-13,2.8834e+00
1.0e+04,3.2062e-05,6.600e+04,1.100e-06,NL-B+F,1.8,7.7261e-13,5.6842e-13,2.8834e+00
1.0e+04,5.4267e-05,1.117e+05,1.100e-06,LIN-UV,1.0,1.2155e+03,1.7681e+03,1.6038e+03
1.0e+04,5.4267e-05,1.117e+05,1.100e-06,LIN-NL,1.0,6.2121e-16,2.6203e-15,1.0284e+00
1.0e+04,5.4267e-05,1.117e+05,1.100e-06,NL-A,1.0,3.3625e-12,2.0190e-12,7.6252e+00
1.0e+04,5.4267e-05,1.117e+05,1.100e-06,NL-B,1.0,3.8808e-10,2.1429e-10,1.2576e+03
1.0e+04,5.4267e-05,1.117e+05,1.100e-06,NL-A+F,1.0,1.0746e-12,1.0190e-12,2.8834e+00
1.0e+04,5.4267e-05,1.117e+05,1.100e-06,NL-B+F,1.0,1.4996e-12,1.0190e-12,2.8834e+00
1.0e+04,5.4267e-05,1.117e+05,1.100e-06,NL-A,1.8,9.3819e-13,1.0398e-12,2.8834e+00
1.0e+04,5.4267e-05,1.117e+05,1.100e-06,NL-B,1.8,1.2134e-09,6.7321e-10,1.2576e+03
1.0e+04,5.4267e-05,1.117e+05,1.100e-06,NL-A+F,1.8,6.9220e-13,8.1234e-13,2.8834e+00
1.0e+04,5.4267e-05,1.117e+05,1.100e-06,NL-B+F,1.8,3.6565e-12,1.1693e-12,7.6252e+00
1.0e+04,9.1852e-05,1.891e+05,1.100e-06,LIN-UV,1.0,1.9772e+04,2.8931e+04,1.6038e+03
1.0e+04,9.1852e-05,1.891e+05,1.100e-06,LIN-NL,1.0,6.3524e-16,2.7641e-15,9.8605e-01
1.0e+04,9.1852e-05,1.891e+05,1.100e-06,NL-A,1.0,4.0814e-12,2.3967e-12,2.8834e+00
1.0e+04,9.1852e-05,1.891e+05,1.100e-06,NL-B,1.0,4.3619e-10,2.4064e-10,1.2576e+03
1.0e+04,9.1852e-05,1.891e+05,1.100e-06,NL-A+F,1.0,1.4052e-12,1.4267e-12,2.8834e+00
1.0e+04,9.1852e-05,1.891e+05,1.100e-06,NL-B+F,1.0,1.8662e-12,1.4267e-12,2.8834e+00
1.0e+04,9.1852e-05,1.891e+05,1.100e-06,NL-A,1.8,1.2049e-12,1.3721e-12,2.8834e+00
1.0e+04,9.1852e-05,1.891e+05,1.100e-06,NL-B,1.8,1.8908e-09,1.0491e-09,1.2576e+03
1.0e+04,9.1852e-05,1.891e+05,1.100e-06,NL-A+F,1.8,9.0668e-13,1.0795e-12,2.8834e+00
1.0e+04,9.1852e-05,1.891e+05,1.100e-06,NL-B+F,1.8,5.3892e-12,1.7690e-12,5.9795e+00
1.0e+04,1.5547e-04,3.200e+05,1.100e-06,LIN-UV,1.0,3.1932e+05,4.7108e+05,1.6038e+03
1.0e+04,1.5547e-04,3.200e+05,1.100e-06,LIN-NL,1.0,6.4647e-16,2.7707e-15,9.4545e-01
1.0e+04,1.5547e-04,3.200e+05,1.100e-06,NL-A,1.0,4.7617e-12,3.0696e-12,2.8834e+00
1.0e+04,1.5547e-04,3.200e+05,1.100e-06,NL-B,1.0,4.8564e-10,2.6776e-10,1.2576e+03
1.0e+04,1.5547e-04,3.200e+05,1.100e-06,NL-A+F,1.0,1.7460e-12,1.8630e-12,2.8834e+00
1.0e+04,1.5547e-04,3.200e+05,1.100e-06,NL-B+F,1.0,2.2406e-12,1.8630e-12,2.8834e+00
1.0e+04,1.5547e-04,3.200e+05,1.100e-06,NL-A,1.8,1.4693e-12,1.7039e-12,2.8834e+00
1.0e+04,1.5547e-04,3.200e+05,1.100e-06,NL-B,1.8,2.3659e-09,1.3126e-09,1.2576e+03
1.0e+04,1.5547e-04,3.200e+05,1.100e-06,NL-A+F,1.8,1.1237e-12,1.4090e-12,2.2611e+00
1.0e+04,1.5547e-04,3.200e+05,1.100e-06,NL-B+F,1.8,6.8030e-12,2.2262e-12,5.9795e+00
1.0e+04,2.6314e-04,5.417e+05,1.100e-06,LIN-UV,1.0,5.1060e+06,7.6179e+06,1.6038e+03
1.0e+04,2.6314e-04,5.417e+05,1.100e-06,LIN-NL,1.0,6.5002e-16,2.8853e-15,9.4545e-01
1.0e+04,2.6314e-04,5.417e+05,1.100e-06,NL-A,1.0,5.3707e-12,3.7101e-12,2.8834e+00
1.0e+04,2.6314e-04,5.417e+05,1.100e-06,NL-B,1.0,5.3767e-10,2.9636e-10,1.2576e+03
1.0e+04,2.6314e-04,5.417e+05,1.100e-06,NL-A+F,1.0,2.0709e-12,2.2919e-12,2.8834e+00
1.0e+04,2.6314e-04,5.417e+05,1.100e-06,NL-B+F,1.0,2.5978e-12,2.2919e-12,2.8834e+00
1.0e+04,2.6314e-04,5.417e+05,1.100e-06,NL-A,1.8,1.7132e-12,2.0173e-12,2.2611e+00
1.0e+04,2.6314e-04,5.417e+05,1.100e-06,NL-B,1.8,3.0825e-09,1.7103e-09,1.2576e+03
1.0e+04,2.6314e-04,5.417e+05,1.100e-06,NL-A+F,1.8,1.3268e-12,1.7254e-12,2.2611e+00
1.0e+04,2.6314e-04,5.417e+05,1.100e-06,NL-B+F,1.8,8.6188e-12,2.8617e-12,5.9795e+00
1.0e+04,4.4538e-04,9.168e+05,1.100e-06,LIN-UV,1.0,8.0523e+07,1.2200e+08,1.6038e+03
1.0e+04,4.4538e-04,9.168e+05,1.100e-06,LIN-NL,1.0,6.3781e-16,2.9298e-15,9.4545e-01
1.0e+04,4.4538e-04,9.168e+05,1.100e-06,NL-A,1.0,5.8888e-12,4.2802e-12,2.8834e+00
1.0e+04,4.4538e-04,9.168e+05,1.100e-06,NL-B,1.0,5.9234e-10,3.2648e-10,1.2576e+03
1.0e+04,4.4538e-04,9.168e+05,1.100e-06,NL-A+F,1.0,2.3601e-12,2.6833e-12,2.8834e+00
1.0e+04,4.4538e-04,9.168e+05,1.100e-06,NL-B+F,1.0,2.9181e-12,2.6833e-12,2.8834e+00
1.0e+04,4.4538e-04,9.168e+05,1.100e-06,NL-A,1.8,1.9247e-12,2.3331e-12,2.2611e+00
1.0e+04,4.4538e-04,9.168e+05,1.100e-06,NL-B,1.8,3.5330e-09,1.9602e-09,1.2576e+03
1.0e+04,4.4538e-04,9.168e+05,1.100e-06,NL-A+F,1.8,1.5049e-12,2.0061e-12,2.2611e+00
1.0e+04,4.4538e-04,9.168e+05,1.100e-06,NL-B+F,1.8,9.9271e-12,3.2954e-12,5.9795e+00
1.0e+04,7.5384e-04,1.552e+06,1.100e-06,LIN-UV,1.0,1.2459e+09,1.9271e+09,1.6038e+03
1.0e+04,7.5384e-04,1.552e+06,1.100e-06,LIN-NL,1.0,6.4799e-16,2.9365e-15,9.4545e-01
1.0e+04,7.5384e-04,1.552e+06,1.100e-06,NL-A,1.0,6.3105e-12,4.7592e-12,2.8834e+00
1.0e+04,7.5384e-04,1.552e+06,1.100e-06,NL-B,1.0,5.9707e-10,3.2887e-10,1.2576e+03
1.0e+04,7.5384e-04,1.552e+06,1.100e-06,NL-A+F,1.0,2.6029e-12,3.0185e-12,2.8834e+00
1.0e+04,7.5384e-04,1.552e+06,1.100e-06,NL-B+F,1.0,3.1662e-12,3.0185e-12,2.8834e+00
1.0e+04,7.5384e-04,1.552e+06,1.100e-06,NL-A,1.8,2.0988e-12,2.5956e-12,2.2611e+00
1.0e+04,7.5384e-04,1.552e+06,1.100e-06,NL-B,1.8,3.9117e-09,2.1703e-09,1.2576e+03
1.0e+04,7.5384e-04,1.552e+06,1.100e-06,NL-A+F,1.8,1.6527e-12,2.2407e-12,2.2611e+00
1.0e+04,7.5384e-04,1.552e+06,1.100e-06,NL-B+F,1.8,1.1031e-11,3.6623e-12,5.9795e+00
1.0e+04,1.2759e-03,2.627e+06,1.100e-06,LIN-UV,1.0,1.8785e+10,2.9862e+10,1.6038e+03
1.0e+04,1.2759e-03,2.627e+06,1.100e-06,LIN-NL,1.0,6.5479e-16,2.9261e-15,9.4545e-01
1.0e+04,1.2759e-03,2.627e+06,1.100e-06,NL-A,1.0,6.6416e-12,5.1442e-12,2.8834e+00
1.0e+04,1.2759e-03,2.627e+06,1.100e-06,NL-B,1.0,6.5364e-10,3.6015e-10,1.2576e+03
1.0e+04,1.2759e-03,2.627e+06,1.100e-06,NL-A+F,1.0,2.7980e-12,3.2917e-12,2.8834e+00
1.0e+04,1.2759e-03,2.627e+06,1.100e-06,NL-B+F,1.0,3.3902e-12,3.2917e-12,2.8834e+00
1.0e+04,1.2759e-03,2.627e+06,1.100e-06,NL-A,1.8,2.2366e-12,2.8046e-12,2.2611e+00
1.0e+04,1.2759e-03,2.627e+06,1.100e-06,NL-B,1.8,4.5969e-09,2.5506e-09,1.2576e+03
1.0e+04,1.2759e-03,2.627e+06,1.100e-06,NL-A+F,1.8,1.7702e-12,2.4283e-12,2.2611e+00
1.0e+04,1.2759e-03,2.627e+06,1.100e-06,NL-B+F,1.8,1.2540e-11,4.2254e-12,5.9795e+00
1.0e+04,2.1596e-03,4.446e+06,1.100e-06,LIN-UV,1.0,2.7350e+11,4.5047e+11,1.6038e+03
1.0e+04,2.1596e-03,4.446e+06,1.100e-06,LIN-NL,1.0,6.5839e-16,2.9101e-15,9.4545e-01
1.0e+04,2.1596e-03,4.446e+06,1.100e-06,NL-A,1.0,6.8942e-12,5.4428e-12,2.8834e+00
1.0e+04,2.1596e-03,4.446e+06,1.100e-06,NL-B,1.0,6.5661e-10,3.6166e-10,1.2576e+03
1.0e+04,2.1596e-03,4.446e+06,1.100e-06,NL-A+F,1.0,2.9491e-12,3.5057e-12,2.8834e+00
1.0e+04,2.1596e-03,4.446e+06,1.100e-06,NL-B+F,1.0,3.5444e-12,3.5057e-12,2.8834e+00
1.0e+04,2.1596e-03,4.446e+06,1.100e-06,NL-A,1.8,2.3422e-12,2.9654e-12,2.2611e+00
1.0e+04,2.1596e-03,4.446e+06,1.100e-06,NL-B,1.8,4.8592e-09,2.6961e-09,1.2576e+03
1.0e+04,2.1596e-03,4.446e+06,1.100e-06,NL-A+F,1.8,1.8607e-12,2.5730e-12,2.2611e+00
1.0e+04,2.1596e-03,4.446e+06,1.100e-06,NL-B+F,1.8,1.3278e-11,4.4755e-12,5.9795e+00
1.0e+04,3.6553e-03,7.525e+06,1.100e-06,LIN-UV,1.0,3.8006e+12,6.5471e+12,1.6038e+03
1.0e+04,3.6553e-03,7.525e+06,1.100e-06,LIN-NL,1.0,6.6028e-16,2.9175e-15,9.0653e-01
1.0e+04,3.6553e-03,7.525e+06,1.100e-06,NL-A,1.0,7.0826e-12,5.6683e-12,2.8834e+00
1.0e+04,3.6553e-03,7.525e+06,1.100e-06,NL-B,1.0,6.5862e-10,3.6267e-10,1.2576e+03
1.0e+04,3.6553e-03,7.525e+06,1.100e-06,NL-A+F,1.0,3.0631e-12,3.6685e-12,2.8834e+00
1.0e+04,3.6553e-03,7.525e+06,1.100e-06,NL-B+F,1.0,3.6605e-12,3.6685e-12,2.8834e+00
1.0e+04,3.6553e-03,7.525e+06,1.100e-06,NL-A,1.8,2.4213e-12,3.0860e-12,2.2611e+00
1.0e+04,3.6553e-03,7.525e+06,1.100e-06,NL-B,1.8,5.0573e-09,2.8060e-09,1.2576e+03
1.0e+04,3.6553e-03,7.525e+06,1.100e-06,NL-A+F,1.8,1.9286e-12,2.6817e-12,2.2611e+00
1.0e+04,3.6553e-03,7.525e+06,1.100e-06,NL-B+F,1.8,1.3836e-11,4.6649e-12,5.9795e+00
1.0e+04,6.1869e-03,1.274e+07,1.100e-06,LIN-UV,1.0,4.9676e+13,9.0416e+13,1.6038e+03
1.0e+04,6.1869e-03,1.274e+07,1.100e-06,LIN-NL,1.0,6.6125e-16,2.9356e-15,9.0653e-01
1.0e+04,6.1869e-03,1.274e+07,1.100e-06,NL-A,1.0,7.2210e-12,5.8353e-12,2.8834e+00
1.0e+04,6.1869e-03,1.274e+07,1.100e-06,NL-B,1.0,6.5999e-10,3.6335e-10,1.2576e+03
1.0e+04,6.1869e-03,1.274e+07,1.100e-06,NL-A+F,1.0,3.1475e-12,3.7897e-12,2.8834e+00
1.0e+04,6.1869e-03,1.274e+07,1.100e-06,NL-B+F,1.0,3.7464e-12,3.7897e-12,2.8834e+00
1.0e+04,6.1869e-03,1.274e+07,1.100e-06,NL-A,1.8,2.4794e-12,3.1750e-12,2.2611e+00
1.0e+04,6.1869e-03,1.274e+07,1.100e-06,NL-B,1.8,5.2040e-09,2.8874e-09,1.2576e+03
1.0e+04,6.1869e-03,1.274e+07,1.100e-06,NL-A+F,1.8,1.9786e-12,2.7621e-12,2.2611e+00
1.0e+04,6.1869e-03,1.274e+07,1.100e-06,NL-B+F,1.8,1.4250e-11,4.8054e-12,5.9795e+00
1.0e+04,1.0472e-02,2.156e+07,1.100e-06,LIN-UV,1.0,5.9980e+14,1.1651e+15,1.6038e+03
1.0e+04,1.0472e-02,2.156e+07,1.100e-06,LIN-NL,1.0,6.6175e-16,2.9479e-15,9.0653e-01
1.0e+04,1.0472e-02,2.156e+07,1.100e-06,NL-A,1.0,7.3213e-12,5.9571e-12,2.8834e+00
1.0e+04,1.0472e-02,2.156e+07,1.100e-06,NL-B,1.0,6.6092e-10,3.6381e-10,1.2576e+03
1.0e+04,1.0472e-02,2.156e+07,1.100e-06,NL-A+F,1.0,3.2090e-12,3.8785e-12,2.8834e+00
1.0e+04,1.0472e-02,2.156e+07,1.100e-06,NL-B+F,1.0,3.8089e-12,3.8785e-12,2.8834e+00
1.0e+04,1.0472e-02,2.156e+07,1.100e-06,NL-A,1.8,2.5217e-12,3.2397e-12,2.2611e+00
1.0e+04,1.0472e-02,2.156e+07,1.100e-06,NL-B,1.8,5.3111e-09,2.9468e-09,1.2576e+03
1.0e+04,1.0472e-02,2.156e+07,1.100e-06,NL-A+F,1.8,2.0150e-12,2.8205e-12,2.2611e+00
1.0e+04,1.0472e-02,2.156e+07,1.100e-06,NL-B+F,1.8,1.4551e-11,4.9079e-12,5.9795e+00
1.0e+04,1.7724e-02,3.649e+07,1.100e-06,LIN-UV,1.0,6.5471e+15,1.3693e+16,1.6038e+03
1.0e+04,1.7724e-02,3.649e+07,1.100e-06,LIN-NL,1.0,6.6201e-16,2.9564e-15,9.0653e-01
1.0e+04,1.7724e-02,3.649e+07,1.100e-06,NL-A,1.0,7.3936e-12,6.0452e-12,2.8834e+00
1.0e+04,1.7724e-02,3.649e+07,1.100e-06,NL-B,1.0,6.6158e-10,3.6413e-10,1.2576e+03
1.0e+04,1.7724e-02,3.649e+07,1.100e-06,NL-A+F,1.0,3.2535e-12,3.9428e-12,2.8834e+00
1.0e+04,1.7724e-02,3.649e+07,1.100e-06,NL-B+F,1.0,3.8541e-12,3.9428e-12,2.8834e+00
1.0e+04,1.7724e-02,3.649e+07,1.100e-06,NL-A,1.8,2.5521e-12,3.2863e-12,2.2611e+00
1.0e+04,1.7724e-02,3.649e+07,1.100e-06,NL-B,1.8,5.3885e-09,2.9898e-09,1.2576e+03
1.0e+04,1.7724e-02,3.649e+07,1.100e-06,NL-A+F,1.8,2.0413e-12,2.8627e-12,2.2611e+00
1.0e+04,1.7724e-02,3.649e+07,1.100e-06,NL-B+F,1.8,1.4770e-11,4.9822e-12,5.9795e+00
1.0e+04,3.0000e-02,6.176e+07,1.100e-06,LIN-UV,1.0,6.3022e+16,1.4275e+17,1.6038e+03
1.0e+04,3.0000e-02,6.176e+07,1.100e-06,LIN-NL,1.0,6.6215e-16,2.9623e-15,9.0653e-01
1.0e+04,3.0000e-02,6.176e+07,1.100e-06,NL-A,1.0,7.4452e-12,6.1083e-12,2.8834e+00
1.0e+04,3.0000e-02,6.176e+07,1.100e-06,NL-B,1.0,6.6203e-10,3.6435e-10,1.2576e+03
1.0e+04,3.0000e-02,6.176e+07,1.100e-06,NL-A+F,1.0,3.2854e-12,3.9890e-12,2.8834e+00
1.0e+04,3.0000e-02,6.176e+07,1.100e-06,NL-B+F,1.0,3.8864e-12,3.9890e-12,2.8834e+00
1.0e+04,3.0000e-02,6.176e+07,1.100e-06,NL-A,1.8,2.5738e-12,3.3197e-12,2.2611e+00
1.0e+04,3.0000e-02,6.176e+07,1.100e-06,NL-B,1.8,5.4439e-09,3.0205e-09,1.2576e+03
1.0e+04,3.0000e-02,6.176e+07,1.100e-06,NL-A+F,1.8,2.0601e-12,2.8928e-12,2.2611e+00
1.0e+04,3.0000e-02,6.176e+07,1.100e-06,NL-B+F,1.8,1.4926e-11,5.0354e-12,5.9795e+00
1.0e+04,5.0000e-02,1.029e+08,1.100e-06,LIN-UV,1.0,4.9056e+17,1.2028e+18,1.6038e+03
1.0e+04,5.0000e-02,1.029e+08,1.100e-06,LIN-NL,1.0,6.6221e-16,2.9662e-15,9.0653e-01
1.0e+04,5.0000e-02,1.029e+08,1.100e-06,NL-A,1.0,7.4810e-12,6.1523e-12,2.8834e+00
1.0e+04,5.0000e-02,1.029e+08,1.100e-06,NL-B,1.0,6.6233e-10,3.6450e-10,1.2576e+03
1.0e+04,5.0000e-02,1.029e+08,1.100e-06,NL-A+F,1.0,3.3075e-12,4.0212e-12,2.8834e+00
1.0e+04,5.0000e-02,1.029e+08,1.100e-06,NL-B+F,1.0,3.9089e-12,4.0212e-12,2.8834e+00
1.0e+04,5.0000e-02,1.029e+08,1.100e-06,NL-A,1.8,2.5889e-12,3.3428e-12,2.2611e+00
1.0e+04,5.0000e-02,1.029e+08,1.100e-06,NL-B,1.8,5.4825e-09,3.0419e-09,1.2576e+03
1.0e+04,5.0000e-02,1.029e+08,1.100e-06,NL-A+F,1.8,2.0731e-12,2.9138e-12,2.2611e+00
1.0e+04,5.0000e-02,1.029e+08,1.100e-06,NL-B+F,1.8,1.5035e-11,5.0724e-12,5.9795e+00
1.0e+04,1.0000e-01,2.059e+08,1.100e-06,LIN-UV,1.0,6.0304e+18,1.6381e+19,1.6038e+03
1.0e+04,1.0000e-01,2.059e+08,1.100e-06,LIN-NL,1.0,6.6226e-16,2.9698e-15,9.0653e-01
1.0e+04,1.0000e-01,2.059e+08,1.100e-06,NL-A,1.0,7.5139e-12,6.1927e-12,2.8834e+00
1.0e+04,1.0000e-01,2.059e+08,1.100e-06,NL-B,1.0,6.6261e-10,3.6464e-10,1.2576e+03
1.0e+04,1.0000e-01,2.059e+08,1.100e-06,NL-A+F,1.0,3.3279e-12,4.0509e-12,2.8834e+00
1.0e+04,1.0000e-01,2.059e+08,1.100e-06,NL-B+F,1.0,3.9296e-12,4.0509e-12,2.8834e+00
1.0e+04,1.0000e-01,2.059e+08,1.100e-06,NL-A,1.8,2.6028e-12,3.3642e-12,2.2611e+00
1.0e+04,1.0000e-01,2.059e+08,1.100e-06,NL-B,1.8,5.5181e-09,3.0617e-09,1.2576e+03
1.0e+04,1.0000e-01,2.059e+08,1.100e-06,NL-A+F,1.8,2.0851e-12,2.9331e-12,2.2611e+00
1.0e+04,1.0000e-01,2.059e+08,1.100e-06,NL-B+F,1.8,1.5135e-11,5.1066e-12,5.9795e+00
1.0e+04,1.7000e-01,3.499e+08,1.100e-06,LIN-UV,1.0,3.2200e+19,9.3728e+19,1.6038e+03
1.0e+04,1.7000e-01,3.499e+08,1.100e-06,LIN-NL,1.0,6.6227e-16,2.9716e-15,9.0653e-01
1.0e+04,1.7000e-01,3.499e+08,1.100e-06,NL-A,1.0,7.5308e-12,6.2134e-12,2.8834e+00
1.0e+04,1.7000e-01,3.499e+08,1.100e-06,NL-B,1.0,6.6275e-10,3.6471e-10,1.2576e+03
1.0e+04,1.7000e-01,3.499e+08,1.100e-06,NL-A+F,1.0,3.3384e-12,4.0661e-12,2.8834e+00
1.0e+04,1.7000e-01,3.499e+08,1.100e-06,NL-B+F,1.0,3.9402e-12,4.0661e-12,2.8834e+00
1.0e+04,1.7000e-01,3.499e+08,1.100e-06,NL-A,1.8,2.6099e-12,3.3751e-12,2.2611e+00
1.0e+04,1.7000e-01,3.499e+08,1.100e-06,NL-B,1.8,5.5362e-09,3.0717e-09,1.2576e+03
1.0e+04,1.7000e-01,3.499e+08,1.100e-06,NL-A+F,1.8,2.0913e-12,2.9430e-12,2.2611e+00
1.0e+04,1.7000e-01,3.499e+08,1.100e-06,NL-B+F,1.8,1.5187e-11,5.1240e-12,5.9795e+00
1.0e+04,3.0000e-01,6.176e+08,1.100e-06,LIN-UV,1.0,1.4964e+20,4.6328e+20,1.6038e+03
1.0e+04,3.0000e-01,6.176e+08,1.100e-06,LIN-NL,1.0,6.6228e-16,2.9730e-15,9.0653e-01
1.0e+04,3.0000e-01,6.176e+08,1.100e-06,NL-A,1.0,7.5433e-12,6.2288e-12,2.8834e+00
1.0e+04,3.0000e-01,6.176e+08,1.100e-06,NL-B,1.0,6.6286e-10,3.6476e-10,1.2576e+03
1.0e+04,3.0000e-01,6.176e+08,1.100e-06,NL-A+F,1.0,3.3461e-12,4.0774e-12,2.8834e+00
1.0e+04,3.0000e-01,6.176e+08,1.100e-06,NL-B+F,1.0,3.9480e-12,4.0774e-12,2.8834e+00
1.0e+04,3.0000e-01,6.176e+08,1.100e-06,NL-A,1.8,2.6152e-12,3.3832e-12,2.2611e+00
1.0e+04,3.0000e-01,6.176e+08,1.100e-06,NL-B,1.8,5.5498e-09,3.0793e-09,1.2576e+03
1.0e+04,3.0000e-01,6.176e+08,1.100e-06,NL-A+F,1.8,2.0958e-12,2.9503e-12,2.2611e+00
1.0e+04,3.0000e-01,6.176e+08,1.100e-06,NL-B+F,1.8,1.5225e-11,5.1370e-12,5.9795e+00
1.0e+04,5.5000e-01,1.132e+09,1.100e-06,LIN-UV,1.0,5.7252e+20,1.8650e+21,1.6038e+03
1.0e+04,5.5000e-01,1.132e+09,1.100e-06,LIN-NL,1.0,6.6229e-16,2.9739e-15,9.0653e-01
1.0e+04,5.5000e-01,1.132e+09,1.100e-06,NL-A,1.0,7.5524e-12,6.2400e-12,2.8834e+00
1.0e+04,5.5000e-01,1.132e+09,1.100e-06,NL-B,1.0,6.6293e-10,3.6480e-10,1.2576e+03
1.0e+04,5.5000e-01,1.132e+09,1.100e-06,NL-A+F,1.0,3.3518e-12,4.0856e-12,2.8834e+00
1.0e+04,5.5000e-01,1.132e+09,1.100e-06,NL-B+F,1.0,3.9538e-12,4.0856e-12,2.8834e+00
1.0e+04,5.5000e-01,1.132e+09,1.100e-06,NL-A,1.8,2.6190e-12,3.3891e-12,2.2611e+00
1.0e+04,5.5000e-01,1.132e+09,1.100e-06,NL-B,1.8,5.5596e-09,3.0847e-09,1.2576e+03
1.0e+04,5.5000e-01,1.132e+09,1.100e-06,NL-A+F,1.8,2.0991e-12,2.9557e-12,2.2611e+00
1.0e+04,5.5000e-01,1.132e+09,1.100e-06,NL-B+F,1.8,1.5253e-11,5.1464e-12,5.9795e+00
1.0e+04,1.0000e+00,2.059e+09,1.100e-06,LIN-UV,1.0,1.6156e+21,5.4598e+21,1.6038e+03
1.0e+04,1.0000e+00,2.059e+09,1.100e-06,LIN-NL,1.0,6.6229e-16,2.9746e-15,9.0653e-01
1.0e+04,1.0000e+00,2.059e+09,1.100e-06,NL-A,1.0,7.5584e-12,6.2474e-12,2.8834e+00
1.0e+04,1.0000e+00,2.059e+09,1.100e-06,NL-B,1.0,6.6298e-10,3.6482e-10,1.2576e+03
1.0e+04,1.0000e+00,2.059e+09,1.100e-06,NL-A+F,1.0,3.3555e-12,4.0910e-12,2.8834e+00
1.0e+04,1.0000e+00,2.059e+09,1.100e-06,NL-B+F,1.0,3.9575e-12,4.0910e-12,2.8834e+00
1.0e+04,1.0000e+00,2.059e+09,1.100e-06,NL-A,1.8,2.6216e-12,3.3930e-12,2.2611e+00
1.0e+04,1.0000e+00,2.059e+09,1.100e-06,NL-B,1.8,5.5661e-09,3.0883e-09,1.2576e+03
1.0e+04,1.0000e+00,2.059e+09,1.100e-06,NL-A+F,1.8,2.1013e-12,2.9592e-12,2.2611e+00
1.0e+04,1.0000e+00,2.059e+09,1.100e-06,NL-B+F,1.8,1.5271e-11,5.1527e-12,5.9795e+00
1.0e+06,1.4574e-11,3.000e+00,4.214e-08,LIN-UV,1.0,2.0249e-25,2.8969e-25,2.6574e+01
1.0e+06,1.4574e-11,3.000e+00,4.214e-08,LIN-NL,1.0,6.0539e-26,1.0093e-25,1.8898e+01
1.0e+06,1.4574e-11,3.000e+00,4.214e-08,NL-A,1.0,1.6323e-25,2.2969e-25,2.6574e+01
1.0e+06,1.4574e-11,3.000e+00,4.214e-08,NL-B,1.0,1.6319e-25,2.2966e-25,2.6574e+01
1.0e+06,1.4574e-11,3.000e+00,4.214e-08,NL-A+F,1.0,1.5451e-25,2.1493e-25,2.6574e+01
1.0e+06,1.4574e-11,3.000e+00,4.214e-08,NL-B+F,1.0,1.5446e-25,2.1490e-25,2.6574e+01
1.0e+06,1.4574e-11,3.000e+00,4.214e-08,NL-A,1.8,1.5232e-25,2.1146e-25,2.6574e+01
1.0e+06,1.4574e-11,3.000e+00,4.214e-08,NL-B,1.8,1.5229e-25,2.1145e-25,2.6574e+01
1.0e+06,1.4574e-11,3.000e+00,4.214e-08,NL-A+F,1.8,1.5015e-25,2.0781e-25,2.6574e+01
1.0e+06,1.4574e-11,3.000e+00,4.214e-08,NL-B+F,1.8,1.5012e-25,2.0779e-25,2.6574e+01
1.0e+06,2.8485e-11,5.864e+00,4.214e-08,LIN-UV,1.0,8.4258e-24,1.2004e-23,2.7918e+01
1.0e+06,2.8485e-11,5.864e+00,4.214e-08,LIN-NL,1.0,3.8089e-25,6.6628e-25,1.0931e+01
1.0e+06,2.8485e-11,5.864e+00,4.214e-08,NL-A,1.0,4.2915e-24,5.1584e-24,2.7918e+01
1.0e+06,2.8485e-11,5.864e+00,4.214e-08,NL-B,1.0,4.2918e-24,5.1586e-24,2.7918e+01
1.0e+06,2.8485e-11,5.864e+00,4.214e-08,NL-A+F,1.0,3.9668e-24,4.6379e-24,2.7918e+01
1.0e+06,2.8485e-11,5.864e+00,4.214e-08,NL-B+F,1.0,3.9669e-24,4.6380e-24,2.7918e+01
1.0e+06,2.8485e-11,5.864e+00,4.214e-08,NL-A,1.8,3.5407e-24,3.8731e-24,2.7918e+01
1.0e+06,2.8485e-11,5.864e+00,4.214e-08,NL-B,1.8,3.5416e-24,3.8739e-24,2.7918e+01
1.0e+06,2.8485e-11,5.864e+00,4.214e-08,NL-A+F,1.8,3.4714e-24,3.7681e-24,2.7918e+01
1.0e+06,2.8485e-11,5.864e+00,4.214e-08,NL-B+F,1.8,3.4722e-24,3.7688e-24,2.7918e+01
1.0e+06,5.5676e-11,1.146e+01,4.214e-08,LIN-UV,1.0,3.2116e-22,4.5688e-22,2.8657e+01
1.0e+06,5.5676e-11,1.146e+01,4.214e-08,LIN-NL,1.0,2.0653e-24,3.7018e-24,6.1747e+00
1.0e+06,5.5676e-11,1.146e+01,4.214e-08,NL-A,1.0,6.1085e-23,5.0130e-23,2.8657e+01
1.0e+06,5.5676e-11,1.146e+01,4.214e-08,NL-B,1.0,6.1080e-23,5.0124e-23,2.8657e+01
1.0e+06,5.5676e-11,1.146e+01,4.214e-08,NL-A+F,1.0,5.2953e-23,4.0596e-23,2.8657e+01
1.0e+06,5.5676e-11,1.146e+01,4.214e-08,NL-B+F,1.0,5.2946e-23,4.0589e-23,2.8657e+01
1.0e+06,5.5676e-11,1.146e+01,4.214e-08,NL-A,1.8,3.8031e-23,3.0754e-23,1.6124e+01
1.0e+06,5.5676e-11,1.146e+01,4.214e-08,NL-B,1.8,3.8038e-23,3.0754e-23,1.6124e+01
1.0e+06,5.5676e-11,1.146e+01,4.214e-08,NL-A+F,1.8,3.6846e-23,2.9769e-23,1.6124e+01
1.0e+06,5.5676e-11,1.146e+01,4.214e-08,NL-B+F,1.8,3.6852e-23,2.9769e-23,1.6124e+01
1.0e+06,1.0882e-10,2.240e+01,4.214e-08,LIN-UV,1.0,1.1751e-20,1.6710e-20,2.9020e+01
1.0e+06,1.0882e-10,2.240e+01,4.214e-08,LIN-NL,1.0,1.0133e-23,1.8495e-23,3.4416e+00
1.0e+06,1.0882e-10,2.240e+01,4.214e-08,NL-A,1.0,6.6694e-22,4.6415e-22,2.9020e+01
1.0e+06,1.0882e-10,2.240e+01,4.214e-08,NL-B,1.0,6.6714e-22,4.6433e-22,2.9020e+01
1.0e+06,1.0882e-10,2.240e+01,4.214e-08,NL-A+F,1.0,5.3726e-22,3.4845e-22,2.9020e+01
1.0e+06,1.0882e-10,2.240e+01,4.214e-08,NL-B+F,1.0,5.3739e-22,3.4857e-22,2.9020e+01
1.0e+06,1.0882e-10,2.240e+01,4.214e-08,NL-A,1.8,2.6779e-22,1.9116e-22,9.1854e+00
1.0e+06,1.0882e-10,2.240e+01,4.214e-08,NL-B,1.8,2.7691e-22,1.9116e-22,9.1854e+00
1.0e+06,1.0882e-10,2.240e+01,4.214e-08,NL-A+F,1.8,2.5663e-22,1.8382e-22,9.1854e+00
1.0e+06,1.0882e-10,2.240e+01,4.214e-08,NL-B+F,1.8,2.6479e-22,1.8382e-22,9.1854e+00
1.0e+06,2.1270e-10,4.378e+01,4.214e-08,LIN-UV,1.0,4.2298e-19,6.0149e-19,2.9185e+01
1.0e+06,2.1270e-10,4.378e+01,4.214e-08,LIN-NL,1.0,4.6705e-23,8.6363e-23,1.9053e+00
1.0e+06,2.1270e-10,4.378e+01,4.214e-08,NL-A,1.0,5.0734e-21,3.3527e-21,1.6419e+01
1.0e+06,2.1270e-10,4.378e+01,4.214e-08,NL-B,1.0,5.4270e-21,3.3527e-21,1.6419e+01
1.0e+06,2.1270e-10,4.378e+01,4.214e-08,NL-A+F,1.0,3.8554e-21,2.3966e-21,1.6419e+01
1.0e+06,2.1270e-10,4.378e+01,4.214e-08,NL-B+F,1.0,4.0700e-21,2.3966e-21,1.6419e+01
1.0e+06,2.1270e-10,4.378e+01,4.214e-08,NL-A,1.8,1.5183e-21,1.0313e-21,5.1967e+00
1.0e+06,2.1270e-10,4.378e+01,4.214e-08,NL-B,1.8,1.7892e-21,1.0313e-21,5.1967e+00
1.0e+06,2.1270e-10,4.378e+01,4.214e-08,NL-A+F,1.8,1.4397e-21,9.8372e-22,5.1967e+00
1.0e+06,2.1270e-10,4.378e+01,4.214e-08,NL-B+F,1.8,1.6664e-21,9.8372e-22,5.1967e+00
1.0e+06,4.1573e-10,8.558e+01,4.214e-08,LIN-UV,1.0,1.5136e-17,2.1524e-17,2.9258e+01
1.0e+06,4.1573e-10,8.558e+01,4.214e-08,LIN-NL,1.0,2.0681e-22,3.8586e-22,1.0515e+00
1.0e+06,4.1573e-10,8.558e+01,4.214e-08,NL-A,1.0,2.9747e-20,2.0043e-20,9.2598e+00
1.0e+06,4.1573e-10,8.558e+01,4.214e-08,NL-B,1.0,3.8874e-20,2.0043e-20,9.2598e+00
1.0e+06,4.1573e-10,8.558e+01,4.214e-08,NL-A+F,1.0,2.1387e-20,1.3533e-20,9.2598e+00
1.0e+06,4.1573e-10,8.558e+01,4.214e-08,NL-B+F,1.0,2.5859e-20,1.3533e-20,9.2598e+00
1.0e+06,4.1573e-10,8.558e+01,4.214e-08,NL-A,1.8,7.7142e-21,5.0828e-21,2.9307e+00
1.0e+06,4.1573e-10,8.558e+01,4.214e-08,NL-B,1.8,1.1523e-20,5.0828e-21,2.9307e+00
1.0e+06,4.1573e-10,8.558e+01,4.214e-08,NL-A+F,1.8,7.2287e-21,4.8004e-21,2.9307e+00
1.0e+06,4.1573e-10,8.558e+01,4.214e-08,NL-B+F,1.8,9.9947e-21,4.8004e-21,2.9307e+00
1.0e+06,8.1257e-10,1.673e+02,4.214e-08,LIN-UV,1.0,5.4047e-16,7.6858e-16,2.9288e+01
1.0e+06,8.1257e-10,1.673e+02,4.214e-08,LIN-NL,1.0,8.9128e-22,1.6737e-21,5.7949e-01
1.0e+06,8.1257e-10,1.673e+02,4.214e-08,NL-A,1.0,1.5457e-19,1.0626e-19,5.2148e+00
1.0e+06,8.1257e-10,1.673e+02,4.214e-08,NL-B,1.0,2.8358e-19,1.1083e-19,2.9288e+01
1.0e+06,8.1257e-10,1.673e+02,4.214e-08,NL-A+F,1.0,1.0461e-19,6.7205e-20,5.2148e+00
1.0e+06,8.1257e-10,1.673e+02,4.214e-08,NL-B+F,1.0,1.4807e-19,6.7205e-20,5.2148e+00
1.0e+06,8.1257e-10,1.673e+02,4.214e-08,NL-A,1.8,3.6574e-20,2.3621e-20,1.6504e+00
1.0e+06,8.1257e-10,1.673e+02,4.214e-08,NL-B,1.8,7.8448e-20,2.8539e-20,2.9288e+01
1.0e+06,8.1257e-10,1.673e+02,4.214e-08,NL-A+F,1.8,3.3809e-20,2.2043e-20,1.6504e+00
1.0e+06,8.1257e-10,1.673e+02,4.214e-08,NL-B+F,1.8,5.7337e-20,2.2043e-20,1.6504e+00
1.0e+06,1.5882e-09,3.269e+02,4.214e-08,LIN-UV,1.0,1.9285e-14,2.7424e-14,2.9301e+01
1.0e+06,1.5882e-09,3.269e+02,4.214e-08,LIN-NL,1.0,3.7669e-21,7.1093e-21,3.1917e-01
1.0e+06,1.5882e-09,3.269e+02,4.214e-08,NL-A,1.0,7.4503e-19,5.1860e-19,2.9350e+00
1.0e+06,1.5882e-09,3.269e+02,4.214e-08,NL-B,1.0,2.1668e-18,9.7112e-19,2.9301e+01
1.0e+06,1.5882e-09,3.269e+02,4.214e-08,NL-A+F,1.0,4.7143e-19,3.0448e-19,2.9350e+00
1.0e+06,1.5882e-09,3.269e+02,4.214e-08,NL-B+F,1.0,7.5940e-19,3.0448e-19,2.9350e+00
1.0e+06,1.5882e-09,3.269e+02,4.214e-08,NL-A,1.8,1.6538e-19,1.0555e-19,9.2890e-01
1.0e+06,1.5882e-09,3.269e+02,4.214e-08,NL-B,1.8,5.3787e-19,2.2669e-19,2.9301e+01
1.0e+06,1.5882e-09,3.269e+02,4.214e-08,NL-A+F,1.8,1.5050e-19,9.7097e-20,9.2890e-01
1.0e+06,1.5882e-09,3.269e+02,4.214e-08,NL-B+F,1.8,2.9406e-19,9.7097e-20,9.2890e-01
1.0e+06,3.1043e-09,6.390e+02,4.214e-08,LIN-UV,1.0,6.8791e-13,9.7828e-13,2.9306e+01
1.0e+06,3.1043e-09,6.390e+02,4.214e-08,LIN-NL,1.0,1.5666e-20,2.9713e-20,1.7575e-01
1.0e+06,3.1043e-09,6.390e+02,4.214e-08,NL-A,1.0,3.4069e-18,2.3915e-18,1.6515e+00
1.0e+06,3.1043e-09,6.390e+02,4.214e-08,NL-B,1.0,1.6063e-17,7.7104e-18,2.9306e+01
1.0e+06,3.1043e-09,6.390e+02,4.214e-08,NL-A+F,1.0,2.0007e-18,1.2908e-18,1.6515e+00
1.0e+06,3.1043e-09,6.390e+02,4.214e-08,NL-B+F,1.0,3.4258e-18,1.2908e-18,1.6515e+00
1.0e+06,3.1043e-09,6.390e+02,4.214e-08,NL-A,1.8,7.2338e-19,4.5882e-19,5.2267e-01
1.0e+06,3.1043e-09,6.390e+02,4.214e-08,NL-B,1.8,4.1915e-18,1.9872e-18,2.9306e+01
1.0e+06,3.1043e-09,6.390e+02,4.214e-08,NL-A+F,1.8,6.4647e-19,4.1494e-19,5.2267e-01
1.0e+06,3.1043e-09,6.390e+02,4.214e-08,NL-B+F,1.8,1.4395e-18,4.1494e-19,5.2267e-01
1.0e+06,6.0674e-09,1.249e+03,4.214e-08,LIN-UV,1.0,2.4536e-11,3.4893e-11,2.9309e+01
1.0e+06,6.0674e-09,1.249e+03,4.214e-08,LIN-NL,1.0,6.3999e-20,1.2224e-19,9.6763e-02
1.0e+06,6.0674e-09,1.249e+03,4.214e-08,NL-A,1.0,1.4995e-17,1.0592e-17,9.2914e-01
1.0e+06,6.0674e-09,1.249e+03,4.214e-08,NL-B,1.0,1.3304e-16,6.7679e-17,2.9309e+01
1.0e+06,6.0674e-09,1.249e+03,4.214e-08,NL-A+F,1.0,8.1081e-18,5.2022e-18,9.2914e-01
1.0e+06,6.0674e-09,1.249e+03,4.214e-08,NL-B+F,1.0,1.4713e-17,5.2022e-18,9.2914e-01
1.0e+06,6.0674e-09,1.249e+03,4.214e-08,NL-A,1.8,3.0865e-18,1.9529e-18,2.9407e-01
1.0e+06,6.0674e-09,1.249e+03,4.214e-08,NL-B,1.8,3.4454e-17,1.7433e-17,2.9309e+01
1.0e+06,6.0674e-09,1.249e+03,4.214e-08,NL-A+F,1.8,2.7015e-18,1.7311e-18,2.9407e-01
1.0e+06,6.0674e-09,1.249e+03,4.214e-08,NL-B+F,1.8,6.5254e-18,1.7311e-18,2.9407e-01
1.0e+06,1.1859e-08,2.441e+03,4.214e-08,LIN-UV,1.0,8.7508e-10,1.2445e-09,2.9310e+01
1.0e+06,1.1859e-08,2.441e+03,4.214e-08,LIN-NL,1.0,2.5368e-19,4.9115e-19,5.3274e-02
1.0e+06,1.1859e-08,2.441e+03,4.214e-08,NL-A,1.0,6.3976e-17,4.5423e-17,5.2273e-01
1.0e+06,1.1859e-08,2.441e+03,4.214e-08,NL-B,1.0,1.1353e-15,5.9553e-16,2.9310e+01
1.0e+06,1.1859e-08,2.441e+03,4.214e-08,NL-A+F,1.0,3.1599e-17,2.0089e-17,5.2273e-01
1.0e+06,1.1859e-08,2.441e+03,4.214e-08,NL-B+F,1.0,5.9393e-17,2.0092e-17,5.2273e-01
1.0e+06,1.1859e-08,2.441e+03,4.214e-08,NL-A,1.8,1.2886e-17,8.1536e-18,1.6544e-01
1.0e+06,1.1859e-08,2.441e+03,4.214e-08,NL-B,1.8,2.6681e-16,1.3901e-16,2.9310e+01
1.0e+06,1.1859e-08,2.441e+03,4.214e-08,NL-A+F,1.8,1.1011e-17,7.0644e-18,1.6544e-01
1.0e+06,1.1859e-08,2.441e+03,4.214e-08,NL-B+F,1.8,2.6668e-17,7.0644e-18,1.6544e-01
1.0e+06,2.3179e-08,4.771e+03,4.214e-08,LIN-UV,1.0,3.1209e-08,4.4383e-08,2.9310e+01
1.0e+06,2.3179e-08,4.771e+03,4.214e-08,LIN-NL,1.0,9.5272e-19,1.8866e-18,3.0825e-02
1.0e+06,2.3179e-08,4.771e+03,4.214e-08,NL-A,1.0,2.6385e-16,1.8838e-16,2.9408e-01
1.0e+06,2.3179e-08,4.771e+03,4.214e-08,NL-B,1.0,9.0050e-15,4.7863e-15,2.9310e+01
1.0e+06,2.3179e-08,4.771e+03,4.214e-08,NL-A+F,1.0,1.1823e-16,7.4279e-17,2.9408e-01
1.0e+06,2.3179e-08,4.771e+03,4.214e-08,NL-B+F,1.0,2.2161e-16,7.4290e-17,2.9408e-01
1.0e+06,2.3179e-08,4.771e+03,4.214e-08,NL-A,1.8,5.2360e-17,3.3212e-17,9.3073e-02
1.0e+06,2.3179e-08,4.771e+03,4.214e-08,NL-B,1.8,2.3216e-15,1.2328e-15,2.9310e+01
1.0e+06,2.3179e-08,4.771e+03,4.214e-08,NL-A+F,1.8,4.3550e-17,2.8090e-17,9.3073e-02
1.0e+06,2.3179e-08,4.771e+03,4.214e-08,NL-B+F,1.8,1.0823e-16,2.8090e-17,9.3073e-02
1.0e+06,4.5306e-08,9.326e+03,4.214e-08,LIN-UV,1.0,1.1130e-06,1.5828e-06,2.9310e+01
1.0e+06,4.5306e-08,9.326e+03,4.214e-08,LIN-NL,1.0,3.1098e-18,6.5838e-18,1.7836e-02
1.0e+06,4.5306e-08,9.326e+03,4.214e-08,NL-A,1.0,1.0317e-15,7.4121e-16,1.6544e-01
1.0e+06,4.5306e-08,9.326e+03,4.214e-08,NL-B,1.0,7.3160e-14,3.9195e-14,2.9310e+01
1.0e+06,4.5306e-08,9.326e+03,4.214e-08,NL-A+F,1.0,4.1802e-16,2.5869e-16,1.6544e-01
1.0e+06,4.5306e-08,9.326e+03,4.214e-08,NL-B+F,1.0,7.9164e-16,2.5872e-16,1.6544e-01
1.0e+06,4.5306e-08,9.326e+03,4.214e-08,NL-A,1.8,2.0298e-16,1.2940e-16,5.2361e-02
1.0e+06,4.5306e-08,9.326e+03,4.214e-08,NL-B,1.8,1.7104e-14,9.1482e-15,2.9310e+01
1.0e+06,4.5306e-08,9.326e+03,4.214e-08,NL-A+F,1.8,1.6391e-16,1.0726e-16,5.2361e-02
1.0e+06,4.5306e-08,9.326e+03,4.214e-08,NL-B+F,1.8,3.9153e-16,1.0726e-16,5.2361e-02
1.0e+06,8.8552e-08,1.823e+04,4.214e-08,LIN-UV,1.0,3.9687e-05,5.6444e-05,2.9310e+01
1.0e+06,8.8552e-08,1.823e+04,4.214e-08,LIN-NL,1.0,7.9689e-18,1.8914e-17,1.0847e-02
1.0e+06,8.8552e-08,1.823e+04,4.214e-08,NL-A,1.0,3.6555e-15,2.5905e-15,9.3074e-02
1.0e+06,8.8552e-08,1.823e+04,4.214e-08,NL-B,1.0,5.0831e-13,2.7324e-13,2.9310e+01
1.0e+06,8.8552e-08,1.823e+04,4.214e-08,NL-A+F,1.0,1.3459e-15,8.0117e-16,9.3074e-02
1.0e+06,8.8552e-08,1.823e+04,4.214e-08,NL-B+F,1.0,2.5522e-15,8.1397e-16,1.2409e-01
1.0e+06,8.8552e-08,1.823e+04,4.214e-08,NL-A,1.8,7.1904e-16,4.7512e-16,3.9273e-02
1.0e+06,8.8552e-08,1.823e+04,4.214e-08,NL-B,1.8,1.1873e-13,6.3762e-14,2.9310e+01
1.0e+06,8.8552e-08,1.823e+04,4.214e-08,NL-A+F,1.8,5.6367e-16,3.7826e-16,2.9457e-02
1.0e+06,8.8552e-08,1.823e+04,4.214e-08,NL-B+F,1.8,1.3227e-15,3.7826e-16,2.9457e-02
1.0e+06,1.7308e-07,3.563e+04,4.214e-08,LIN-UV,1.0,1.4150e-03,2.0126e-03,2.9310e+01
1.0e+06,1.7308e-07,3.563e+04,4.214e-08,LIN-NL,1.0,1.4972e-17,4.0470e-17,7.6575e-03
1.0e+06,1.7308e-07,3.563e+04,4.214e-08,NL-A,1.0,1.0994e-14,8.1456e-15,6.9810e-02
1.0e+06,1.7308e-07,3.563e+04,4.214e-08,NL-B,1.0,2.7529e-12,1.4821e-12,2.9310e+01
1.0e+06,1.7308e-07,3.563e+04,4.214e-08,NL-A+F,1.0,3.7506e-15,2.2726e-15,6.9810e-02
1.0e+06,1.7308e-07,3.563e+04,4.214e-08,NL-B+F,1.0,7.1203e-15,2.2867e-15,6.9810e-02
1.0e+06,1.7308e-07,3.563e+04,4.214e-08,NL-A,1.8,2.1949e-15,1.5457e-15,2.2094e-02
1.0e+06,1.7308e-07,3.563e+04,4.214e-08,NL-B,1.8,7.0908e-13,3.8161e-13,2.9310e+01
1.0e+06,1.7308e-07,3.563e+04,4.214e-08,NL-A+F,1.8,1.6798e-15,1.2192e-15,2.2094e-02
1.0e+06,1.7308e-07,3.563e+04,4.214e-08,NL-B+F,1.8,3.9897e-15,1.2192e-15,2.2094e-02
1.0e+06,3.3830e-07,6.964e+04,4.214e-08,LIN-UV,1.0,5.0444e-02,7.1752e-02,2.9310e+01
1.0e+06,3.3830e-07,6.964e+04,4.214e-08,LIN-NL,1.0,2.1226e-17,6.7379e-17,5.6818e-03
1.0e+06,3.3830e-07,6.964e+04,4.214e-08,NL-A,1.0,2.6720e-14,1.9724e-14,5.2361e-02
1.0e+06,3.3830e-07,6.964e+04,4.214e-08,NL-B,1.0,1.0310e-11,5.5536e-12,2.9310e+01
1.0e+06,3.3830e-07,6.964e+04,4.214e-08,NL-A+F,1.0,8.7568e-15,5.0597e-15,5.2361e-02
1.0e+06,3.3830e-07,6.964e+04,4.214e-08,NL-B+F,1.0,1.6385e-14,5.1342e-15,5.2361e-02
1.0e+06,3.3830e-07,6.964e+04,4.214e-08,NL-A,1.8,5.5536e-15,4.2696e-15,1.6572e-02
1.0e+06,3.3830e-07,6.964e+04,4.214e-08,NL-B,1.8,2.6569e-12,1.4308e-12,2.9310e+01
1.0e+06,3.3830e-07,6.964e+04,4.214e-08,NL-A+F,1.8,4.2005e-15,3.3411e-15,1.6572e-02
1.0e+06,3.3830e-07,6.964e+04,4.214e-08,NL-B+F,1.8,9.5114e-15,3.3411e-15,1.6572e-02
1.0e+06,6.6122e-07,1.361e+05,4.214e-08,LIN-UV,1.0,1.7977e+00,2.5574e+00,2.9310e+01
1.0e+06,6.6122e-07,1.361e+05,4.214e-08,LIN-NL,1.0,2.5333e-17,8.8868e-17,4.6567e-03
1.0e+06,6.6122e-07,1.361e+05,4.214e-08,NL-A,1.0,5.2541e-14,3.8027e-14,3.9274e-02
1.0e+06,6.6122e-07,1.361e+05,4.214e-08,NL-B,1.0,2.8451e-11,1.5331e-11,2.9310e+01
1.0e+06,6.6122e-07,1.361e+05,4.214e-08,NL-A+F,1.0,1.7309e-14,9.1613e-15,3.9274e-02
1.0e+06,6.6122e-07,1.361e+05,4.214e-08,NL-B+F,1.0,3.1677e-14,9.2202e-15,3.9274e-02
1.0e+06,6.6122e-07,1.361e+05,4.214e-08,NL-A,1.8,1.1708e-14,1.0093e-14,1.2430e-02
1.0e+06,6.6122e-07,1.361e+05,4.214e-08,NL-B,1.8,6.6519e-12,3.5827e-12,2.9310e+01
1.0e+06,6.6122e-07,1.361e+05,4.214e-08,NL-A+F,1.8,8.8874e-15,8.2075e-15,1.2430e-02
1.0e+06,6.6122e-07,1.361e+05,4.214e-08,NL-B+F,1.8,1.8453e-14,8.2075e-15,1.2430e-02
1.0e+06,1.2924e-06,2.660e+05,4.214e-08,LIN-UV,1.0,6.4039e+01,9.1120e+01,2.9310e+01
1.0e+06,1.2924e-06,2.660e+05,4.214e-08,LIN-NL,1.0,2.8149e-17,1.0809e-16,4.2158e-03
1.0e+06,1.2924e-06,2.660e+05,4.214e-08,NL-A,1.0,8.7066e-14,5.6441e-14,3.9274e-02
1.0e+06,1.2924e-06,2.660e+05,4.214e-08,NL-B,1.0,5.1499e-11,2.7750e-11,2.9310e+01
1.0e+06,1.2924e-06,2.660e+05,4.214e-08,NL-A+F,1.0,3.0044e-14,1.8384e-14,1.2430e-02
1.0e+06,1.2924e-06,2.660e+05,4.214e-08,NL-B+F,1.0,5.1114e-14,1.8384e-14,1.2430e-02
1.0e+06,1.2924e-06,2.660e+05,4.214e-08,NL-A,1.8,2.1232e-14,1.9829e-14,1.2430e-02
1.0e+06,1.2924e-06,2.660e+05,4.214e-08,NL-B,1.8,1.3292e-11,7.1595e-12,2.9310e+01
1.0e+06,1.2924e-06,2.660e+05,4.214e-08,NL-A+F,1.8,1.6366e-14,1.5735e-14,1.2430e-02
1.0e+06,1.2924e-06,2.660e+05,4.214e-08,NL-B+F,1.8,3.1371e-14,1.5735e-14,1.2430e-02
1.0e+06,2.5261e-06,5.200e+05,4.214e-08,LIN-UV,1.0,2.2796e+03,3.2447e+03,2.9310e+01
1.0e+06,2.5261e-06,5.200e+05,4.214e-08,LIN-NL,1.0,2.9427e-17,1.1926e-16,4.0112e-03
1.0e+06,2.5261e-06,5.200e+05,4.214e-08,NL-A,1.0,1.2740e-13,7.9970e-14,2.9457e-02
1.0e+06,2.5261e-06,5.200e+05,4.214e-08,NL-B,1.0,8.1988e-11,4.4180e-11,2.9310e+01
1.0e+06,2.5261e-06,5.200e+05,4.214e-08,NL-A+F,1.0,4.7210e-14,3.4112e-14,9.3229e-03
1.0e+06,2.5261e-06,5.200e+05,4.214e-08,NL-B+F,1.0,7.5478e-14,3.4112e-14,9.3229e-03
1.0e+06,2.5261e-06,5.200e+05,4.214e-08,NL-A,1.8,3.4094e-14,3.4799e-14,9.3229e-03
1.0e+06,2.5261e-06,5.200e+05,4.214e-08,NL-B,1.8,2.1309e-10,1.1491e-10,2.9310e+01
1.0e+06,2.5261e-06,5.200e+05,4.214e-08,NL-A+F,1.8,2.6825e-14,2.9904e-14,9.3229e-03
1.0e+06,2.5261e-06,5.200e+05,4.214e-08,NL-B+F,1.8,1.5291e-13,4.6624e-14,3.9274e-02
1.0e+06,4.9373e-06,1.016e+06,4.214e-08,LIN-UV,1.0,8.1063e+04,1.1544e+05,2.9310e+01
1.0e+06,4.9373e-06,1.016e+06,4.214e-08,LIN-NL,1.0,3.0269e-17,1.2788e-16,3.8166e-03
1.0e+06,4.9373e-06,1.016e+06,4.214e-08,NL-A,1.0,1.7021e-13,9.8302e-14,2.9457e-02
1.0e+06,4.9373e-06,1.016e+06,4.214e-08,NL-B,1.0,1.0467e-10,5.6395e-11,2.9310e+01
1.0e+06,4.9373e-06,1.016e+06,4.214e-08,NL-A+F,1.0,6.8066e-14,5.9811e-14,9.3229e-03
1.0e+06,4.9373e-06,1.016e+06,4.214e-08,NL-B+F,1.0,1.0126e-13,5.9811e-14,9.3229e-03
1.0e+06,4.9373e-06,1.016e+06,4.214e-08,NL-A,1.8,4.9371e-14,5.6870e-14,9.3229e-03
1.0e+06,4.9373e-06,1.016e+06,4.214e-08,NL-B,1.8,3.8045e-10,2.0517e-10,2.9310e+01
1.0e+06,4.9373e-06,1.016e+06,4.214e-08,NL-A+F,1.8,3.9624e-14,4.9305e-14,9.3229e-03
1.0e+06,4.9373e-06,1.016e+06,4.214e-08,NL-B+F,1.8,2.5564e-13,7.9317e-14,2.9457e-02
1.0e+06,9.6503e-06,1.987e+06,4.214e-08,LIN-UV,1.0,2.8777e+06,4.1010e+06,2.9310e+01
1.0e+06,9.6503e-06,1.987e+06,4.214e-08,LIN-NL,1.0,2.9777e-17,1.3356e-16,3.6314e-03
1.0e+06,9.6503e-06,1.987e+06,4.214e-08,NL-A,1.0,2.1177e-13,1.2391e-13,9.3229e-03
1.0e+06,9.6503e-06,1.987e+06,4.214e-08,NL-B,1.0,1.3147e-10,7.0832e-11,2.9310e+01
1.0e+06,9.6503e-06,1.987e+06,4.214e-08,NL-A+F,1.0,9.0553e-14,9.0248e-14,9.3229e-03
1.0e+06,9.6503e-06,1.987e+06,4.214e-08,NL-B+F,1.0,1.2879e-13,9.0248e-14,9.3229e-03
1.0e+06,9.6503e-06,1.987e+06,4.214e-08,NL-A,1.8,6.5331e-14,8.1170e-14,9.3229e-03
1.0e+06,9.6503e-06,1.987e+06,4.214e-08,NL-B,1.8,5.7254e-10,3.0877e-10,2.9310e+01
1.0e+06,9.6503e-06,1.987e+06,4.214e-08,NL-A+F,1.8,5.3294e-14,7.0985e-14,9.3229e-03
1.0e+06,9.6503e-06,1.987e+06,4.214e-08,NL-B+F,1.8,3.7306e-13,1.1705e-13,2.9457e-02
1.0e+06,1.8862e-05,3.883e+06,4.214e-08,LIN-UV,1.0,1.0189e+08,1.4537e+08,2.9310e+01
1.0e+06,1.8862e-05,3.883e+06,4.214e-08,LIN-NL,1.0,3.1128e-17,1.3676e-16,3.6314e-03
1.0e+06,1.8862e-05,3.883e+06,4.214e-08,NL-A,1.0,2.4864e-13,1.6306e-13,9.3229e-03
1.0e+06,1.8862e-05,3.883e+06,4.214e-08,NL-B,1.0,1.4800e-10,7.9732e-11,2.9310e+01
1.0e+06,1.8862e-05,3.883e+06,4.214e-08,NL-A+F,1.0,1.1201e-13,1.2097e-13,9.3229e-03
1.0e+06,1.8862e-05,3.883e+06,4.214e-08,NL-B+F,1.0,1.5326e-13,1.2097e-13,9.3229e-03
1.0e+06,1.8862e-05,3.883e+06,4.214e-08,NL-A,1.8,8.0111e-14,1.0446e-13,9.3229e-03
1.0e+06,1.8862e-05,3.883e+06,4.214e-08,NL-B,1.8,7.9999e-10,4.3143e-10,2.9310e+01
1.0e+06,1.8862e-05,3.883e+06,4.214e-08,NL-A+F,1.8,6.6150e-14,9.2001e-14,9.3229e-03
1.0e+06,1.8862e-05,3.883e+06,4.214e-08,NL-B+F,1.8,5.0395e-13,1.6030e-13,2.9457e-02
1.0e+06,3.6867e-05,7.589e+06,4.214e-08,LIN-UV,1.0,3.5929e+09,5.1354e+09,2.9310e+01
1.0e+06,3.6867e-05,7.589e+06,4.214e-08,LIN-NL,1.0,3.1302e-17,1.3462e-16,3.6314e-03
1.0e+06,3.6867e-05,7.589e+06,4.214e-08,NL-A,1.0,2.7872e-13,1.9706e-13,9.3229e-03
1.0e+06,3.6867e-05,7.589e+06,4.214e-08,NL-B,1.0,1.4990e-10,8.0740e-11,2.9310e+01
1.0e+06,3.6867e-05,7.589e+06,4.214e-08,NL-A+F,1.0,1.3037e-13,1.4817e-13,9.3229e-03
1.0e+06,3.6867e-05,7.589e+06,4.214e-08,NL-B+F,1.0,1.7225e-13,1.4817e-13,9.3229e-03
1.0e+06,3.6867e-05,7.589e+06,4.214e-08,NL-A,1.8,9.2454e-14,1.2437e-13,9.3229e-03
1.0e+06,3.6867e-05,7.589e+06,4.214e-08,NL-B,1.8,9.4531e-10,5.0980e-10,2.9310e+01
1.0e+06,3.6867e-05,7.589e+06,4.214e-08,NL-A+F,1.8,7.6999e-14,1.1011e-13,9.3229e-03
1.0e+06,3.6867e-05,7.589e+06,4.214e-08,NL-B+F,1.8,5.9765e-13,1.9003e-13,2.9457e-02
1.0e+06,7.2058e-05,1.483e+07,4.214e-08,LIN-UV,1.0,1.2590e+11,1.8044e+11,2.9310e+01
1.0e+06,7.2058e-05,1.483e+07,4.214e-08,LIN-NL,1.0,3.0968e-17,1.3785e-16,3.4552e-03
1.0e+06,7.2058e-05,1.483e+07,4.214e-08,NL-A,1.0,3.0158e-13,2.2392e-13,9.3229e-03
1.0e+06,7.2058e-05,1.483e+07,4.214e-08,NL-B,1.0,1.6682e-10,8.9855e-11,2.9310e+01
1.0e+06,7.2058e-05,1.483e+07,4.214e-08,NL-A+F,1.0,1.4478e-13,1.6994e-13,9.3229e-03
1.0e+06,7.2058e-05,1.483e+07,4.214e-08,NL-B+F,1.0,1.8934e-13,1.6994e-13,9.3229e-03
1.0e+06,7.2058e-05,1.483e+07,4.214e-08,NL-A,1.8,1.0197e-13,1.3994e-13,9.3229e-03
1.0e+06,7.2058e-05,1.483e+07,4.214e-08,NL-B,1.8,1.1711e-09,6.3159e-10,2.9310e+01
1.0e+06,7.2058e-05,1.483e+07,4.214e-08,NL-A+F,1.8,8.5414e-14,1.2435e-13,9.3229e-03
1.0e+06,7.2058e-05,1.483e+07,4.214e-08,NL-B+F,1.8,7.1317e-13,2.2998e-13,2.9457e-02
1.0e+06,1.4084e-04,2.899e+07,4.214e-08,LIN-UV,1.0,4.3692e+12,6.2871e+12,2.9310e+01
1.0e+06,1.4084e-04,2.899e+07,4.214e-08,LIN-NL,1.0,3.0524e-17,1.4015e-16,3.4552e-03
1.0e+06,1.4084e-04,2.899e+07,4.214e-08,NL-A,1.0,3.1804e-13,2.4374e-13,9.3229e-03
1.0e+06,1.4084e-04,2.899e+07,4.214e-08,NL-B,1.0,1.6776e-10,9.0353e-11,2.9310e+01
1.0e+06,1.4084e-04,2.899e+07,4.214e-08,NL-A+F,1.0,1.5536e-13,1.8614e-13,9.3229e-03
1.0e+06,1.4084e-04,2.899e+07,4.214e-08,NL-B+F,1.0,2.0023e-13,1.8614e-13,9.3229e-03
1.0e+06,1.4084e-04,2.899e+07,4.214e-08,NL-A,1.8,1.0887e-13,1.5135e-13,9.3229e-03
1.0e+06,1.4084e-04,2.899e+07,4.214e-08,NL-B,1.8,1.2669e-09,6.8323e-10,2.9310e+01
1.0e+06,1.4084e-04,2.899e+07,4.214e-08,NL-A+F,1.8,9.1547e-14,1.3482e-13,9.3229e-03
1.0e+06,1.4084e-04,2.899e+07,4.214e-08,NL-B+F,1.8,7.7251e-13,2.4919e-13,2.9457e-02
1.0e+06,2.7528e-04,5.667e+07,4.214e-08,LIN-UV,1.0,1.4940e+14,2.1623e+14,2.9310e+01
1.0e+06,2.7528e-04,5.667e+07,4.214e-08,LIN-NL,1.0,3.0367e-17,1.4148e-16,3.4552e-03
1.0e+06,2.7528e-04,5.667e+07,4.214e-08,NL-A,1.0,3.2944e-13,2.5767e-13,9.3229e-03
1.0e+06,2.7528e-04,5.667e+07,4.214e-08,NL-B,1.0,1.6832e-10,9.0646e-11,2.9310e+01
1.0e+06,2.7528e-04,5.667e+07,4.214e-08,NL-A+F,1.0,1.6279e-13,1.9760e-13,9.3229e-03
1.0e+06,2.7528e-04,5.667e+07,4.214e-08,NL-B+F,1.0,2.0783e-13,1.9760e-13,9.3229e-03
1.0e+06,2.7528e-04,5.667e+07,4.214e-08,NL-A,1.8,1.1366e-13,1.5933e-13,9.3229e-03
1.0e+06,2.7528e-04,5.667e+07,4.214e-08,NL-B,1.8,1.3343e-09,7.1959e-10,2.9310e+01
1.0e+06,2.7528e-04,5.667e+07,4.214e-08,NL-A+F,1.8,9.5825e-14,1.4216e-13,9.3229e-03
1.0e+06,2.7528e-04,5.667e+07,4.214e-08,NL-B+F,1.8,8.1434e-13,2.6275e-13,2.9457e-02
1.0e+06,5.3806e-04,1.108e+08,4.214e-08,LIN-UV,1.0,4.9951e+15,7.2887e+15,2.9310e+01
1.0e+06,5.3806e-04,1.108e+08,4.214e-08,LIN-NL,1.0,3.0576e-17,1.4225e-16,3.4552e-03
1.0e+06,5.3806e-04,1.108e+08,4.214e-08,NL-A,1.0,3.3713e-13,2.6715e-13,9.3229e-03
1.0e+06,5.3806e-04,1.108e+08,4.214e-08,NL-B,1.0,1.6865e-10,9.0823e-11,2.9310e+01
1.0e+06,5.3806e-04,1.108e+08,4.214e-08,NL-A+F,1.0,1.6784e-13,2.0542e-13,9.3229e-03
1.0e+06,5.3806e-04,1.108e+08,4.214e-08,NL-B+F,1.0,2.1299e-13,2.0542e-13,9.3229e-03
1.0e+06,5.3806e-04,1.108e+08,4.214e-08,NL-A,1.8,1.1691e-13,1.6475e-13,9.3229e-03
1.0e+06,5.3806e-04,1.108e+08,4.214e-08,NL-B,1.8,1.3802e-09,7.4437e-10,2.9310e+01
1.0e+06,5.3806e-04,1.108e+08,4.214e-08,NL-A+F,1.8,9.8722e-14,1.4716e-13,9.3229e-03
1.0e+06,5.3806e-04,1.108e+08,4.214e-08,NL-B+F,1.8,8.4286e-13,2.7201e-13,2.9457e-02
1.0e+06,1.0517e-03,2.165e+08,4.214e-08,LIN-UV,1.0,1.6150e+17,2.3820e+17,2.9310e+01
1.0e+06,1.0517e-03,2.165e+08,4.214e-08,LIN-NL,1.0,3.0703e-17,1.4272e-16,3.4552e-03
1.0e+06,1.0517e-03,2.165e+08,4.214e-08,NL-A,1.0,3.4222e-13,2.7346e-13,9.3229e-03
1.0e+06,1.0517e-03,2.165e+08,4.214e-08,NL-B,1.0,1.6886e-10,9.0931e-11,2.9310e+01
1.0e+06,1.0517e-03,2.165e+08,4.214e-08,NL-A+F,1.0,1.7120e-13,2.1064e-13,9.3229e-03
1.0e+06,1.0517e-03,2.165e+08,4.214e-08,NL-B+F,1.0,2.1642e-13,2.1064e-13,9.3229e-03
1.0e+06,1.0517e-03,2.165e+08,4.214e-08,NL-A,1.8,1.1906e-13,1.6836e-13,9.3229e-03
1.0e+06,1.0517e-03,2.165e+08,4.214e-08,NL-B,1.8,1.4109e-09,7.6088e-10,2.9310e+01
1.0e+06,1.0517e-03,2.165e+08,4.214e-08,NL-A+F,1.8,1.0064e-13,1.5048e-13,9.3229e-03
1.0e+06,1.0517e-03,2.165e+08,4.214e-08,NL-B+F,1.8,8.6187e-13,2.7818e-13,2.9457e-02
1.0e+06,2.0555e-03,4.231e+08,4.214e-08,LIN-UV,1.0,4.9699e+18,7.4254e+18,2.9310e+01
1.0e+06,2.0555e-03,4.231e+08,4.214e-08,LIN-NL,1.0,3.0782e-17,1.4300e-16,3.4552e-03
1.0e+06,2.0555e-03,4.231e+08,4.214e-08,NL-A,1.0,3.4555e-13,2.7761e-13,9.3229e-03
1.0e+06,2.0555e-03,4.231e+08,4.214e-08,NL-B,1.0,1.6899e-10,9.0998e-11,2.9310e+01
1.0e+06,2.0555e-03,4.231e+08,4.214e-08,NL-A+F,1.0,1.7340e-13,2.1407e-13,9.3229e-03
1.0e+06,2.0555e-03,4.231e+08,4.214e-08,NL-B+F,1.0,2.1867e-13,2.1407e-13,9.3229e-03
1.0e+06,2.0555e-03,4.231e+08,4.214e-08,NL-A,1.8,1.2046e-13,1.7072e-13,9.3229e-03
1.0e+06,2.0555e-03,4.231e+08,4.214e-08,NL-B,1.8,1.4310e-09,7.7173e-10,2.9310e+01
1.0e+06,2.0555e-03,4.231e+08,4.214e-08,NL-A+F,1.8,1.0190e-13,1.5266e-13,9.3229e-03
1.0e+06,2.0555e-03,4.231e+08,4.214e-08,NL-B+F,1.8,8.7436e-13,2.8223e-13,2.9457e-02
1.0e+06,4.0177e-03,8.270e+08,4.214e-08,LIN-UV,1.0,1.4239e+20,2.1558e+20,2.9310e+01
1.0e+06,4.0177e-03,8.270e+08,4.214e-08,LIN-NL,1.0,3.0832e-17,1.4318e-16,3.4552e-03
1.0e+06,4.0177e-03,8.270e+08,4.214e-08,NL-A,1.0,3.4771e-13,2.8030e-13,9.3229e-03
1.0e+06,4.0177e-03,8.270e+08,4.214e-08,NL-B,1.0,1.6907e-10,9.1041e-11,2.9310e+01
1.0e+06,4.0177e-03,8.270e+08,4.214e-08,NL-A+F,1.0,1.7484e-13,2.1631e-13,9.3229e-03
1.0e+06,4.0177e-03,8.270e+08,4.214e-08,NL-B+F,1.0,2.2013e-13,2.1631e-13,9.3229e-03
1.0e+06,4.0177e-03,8.270e+08,4.214e-08,NL-A,1.8,1.2138e-13,1.7225e-13,9.3229e-03
1.0e+06,4.0177e-03,8.270e+08,4.214e-08,NL-B,1.8,1.4441e-09,7.7879e-10,2.9310e+01
1.0e+06,4.0177e-03,8.270e+08,4.214e-08,NL-A+F,1.8,1.0272e-13,1.5407e-13,9.3229e-03
1.0e+06,4.0177e-03,8.270e+08,4.214e-08,NL-B+F,1.8,8.8249e-13,2.8487e-13,2.9457e-02
1.0e+06,7.8528e-03,1.617e+09,4.214e-08,LIN-UV,1.0,3.6877e+21,5.6351e+21,2.9310e+01
1.0e+06,7.8528e-03,1.617e+09,4.214e-08,LIN-NL,1.0,3.0863e-17,1.4329e-16,3.4552e-03
1.0e+06,7.8528e-03,1.617e+09,4.214e-08,NL-A,1.0,3.4911e-13,2.8204e-13,9.3229e-03
1.0e+06,7.8528e-03,1.617e+09,4.214e-08,NL-B,1.0,1.6912e-10,9.1068e-11,2.9310e+01
1.0e+06,7.8528e-03,1.617e+09,4.214e-08,NL-A+F,1.0,1.7577e-13,2.1775e-13,9.3229e-03
1.0e+06,7.8528e-03,1.617e+09,4.214e-08,NL-B+F,1.0,2.2107e-13,2.1775e-13,9.3229e-03
1.0e+06,7.8528e-03,1.617e+09,4.214e-08,NL-A,1.8,1.2197e-13,1.7325e-13,9.3229e-03
1.0e+06,7.8528e-03,1.617e+09,4.214e-08,NL-B,1.8,1.4525e-09,7.8335e-10,2.9310e+01
1.0e+06,7.8528e-03,1.617e+09,4.214e-08,NL-A+F,1.8,1.0325e-13,1.5499e-13,9.3229e-03
1.0e+06,7.8528e-03,1.617e+09,4.214e-08,NL-B+F,1.8,8.8775e-13,2.8658e-13,2.9457e-02
1.0e+06,1.5349e-02,3.160e+09,4.214e-08,LIN-UV,1.0,8.3107e+22,1.2667e+23,2.9310e+01
1.0e+06,1.5349e-02,3.160e+09,4.214e-08,LIN-NL,1.0,3.0883e-17,1.4336e-16,3.4552e-03
1.0e+06,1.5349e-02,3.160e+09,4.214e-08,NL-A,1.0,3.5001e-13,2.8317e-13,9.3229e-03
1.0e+06,1.5349e-02,3.160e+09,4.214e-08,NL-B,1.0,1.6915e-10,9.1085e-11,2.9310e+01
1.0e+06,1.5349e-02,3.160e+09,4.214e-08,NL-A+F,1.0,1.7636e-13,2.1869e-13,9.3229e-03
1.0e+06,1.5349e-02,3.160e+09,4.214e-08,NL-B+F,1.0,2.2168e-13,2.1869e-13,9.3229e-03
1.0e+06,1.5349e-02,3.160e+09,4.214e-08,NL-A,1.8,1.2235e-13,1.7388e-13,9.3229e-03
1.0e+06,1.5349e-02,3.160e+09,4.214e-08,NL-B,1.8,1.4580e-09,7.8629e-10,2.9310e+01
1.0e+06,1.5349e-02,3.160e+09,4.214e-08,NL-A+F,1.8,1.0359e-13,1.5558e-13,9.3229e-03
1.0e+06,1.5349e-02,3.160e+09,4.214e-08,NL-B+F,1.8,8.9113e-13,2.8768e-13,2.9457e-02
1.0e+06,3.0000e-02,6.176e+09,4.214e-08,LIN-UV,1.0,1.5560e+24,2.3122e+24,3.9078e+01
1.0e+06,3.0000e-02,6.176e+09,4.214e-08,LIN-NL,1.0,3.0896e-17,1.4340e-16,3.4552e-03
1.0e+06,3.0000e-02,6.176e+09,4.214e-08,NL-A,1.0,3.5058e-13,2.8389e-13,9.3229e-03
1.0e+06,3.0000e-02,6.176e+09,4.214e-08,NL-B,1.0,1.6917e-10,9.1096e-11,2.9310e+01
1.0e+06,3.0000e-02,6.176e+09,4.214e-08,NL-A+F,1.0,1.7675e-13,2.1929e-13,9.3229e-03
1.0e+06,3.0000e-02,6.176e+09,4.214e-08,NL-B+F,1.0,2.2207e-13,2.1929e-13,9.3229e-03
1.0e+06,3.0000e-02,6.176e+09,4.214e-08,NL-A,1.8,1.2259e-13,1.7430e-13,9.3229e-03
1.0e+06,3.0000e-02,6.176e+09,4.214e-08,NL-B,1.8,1.4615e-09,7.8818e-10,2.9310e+01
1.0e+06,3.0000e-02,6.176e+09,4.214e-08,NL-A+F,1.8,1.0381e-13,1.5596e-13,9.3229e-03
1.0e+06,3.0000e-02,6.176e+09,4.214e-08,NL-B+F,1.8,8.9331e-13,2.8839e-13,2.9457e-02
1.0e+06,5.0000e-02,1.029e+10,4.214e-08,LIN-UV,1.0,1.2408e+25,2.0549e+25,3.9078e+01
1.0e+06,5.0000e-02,1.029e+10,4.214e-08,LIN-NL,1.0,3.0902e-17,1.4342e-16,3.4552e-03
1.0e+06,5.0000e-02,1.029e+10,4.214e-08,NL-A,1.0,3.5088e-13,2.8426e-13,9.3229e-03
1.0e+06,5.0000e-02,1.029e+10,4.214e-08,NL-B,1.0,1.6918e-10,9.1101e-11,2.9310e+01
1.0e+06,5.0000e-02,1.029e+10,4.214e-08,NL-A+F,1.0,1.7694e-13,2.1959e-13,9.3229e-03
1.0e+06,5.0000e-02,1.029e+10,4.214e-08,NL-B+F,1.0,2.2227e-13,2.1959e-13,9.3229e-03
1.0e+06,5.0000e-02,1.029e+10,4.214e-08,NL-A,1.8,1.2272e-13,1.7451e-13,9.3229e-03
1.0e+06,5.0000e-02,1.029e+10,4.214e-08,NL-B,1.8,1.4633e-09,7.8916e-10,2.9310e+01
1.0e+06,5.0000e-02,1.029e+10,4.214e-08,NL-A+F,1.8,1.0392e-13,1.5615e-13,9.3229e-03
1.0e+06,5.0000e-02,1.029e+10,4.214e-08,NL-B+F,1.8,8.9443e-13,2.8875e-13,2.9457e-02
1.0e+06,1.0000e-01,2.059e+10,4.214e-08,LIN-UV,1.0,1.5946e+26,3.0561e+26,3.9078e+01
1.0e+06,1.0000e-01,2.059e+10,4.214e-08,LIN-NL,1.0,3.0908e-17,1.4344e-16,3.4552e-03
1.0e+06,1.0000e-01,2.059e+10,4.214e-08,NL-A,1.0,3.5115e-13,2.8460e-13,9.3229e-03
1.0e+06,1.0000e-01,2.059e+10,4.214e-08,NL-B,1.0,1.6919e-10,9.1106e-11,2.9310e+01
1.0e+06,1.0000e-01,2.059e+10,4.214e-08,NL-A+F,1.0,1.7712e-13,2.1987e-13,9.3229e-03
1.0e+06,1.0000e-01,2.059e+10,4.214e-08,NL-B+F,1.0,2.2245e-13,2.1987e-13,9.3229e-03
1.0e+06,1.0000e-01,2.059e+10,4.214e-08,NL-A,1.8,1.2283e-13,1.7470e-13,9.3229e-03
1.0e+06,1.0000e-01,2.059e+10,4.214e-08,NL-B,1.8,1.4649e-09,7.9004e-10,2.9310e+01
1.0e+06,1.0000e-01,2.059e+10,4.214e-08,NL-A+F,1.8,1.0402e-13,1.5633e-13,9.3229e-03
1.0e+06,1.0000e-01,2.059e+10,4.214e-08,NL-B+F,1.8,8.9545e-13,2.8909e-13,2.9457e-02
1.0e+06,1.7000e-01,3.499e+10,4.214e-08,LIN-UV,1.0,8.8964e+26,1.8884e+27,3.9078e+01
1.0e+06,1.7000e-01,3.499e+10,4.214e-08,LIN-NL,1.0,3.0911e-17,1.4345e-16,3.4552e-03
1.0e+06,1.7000e-01,3.499e+10,4.214e-08,NL-A,1.0,3.5129e-13,2.8477e-13,9.3229e-03
1.0e+06,1.7000e-01,3.499e+10,4.214e-08,NL-B,1.0,1.6920e-10,9.1109e-11,2.9310e+01
1.0e+06,1.7000e-01,3.499e+10,4.214e-08,NL-A+F,1.0,1.7722e-13,2.2002e-13,9.3229e-03
1.0e+06,1.7000e-01,3.499e+10,4.214e-08,NL-B+F,1.0,2.2255e-13,2.2002e-13,9.3229e-03
1.0e+06,1.7000e-01,3.499e+10,4.214e-08,NL-A,1.8,1.2289e-13,1.7480e-13,9.3229e-03
1.0e+06,1.7000e-01,3.499e+10,4.214e-08,NL-B,1.8,1.4658e-09,7.9049e-10,2.9310e+01
1.0e+06,1.7000e-01,3.499e+10,4.214e-08,NL-A+F,1.8,1.0408e-13,1.5642e-13,9.3229e-03
1.0e+06,1.7000e-01,3.499e+10,4.214e-08,NL-B+F,1.8,8.9597e-13,2.8926e-13,2.9457e-02
1.0e+06,3.0000e-01,6.176e+10,4.214e-08,LIN-UV,1.0,4.3680e+27,1.0180e+28,3.9078e+01
1.0e+06,3.0000e-01,6.176e+10,4.214e-08,LIN-NL,1.0,3.0913e-17,1.4346e-16,3.4552e-03
1.0e+06,3.0000e-01,6.176e+10,4.214e-08,NL-A,1.0,3.5139e-13,2.8490e-13,9.3229e-03
1.0e+06,3.0000e-01,6.176e+10,4.214e-08,NL-B,1.0,1.6920e-10,9.1111e-11,2.9310e+01
1.0e+06,3.0000e-01,6.176e+10,4.214e-08,NL-A+F,1.0,1.7728e-13,2.2012e-13,9.3229e-03
1.0e+06,3.0000e-01,6.176e+10,4.214e-08,NL-B+F,1.0,2.2262e-13,2.2012e-13,9.3229e-03
1.0e+06,3.0000e-01,6.176e+10,4.214e-08,NL-A,1.8,1.2293e-13,1.7487e-13,9.3229e-03
1.0e+06,3.0000e-01,6.176e+10,4.214e-08,NL-B,1.8,1.4664e-09,7.9083e-10,2.9310e+01
1.0e+06,3.0000e-01,6.176e+10,4.214e-08,NL-A+F,1.8,1.0411e-13,1.5649e-13,9.3229e-03
1.0e+06,3.0000e-01,6.176e+10,4.214e-08,NL-B+F,1.8,8.9636e-13,2.8938e-13,2.9457e-02
1.0e+06,5.5000e-01,1.132e+11,4.214e-08,LIN-UV,1.0,1.7807e+28,4.4896e+28,3.9078e+01
1.0e+06,5.5000e-01,1.132e+11,4.214e-08,LIN-NL,1.0,3.0915e-17,1.4347e-16,3.4552e-03
1.0e+06,5.5000e-01,1.132e+11,4.214e-08,NL-A,1.0,3.5146e-13,2.8499e-13,9.3229e-03
1.0e+06,5.5000e-01,1.132e+11,4.214e-08,NL-B,1.0,1.6920e-10,9.1112e-11,2.9310e+01
1.0e+06,5.5000e-01,1.132e+11,4.214e-08,NL-A+F,1.0,1.7733e-13,2.2020e-13,9.3229e-03
1.0e+06,5.5000e-01,1.132e+11,4.214e-08,NL-B+F,1.0,2.2267e-13,2.2020e-13,9.3229e-03
1.0e+06,5.5000e-01,1.132e+11,4.214e-08,NL-A,1.8,1.2296e-13,1.7492e-13,9.3229e-03
1.0e+06,5.5000e-01,1.132e+11,4.214e-08,NL-B,1.8,1.4668e-09,7.9107e-10,2.9310e+01
1.0e+06,5.5000e-01,1.132e+11,4.214e-08,NL-A+F,1.8,1.0414e-13,1.5654e-13,9.3229e-03
1.0e+06,5.5000e-01,1.132e+11,4.214e-08,NL-B+F,1.8,8.9664e-13,2.8947e-13,2.9457e-02
1.0e+06,1.0000e+00,2.059e+11,4.214e-08,LIN-UV,1.0,5.3445e+28,1.4267e+29,3.9078e+01
1.0e+06,1.0000e+00,2.059e+11,4.214e-08,LIN-NL,1.0,3.0916e-17,1.4347e-16,3.4552e-03
1.0e+06,1.0000e+00,2.059e+11,4.214e-08,NL-A,1.0,3.5151e-13,2.8505e-13,9.3229e-03
1.0e+06,1.0000e+00,2.059e+11,4.214e-08,NL-B,1.0,1.6920e-10,9.1113e-11,2.9310e+01
1.0e+06,1.0000e+00,2.059e+11,4.214e-08,NL-A+F,1.0,1.7737e-13,2.2025e-13,9.3229e-03
1.0e+06,1.0000e+00,2.059e+11,4.214e-08,NL-B+F,1.0,2.2270e-13,2.2025e-13,9.3229e-03
1.0e+06,1.0000e+00,2.059e+11,4.214e-08,NL-A,1.8,1.2299e-13,1.7496e-13,9.3229e-03
1.0e+06,1.0000e+00,2.059e+11,4.214e-08,NL-B,1.8,1.4671e-09,7.9123e-10,2.9310e+01
1.0e+06,1.0000e+00,2.059e+11,4.214e-08,NL-A+F,1.8,1.0416e-13,1.5657e-13,9.3229e-03
1.0e+06,1.0000e+00,2.059e+11,4.214e-08,NL-B+F,1.8,8.9682e-13,2.8953e-13,2.9457e-02
