M_g,beta,relic_excluded,R_NL-A+F_LISA,R_NL-A+F_DECIGO,R_NL-A+F_BBO,R_NL-A+F_ET,R_NL-A+F_CE,R_NL-A+F_HLVK,R_NL-B+F_LISA,R_NL-B+F_DECIGO,R_NL-B+F_BBO,R_NL-B+F_ET,R_NL-B+F_CE,R_NL-B+F_HLVK,R_SHOT-Ch_LISA,R_SHOT-Ch_DECIGO,R_SHOT-Ch_BBO,R_SHOT-Ch_ET,R_SHOT-Ch_CE,R_SHOT-Ch_HLVK,R_NL-A+F-sh_LISA,R_NL-A+F-sh_DECIGO,R_NL-A+F-sh_BBO,R_NL-A+F-sh_ET,R_NL-A+F-sh_CE,R_NL-A+F-sh_HLVK,R_NL-B+F-sh_LISA,R_NL-B+F-sh_DECIGO,R_NL-B+F-sh_BBO,R_NL-B+F-sh_ET,R_NL-B+F-sh_CE,R_NL-B+F-sh_HLVK
1.0000e+00,1.4574e-05,0,0.000e+00,0.000e+00,0.000e+00,3.983e-22,2.369e-23,3.413e-27,0.000e+00,0.000e+00,0.000e+00,3.983e-22,2.369e-23,3.413e-27,0.000e+00,0.000e+00,0.000e+00,6.365e-22,7.181e-22,4.265e-26,0.000e+00,0.000e+00,0.000e+00,1.048e-23,6.232e-25,8.978e-29,0.000e+00,0.000e+00,0.000e+00,1.048e-23,6.232e-25,8.978e-29
1.0000e+00,3.0620e-05,0,0.000e+00,0.000e+00,0.000e+00,2.851e-21,9.675e-23,1.335e-26,0.000e+00,0.000e+00,0.000e+00,2.851e-21,9.675e-23,1.335e-26,0.000e+00,0.000e+00,0.000e+00,4.735e-22,5.286e-22,3.144e-26,0.000e+00,0.000e+00,0.000e+00,6.624e-23,2.247e-24,3.100e-28,0.000e+00,0.000e+00,0.000e+00,6.624e-23,2.247e-24,3.100e-28
1.0000e+00,6.4332e-05,0,0.000e+00,0.000e+00,0.000e+00,1.422e-20,2.809e-22,3.604e-26,0.000e+00,0.000e+00,0.000e+00,1.422e-20,2.809e-22,3.604e-26,0.000e+00,0.000e+00,0.000e+00,4.151e-22,4.575e-22,2.721e-26,0.000e+00,0.000e+00,0.000e+00,3.896e-22,7.691e-24,9.870e-28,0.000e+00,0.000e+00,0.000e+00,3.896e-22,7.691e-24,9.870e-28
1.0000e+00,1.3516e-04,0,0.000e+00,0.000e+00,0.000e+00,4.849e-20,5.997e-22,7.529e-26,0.000e+00,0.000e+00,0.000e+00,4.849e-20,5.997e-22,7.529e-26,0.000e+00,0.000e+00,0.000e+00,3.930e-22,4.302e-22,2.559e-26,0.000e+00,0.000e+00,0.000e+00,1.620e-21,2.002e-23,2.514e-27,0.000e+00,0.000e+00,0.000e+00,1.620e-21,2.002e-23,2.514e-27
1.0000e+00,2.8398e-04,0,0.000e+00,0.000e+00,0.000e+00,1.210e-19,1.012e-21,1.270e-25,0.000e+00,0.000e+00,0.000e+00,1.210e-19,1.012e-21,1.270e-25,0.000e+00,0.000e+00,0.000e+00,3.847e-22,4.198e-22,2.497e-26,0.000e+00,0.000e+00,0.000e+00,5.307e-21,4.434e-23,5.567e-27,0.000e+00,0.000e+00,0.000e+00,5.178e-21,4.327e-23,5.432e-27
1.0000e+00,5.9664e-04,0,0.000e+00,0.000e+00,0.000e+00,2.264e-19,1.433e-21,1.799e-25,0.000e+00,0.000e+00,0.000e+00,2.264e-19,1.433e-21,1.799e-25,0.000e+00,0.000e+00,0.000e+00,3.815e-22,4.159e-22,2.474e-26,0.000e+00,0.000e+00,0.000e+00,1.288e-20,8.147e-23,1.023e-26,0.000e+00,0.000e+00,0.000e+00,1.201e-20,7.597e-23,9.538e-27
1.0000e+00,1.2536e-03,0,0.000e+00,0.000e+00,0.000e+00,3.422e-19,1.793e-21,2.252e-25,0.000e+00,0.000e+00,0.000e+00,3.422e-19,1.793e-21,2.252e-25,0.000e+00,0.000e+00,0.000e+00,3.803e-22,4.144e-22,2.465e-26,0.000e+00,0.000e+00,0.000e+00,2.324e-20,1.217e-22,1.528e-26,0.000e+00,0.000e+00,0.000e+00,2.100e-20,1.100e-22,1.381e-26
1.0000e+00,2.6337e-03,0,0.000e+00,0.000e+00,0.000e+00,4.461e-19,2.067e-21,2.595e-25,0.000e+00,0.000e+00,0.000e+00,4.461e-19,2.067e-21,2.595e-25,0.000e+00,0.000e+00,0.000e+00,3.798e-22,4.138e-22,2.462e-26,0.000e+00,0.000e+00,0.000e+00,3.311e-20,1.533e-22,1.925e-26,0.000e+00,0.000e+00,0.000e+00,2.949e-20,1.366e-22,1.715e-26
1.0000e+00,5.5335e-03,0,0.000e+00,0.000e+00,0.000e+00,5.271e-19,2.259e-21,2.836e-25,0.000e+00,0.000e+00,0.000e+00,5.271e-19,2.259e-21,2.836e-25,0.000e+00,0.000e+00,0.000e+00,3.796e-22,4.136e-22,2.461e-26,0.000e+00,0.000e+00,0.000e+00,4.012e-20,1.718e-22,2.157e-26,0.000e+00,0.000e+00,0.000e+00,3.567e-20,1.528e-22,1.918e-26
1.0000e+00,1.1626e-02,0,0.000e+00,0.000e+00,0.000e+00,5.848e-19,2.386e-21,2.995e-25,0.000e+00,0.000e+00,0.000e+00,5.848e-19,2.386e-21,2.995e-25,0.000e+00,0.000e+00,0.000e+00,3.796e-22,4.136e-22,2.460e-26,0.000e+00,0.000e+00,0.000e+00,4.411e-20,1.799e-22,2.258e-26,0.000e+00,0.000e+00,0.000e+00,3.945e-20,1.609e-22,2.020e-26
1.0000e+00,2.4426e-02,0,0.000e+00,0.000e+00,0.000e+00,6.235e-19,2.468e-21,3.098e-25,0.000e+00,0.000e+00,0.000e+00,6.235e-19,2.468e-21,3.098e-25,0.000e+00,0.000e+00,0.000e+00,3.795e-22,4.135e-22,2.460e-26,0.000e+00,0.000e+00,0.000e+00,4.601e-20,1.820e-22,2.285e-26,0.000e+00,0.000e+00,0.000e+00,4.140e-20,1.638e-22,2.056e-26
1.0000e+00,5.1320e-02,0,0.000e+00,0.000e+00,0.000e+00,6.485e-19,2.519e-21,3.163e-25,0.000e+00,0.000e+00,0.000e+00,6.485e-19,2.519e-21,3.163e-25,0.000e+00,0.000e+00,0.000e+00,3.795e-22,4.135e-22,2.460e-26,0.000e+00,0.000e+00,0.000e+00,4.678e-20,1.816e-22,2.280e-26,0.000e+00,0.000e+00,0.000e+00,4.233e-20,1.643e-22,2.063e-26
1.0000e+00,1.0782e-01,0,0.000e+00,0.000e+00,0.000e+00,6.644e-19,2.551e-21,3.203e-25,0.000e+00,0.000e+00,0.000e+00,6.644e-19,2.551e-21,3.203e-25,0.000e+00,0.000e+00,0.000e+00,3.795e-22,4.135e-22,2.460e-26,0.000e+00,0.000e+00,0.000e+00,4.705e-20,1.806e-22,2.267e-26,0.000e+00,0.000e+00,0.000e+00,4.275e-20,1.641e-22,2.060e-26
1.0000e+00,2.2654e-01,0,0.000e+00,0.000e+00,0.000e+00,6.742e-19,2.571e-21,3.228e-25,0.000e+00,0.000e+00,0.000e+00,6.742e-19,2.571e-21,3.228e-25,0.000e+00,0.000e+00,0.000e+00,3.795e-22,4.135e-22,2.460e-26,0.000e+00,0.000e+00,0.000e+00,4.712e-20,1.796e-22,2.255e-26,0.000e+00,0.000e+00,0.000e+00,4.292e-20,1.635e-22,2.053e-26
1.0000e+00,4.7596e-01,0,0.000e+00,0.000e+00,0.000e+00,6.803e-19,2.583e-21,3.243e-25,0.000e+00,0.000e+00,0.000e+00,6.803e-19,2.583e-21,3.243e-25,0.000e+00,0.000e+00,0.000e+00,3.795e-22,4.135e-22,2.460e-26,0.000e+00,0.000e+00,0.000e+00,4.713e-20,1.788e-22,2.245e-26,0.000e+00,0.000e+00,0.000e+00,4.302e-20,1.632e-22,2.049e-26
1.0000e+00,1.0000e+00,0,0.000e+00,0.000e+00,0.000e+00,6.841e-19,2.590e-21,3.252e-25,0.000e+00,0.000e+00,0.000e+00,6.841e-19,2.590e-21,3.252e-25,0.000e+00,0.000e+00,0.000e+00,3.795e-22,4.135e-22,2.460e-26,0.000e+00,0.000e+00,0.000e+00,4.711e-20,1.783e-22,2.238e-26,0.000e+00,0.000e+00,0.000e+00,4.306e-20,1.630e-22,2.046e-26
2.5332e+00,5.7530e-06,0,0.000e+00,0.000e+00,0.000e+00,4.070e-20,1.086e-20,1.167e-24,0.000e+00,0.000e+00,0.000e+00,4.070e-20,1.086e-20,1.167e-24,0.000e+00,0.000e+00,0.000e+00,4.405e-21,1.032e-20,6.194e-25,0.000e+00,0.000e+00,0.000e+00,7.090e-22,1.891e-22,2.032e-26,0.000e+00,0.000e+00,0.000e+00,7.091e-22,1.891e-22,2.032e-26
2.5332e+00,1.2860e-05,0,0.000e+00,0.000e+00,0.000e+00,9.276e-19,1.287e-19,1.718e-23,0.000e+00,0.000e+00,0.000e+00,9.276e-19,1.287e-19,1.718e-23,0.000e+00,0.000e+00,0.000e+00,3.287e-21,7.671e-21,4.586e-25,0.000e+00,0.000e+00,0.000e+00,1.432e-20,1.985e-21,2.650e-25,0.000e+00,0.000e+00,0.000e+00,1.432e-20,1.985e-21,2.650e-25
2.5332e+00,2.8746e-05,0,0.000e+00,0.000e+00,0.000e+00,1.625e-17,1.230e-18,1.797e-22,0.000e+00,0.000e+00,0.000e+00,1.625e-17,1.230e-18,1.797e-22,0.000e+00,0.000e+00,0.000e+00,2.911e-21,6.758e-21,4.027e-25,0.000e+00,0.000e+00,0.000e+00,2.989e-19,2.260e-20,3.302e-24,0.000e+00,0.000e+00,0.000e+00,2.989e-19,2.260e-20,3.302e-24
2.5332e+00,6.4257e-05,0,0.000e+00,0.000e+00,0.000e+00,2.025e-16,8.654e-18,1.239e-21,0.000e+00,0.000e+00,0.000e+00,2.025e-16,8.654e-18,1.239e-21,0.000e+00,0.000e+00,0.000e+00,2.782e-21,6.445e-21,3.830e-25,0.000e+00,0.000e+00,0.000e+00,4.714e-18,2.012e-19,2.880e-23,0.000e+00,0.000e+00,0.000e+00,4.704e-18,2.008e-19,2.874e-23
2.5332e+00,1.4363e-04,0,0.000e+00,0.000e+00,0.000e+00,1.621e-15,3.992e-17,5.319e-21,0.000e+00,0.000e+00,0.000e+00,1.621e-15,3.992e-17,5.319e-21,0.000e+00,0.000e+00,0.000e+00,2.737e-21,6.337e-21,3.762e-25,0.000e+00,0.000e+00,0.000e+00,5.337e-17,1.312e-18,1.748e-22,0.000e+00,0.000e+00,0.000e+00,5.072e-17,1.247e-18,1.661e-22
2.5332e+00,3.2107e-04,0,0.000e+00,0.000e+00,0.000e+00,7.902e-15,1.167e-16,1.465e-20,0.000e+00,0.000e+00,0.000e+00,7.902e-15,1.167e-16,1.465e-20,0.000e+00,0.000e+00,0.000e+00,2.722e-21,6.300e-21,3.738e-25,0.000e+00,0.000e+00,0.000e+00,3.587e-16,5.287e-18,6.638e-22,0.000e+00,0.000e+00,0.000e+00,3.227e-16,4.757e-18,5.972e-22
2.5332e+00,7.1769e-04,0,0.000e+00,0.000e+00,0.000e+00,2.547e-14,2.369e-16,2.974e-20,0.000e+00,0.000e+00,0.000e+00,2.547e-14,2.369e-16,2.974e-20,0.000e+00,0.000e+00,0.000e+00,2.717e-21,6.287e-21,3.730e-25,0.000e+00,0.000e+00,0.000e+00,1.431e-15,1.328e-17,1.667e-21,0.000e+00,0.000e+00,0.000e+00,1.242e-15,1.152e-17,1.447e-21
2.5332e+00,1.6043e-03,0,0.000e+00,0.000e+00,0.000e+00,5.546e-14,3.707e-16,4.654e-20,0.000e+00,0.000e+00,0.000e+00,5.546e-14,3.707e-16,4.654e-20,0.000e+00,0.000e+00,0.000e+00,2.715e-21,6.283e-21,3.727e-25,0.000e+00,0.000e+00,0.000e+00,3.454e-15,2.304e-17,2.892e-21,0.000e+00,0.000e+00,0.000e+00,2.956e-15,1.972e-17,2.476e-21
2.5332e+00,3.5861e-03,0,0.000e+00,0.000e+00,0.000e+00,9.095e-14,4.880e-16,6.127e-20,0.000e+00,0.000e+00,0.000e+00,9.095e-14,4.880e-16,6.127e-20,0.000e+00,0.000e+00,0.000e+00,2.714e-21,6.281e-21,3.726e-25,0.000e+00,0.000e+00,0.000e+00,5.822e-15,3.117e-17,3.914e-21,0.000e+00,0.000e+00,0.000e+00,5.001e-15,2.678e-17,3.362e-21
2.5332e+00,8.0160e-03,0,0.000e+00,0.000e+00,0.000e+00,1.234e-13,5.759e-16,7.231e-20,0.000e+00,0.000e+00,0.000e+00,1.234e-13,5.759e-16,7.231e-20,0.000e+00,0.000e+00,0.000e+00,2.714e-21,6.281e-21,3.726e-25,0.000e+00,0.000e+00,0.000e+00,7.811e-15,3.638e-17,4.568e-21,0.000e+00,0.000e+00,0.000e+00,6.766e-15,3.152e-17,3.957e-21
2.5332e+00,1.7918e-02,0,0.000e+00,0.000e+00,0.000e+00,1.484e-13,6.357e-16,7.981e-20,0.000e+00,0.000e+00,0.000e+00,1.484e-13,6.357e-16,7.981e-20,0.000e+00,0.000e+00,0.000e+00,2.714e-21,6.281e-21,3.726e-25,0.000e+00,0.000e+00,0.000e+00,9.174e-15,3.923e-17,4.925e-21,0.000e+00,0.000e+00,0.000e+00,8.018e-15,3.428e-17,4.304e-21
2.5332e+00,4.0053e-02,0,0.000e+00,0.000e+00,0.000e+00,1.656e-13,6.738e-16,8.460e-20,0.000e+00,0.000e+00,0.000e+00,1.656e-13,6.738e-16,8.460e-20,0.000e+00,0.000e+00,0.000e+00,2.714e-21,6.281e-21,3.726e-25,0.000e+00,0.000e+00,0.000e+00,1.001e-14,4.066e-17,5.105e-21,0.000e+00,0.000e+00,0.000e+00,8.820e-15,3.582e-17,4.497e-21
2.5332e+00,8.9532e-02,0,0.000e+00,0.000e+00,0.000e+00,1.767e-13,6.974e-16,8.756e-20,0.000e+00,0.000e+00,0.000e+00,1.767e-13,6.974e-16,8.756e-20,0.000e+00,0.000e+00,0.000e+00,2.714e-21,6.281e-21,3.726e-25,0.000e+00,0.000e+00,0.000e+00,1.050e-14,4.136e-17,5.193e-21,0.000e+00,0.000e+00,0.000e+00,9.298e-15,3.662e-17,4.598e-21
2.5332e+00,2.0013e-01,0,0.000e+00,0.000e+00,0.000e+00,1.836e-13,7.116e-16,8.934e-20,0.000e+00,0.000e+00,0.000e+00,1.836e-13,7.116e-16,8.934e-20,0.000e+00,0.000e+00,0.000e+00,2.714e-21,6.281e-21,3.726e-25,0.000e+00,0.000e+00,0.000e+00,1.079e-14,4.172e-17,5.238e-21,0.000e+00,0.000e+00,0.000e+00,9.575e-15,3.703e-17,4.649e-21
2.5332e+00,4.4736e-01,0,0.000e+00,0.000e+00,0.000e+00,1.878e-13,7.200e-16,9.040e-20,0.000e+00,0.000e+00,0.000e+00,1.878e-13,7.200e-16,9.040e-20,0.000e+00,0.000e+00,0.000e+00,2.714e-21,6.281e-21,3.726e-25,0.000e+00,0.000e+00,0.000e+00,1.095e-14,4.190e-17,5.261e-21,0.000e+00,0.000e+00,0.000e+00,9.744e-15,3.728e-17,4.681e-21
2.5332e+00,1.0000e+00,0,0.000e+00,0.000e+00,0.000e+00,1.903e-13,7.250e-16,9.103e-20,0.000e+00,0.000e+00,0.000e+00,1.903e-13,7.250e-16,9.103e-20,0.000e+00,0.000e+00,0.000e+00,2.714e-21,6.281e-21,3.726e-25,0.000e+00,0.000e+00,0.000e+00,1.104e-14,4.200e-17,5.273e-21,0.000e+00,0.000e+00,0.000e+00,9.841e-15,3.742e-17,4.698e-21
6.4172e+00,2.2710e-06,0,0.000e+00,0.000e+00,0.000e+00,9.581e-19,9.301e-19,5.828e-23,0.000e+00,0.000e+00,0.000e+00,9.581e-19,9.301e-19,5.828e-23,0.000e+00,0.000e+00,0.000e+00,1.791e-20,4.619e-20,3.423e-24,0.000e+00,0.000e+00,0.000e+00,1.101e-20,1.068e-20,6.696e-25,0.000e+00,0.000e+00,0.000e+00,1.101e-20,1.068e-20,6.696e-25
6.4172e+00,5.4010e-06,0,0.000e+00,0.000e+00,0.000e+00,4.781e-17,2.757e-17,2.127e-21,0.000e+00,0.000e+00,0.000e+00,4.781e-17,2.757e-17,2.127e-21,0.000e+00,0.000e+00,0.000e+00,1.322e-20,3.410e-20,2.527e-24,0.000e+00,0.000e+00,0.000e+00,4.878e-19,2.810e-19,2.168e-23,0.000e+00,0.000e+00,0.000e+00,4.878e-19,2.810e-19,2.168e-23
6.4172e+00,1.2845e-05,0,0.000e+00,0.000e+00,0.000e+00,2.012e-15,6.370e-16,6.386e-20,0.000e+00,0.000e+00,0.000e+00,2.012e-15,6.370e-16,6.386e-20,0.000e+00,0.000e+00,0.000e+00,1.175e-20,3.032e-20,2.246e-24,0.000e+00,0.000e+00,0.000e+00,2.458e-17,7.766e-18,7.789e-22,0.000e+00,0.000e+00,0.000e+00,2.458e-17,7.766e-18,7.789e-22
6.4172e+00,3.0548e-05,0,0.000e+00,0.000e+00,0.000e+00,7.031e-14,1.162e-14,1.478e-18,0.000e+00,0.000e+00,0.000e+00,7.031e-14,1.162e-14,1.478e-18,0.000e+00,0.000e+00,0.000e+00,1.129e-20,2.913e-20,2.158e-24,0.000e+00,0.000e+00,0.000e+00,1.144e-15,1.885e-16,2.400e-20,0.000e+00,0.000e+00,0.000e+00,1.131e-15,1.863e-16,2.371e-20
6.4172e+00,7.2649e-05,0,0.000e+00,0.000e+00,0.000e+00,1.849e-12,1.634e-13,2.352e-17,0.000e+00,0.000e+00,0.000e+00,1.849e-12,1.634e-13,2.352e-17,0.000e+00,0.000e+00,0.000e+00,1.115e-20,2.875e-20,2.130e-24,0.000e+00,0.000e+00,0.000e+00,4.576e-14,4.029e-15,5.803e-19,0.000e+00,0.000e+00,0.000e+00,4.225e-14,3.720e-15,5.358e-19
6.4172e+00,1.7278e-04,0,0.000e+00,0.000e+00,0.000e+00,3.249e-11,1.572e-12,2.250e-16,0.000e+00,0.000e+00,0.000e+00,3.249e-11,1.572e-12,2.250e-16,0.000e+00,0.000e+00,0.000e+00,1.110e-20,2.863e-20,2.121e-24,0.000e+00,0.000e+00,0.000e+00,1.178e-12,5.670e-14,8.118e-18,0.000e+00,0.000e+00,0.000e+00,1.019e-12,4.908e-14,7.026e-18
6.4172e+00,4.1090e-04,0,0.000e+00,0.000e+00,0.000e+00,3.318e-10,9.221e-12,1.227e-15,0.000e+00,0.000e+00,0.000e+00,3.318e-10,9.221e-12,1.227e-15,0.000e+00,0.000e+00,0.000e+00,1.109e-20,2.860e-20,2.119e-24,0.000e+00,0.000e+00,0.000e+00,1.545e-11,4.272e-13,5.683e-17,0.000e+00,0.000e+00,0.000e+00,1.286e-11,3.555e-13,4.729e-17
6.4172e+00,9.7721e-04,0,0.000e+00,0.000e+00,0.000e+00,1.693e-09,3.100e-11,3.892e-15,0.000e+00,0.000e+00,0.000e+00,1.693e-09,3.100e-11,3.892e-15,0.000e+00,0.000e+00,0.000e+00,1.108e-20,2.858e-20,2.118e-24,0.000e+00,0.000e+00,0.000e+00,8.864e-11,1.614e-12,2.027e-16,0.000e+00,0.000e+00,0.000e+00,7.296e-11,1.329e-12,1.668e-16
6.4172e+00,2.3240e-03,0,0.000e+00,0.000e+00,0.000e+00,4.759e-09,6.721e-11,8.439e-15,0.000e+00,0.000e+00,0.000e+00,4.759e-09,6.721e-11,8.439e-15,0.000e+00,0.000e+00,0.000e+00,1.108e-20,2.858e-20,2.118e-24,0.000e+00,0.000e+00,0.000e+00,2.564e-10,3.602e-12,4.522e-16,0.000e+00,0.000e+00,0.000e+00,2.127e-10,2.988e-12,3.752e-16
6.4172e+00,5.5270e-03,0,0.000e+00,0.000e+00,0.000e+00,8.953e-09,1.076e-10,1.351e-14,0.000e+00,0.000e+00,0.000e+00,8.953e-09,1.076e-10,1.351e-14,0.000e+00,0.000e+00,0.000e+00,1.108e-20,2.858e-20,2.117e-24,0.000e+00,0.000e+00,0.000e+00,4.760e-10,5.692e-12,7.146e-16,0.000e+00,0.000e+00,0.000e+00,3.996e-10,4.779e-12,6.000e-16
6.4172e+00,1.3144e-02,0,0.000e+00,0.000e+00,0.000e+00,1.303e-08,1.420e-10,1.783e-14,0.000e+00,0.000e+00,0.000e+00,1.303e-08,1.420e-10,1.783e-14,0.000e+00,0.000e+00,0.000e+00,1.108e-20,2.858e-20,2.117e-24,0.000e+00,0.000e+00,0.000e+00,6.761e-10,7.327e-12,9.199e-16,0.000e+00,0.000e+00,0.000e+00,5.750e-10,6.231e-12,7.823e-16
6.4172e+00,3.1260e-02,0,0.000e+00,0.000e+00,0.000e+00,1.622e-08,1.666e-10,2.092e-14,0.000e+00,0.000e+00,0.000e+00,1.622e-08,1.666e-10,2.092e-14,0.000e+00,0.000e+00,0.000e+00,1.108e-20,2.858e-20,2.117e-24,0.000e+00,0.000e+00,0.000e+00,8.232e-10,8.411e-12,1.056e-15,0.000e+00,0.000e+00,0.000e+00,7.065e-10,7.218e-12,9.063e-16
6.4172e+00,7.4344e-02,0,0.000e+00,0.000e+00,0.000e+00,1.839e-08,1.825e-10,2.291e-14,0.000e+00,0.000e+00,0.000e+00,1.839e-08,1.825e-10,2.291e-14,0.000e+00,0.000e+00,0.000e+00,1.108e-20,2.858e-20,2.117e-24,0.000e+00,0.000e+00,0.000e+00,9.188e-10,9.070e-12,1.139e-15,0.000e+00,0.000e+00,0.000e+00,7.927e-10,7.826e-12,9.826e-16
6.4172e+00,1.7681e-01,0,0.000e+00,0.000e+00,0.000e+00,1.975e-08,1.922e-10,2.413e-14,0.000e+00,0.000e+00,0.000e+00,1.975e-08,1.922e-10,2.413e-14,0.000e+00,0.000e+00,0.000e+00,1.108e-20,2.858e-20,2.117e-24,0.000e+00,0.000e+00,0.000e+00,9.771e-10,9.456e-12,1.187e-15,0.000e+00,0.000e+00,0.000e+00,8.463e-10,8.190e-12,1.028e-15
6.4172e+00,4.2048e-01,0,0.000e+00,0.000e+00,0.000e+00,2.056e-08,1.978e-10,2.484e-14,0.000e+00,0.000e+00,0.000e+00,2.056e-08,1.978e-10,2.484e-14,0.000e+00,0.000e+00,0.000e+00,1.108e-20,2.858e-20,2.117e-24,0.000e+00,0.000e+00,0.000e+00,1.011e-09,9.676e-12,1.215e-15,0.000e+00,0.000e+00,0.000e+00,8.767e-10,8.390e-12,1.053e-15
6.4172e+00,1.0000e+00,0,0.000e+00,0.000e+00,0.000e+00,2.104e-08,2.011e-10,2.525e-14,0.000e+00,0.000e+00,0.000e+00,2.104e-08,2.011e-10,2.525e-14,0.000e+00,0.000e+00,0.000e+00,1.108e-20,2.858e-20,2.117e-24,0.000e+00,0.000e+00,0.000e+00,1.031e-09,9.801e-12,1.231e-15,0.000e+00,0.000e+00,0.000e+00,8.948e-10,8.509e-12,1.068e-15
1.6256e+01,8.9650e-07,0,0.000e+00,1.495e-29,9.635e-31,9.768e-18,1.821e-17,1.023e-21,0.000e+00,1.495e-29,9.635e-31,9.768e-18,1.821e-17,1.023e-21,0.000e+00,1.788e-24,2.885e-25,7.218e-20,1.862e-19,1.381e-23,0.000e+00,1.129e-31,7.279e-33,7.387e-20,1.376e-19,7.732e-24,0.000e+00,1.130e-31,7.280e-33,7.388e-20,1.377e-19,7.733e-24
1.6256e+01,2.2684e-06,0,0.000e+00,1.359e-29,8.757e-31,9.394e-16,1.343e-15,7.574e-20,0.000e+00,1.359e-29,8.757e-31,9.394e-16,1.343e-15,7.574e-20,0.000e+00,1.255e-24,2.024e-25,5.260e-20,1.357e-19,1.006e-23,0.000e+00,9.119e-32,5.877e-33,6.315e-18,9.020e-18,5.087e-22,0.000e+00,9.119e-32,5.877e-33,6.315e-18,9.020e-18,5.087e-22
1.6256e+01,5.7396e-06,0,0.000e+00,1.341e-29,8.644e-31,7.653e-14,7.755e-14,4.788e-18,0.000e+00,1.341e-29,8.644e-31,7.653e-14,7.755e-14,4.788e-18,0.000e+00,1.097e-24,1.770e-25,4.696e-20,1.212e-19,8.983e-24,0.000e+00,1.077e-31,6.944e-33,6.162e-16,6.235e-16,3.851e-20,0.000e+00,1.077e-31,6.944e-33,6.162e-16,6.235e-16,3.851e-20
1.6256e+01,1.4523e-05,0,0.000e+00,1.388e-29,8.945e-31,5.511e-12,3.429e-12,2.572e-16,0.000e+00,1.388e-29,8.945e-31,5.511e-12,3.429e-12,2.572e-16,0.000e+00,1.050e-24,1.694e-25,4.533e-20,1.169e-19,8.670e-24,0.000e+00,1.574e-31,1.014e-32,6.278e-14,3.893e-14,2.923e-18,0.000e+00,1.530e-31,9.861e-33,6.104e-14,3.786e-14,2.842e-18
1.6256e+01,3.6746e-05,0,0.000e+00,1.442e-29,9.294e-31,3.325e-10,1.130e-10,1.097e-14,0.000e+00,1.442e-29,9.294e-31,3.325e-10,1.130e-10,1.097e-14,0.000e+00,1.036e-24,1.671e-25,4.485e-20,1.157e-19,8.579e-24,0.000e+00,2.658e-31,1.713e-32,6.172e-12,2.088e-12,2.030e-16,0.000e+00,2.375e-31,1.531e-32,5.515e-12,1.866e-12,1.814e-16
1.6256e+01,9.2975e-05,0,0.000e+00,1.483e-29,9.557e-31,1.375e-08,2.702e-09,3.382e-13,0.000e+00,1.483e-29,9.557e-31,1.375e-08,2.702e-09,3.382e-13,0.000e+00,1.032e-24,1.664e-25,4.471e-20,1.154e-19,8.553e-24,0.000e+00,4.236e-31,2.730e-32,3.963e-10,7.755e-11,9.711e-15,0.000e+00,3.521e-31,2.269e-32,3.295e-10,6.447e-11,8.073e-15
1.6256e+01,2.3525e-04,0,0.000e+00,1.509e-29,9.726e-31,2.097e-07,3.899e-08,5.152e-12,0.000e+00,1.509e-29,9.726e-31,2.097e-07,3.899e-08,5.152e-12,0.000e+00,1.030e-24,1.662e-25,4.467e-20,1.153e-19,8.545e-24,0.000e+00,5.739e-31,3.698e-32,8.047e-09,1.491e-09,1.971e-13,0.000e+00,4.593e-31,2.960e-32,6.440e-09,1.193e-09,1.578e-13
1.6256e+01,5.9524e-04,0,0.000e+00,1.525e-29,9.825e-31,1.279e-06,2.337e-07,3.132e-11,0.000e+00,1.525e-29,9.825e-31,1.279e-06,2.337e-07,3.132e-11,0.000e+00,1.030e-24,1.661e-25,4.466e-20,1.152e-19,8.543e-24,0.000e+00,6.603e-31,4.256e-32,5.593e-08,1.017e-08,1.366e-12,0.000e+00,5.235e-31,3.374e-32,4.434e-08,8.067e-09,1.083e-12
1.6256e+01,1.5061e-03,0,0.000e+00,1.533e-29,9.881e-31,4.143e-06,7.107e-07,9.932e-11,0.000e+00,1.533e-29,9.881e-31,4.143e-06,7.107e-07,9.932e-11,0.000e+00,1.030e-24,1.661e-25,4.466e-20,1.152e-19,8.542e-24,0.000e+00,6.840e-31,4.408e-32,1.866e-07,3.188e-08,4.462e-12,0.000e+00,5.491e-31,3.538e-32,1.497e-07,2.559e-08,3.582e-12
1.6256e+01,3.8108e-03,0,0.000e+00,1.538e-29,9.912e-31,8.698e-06,1.414e-06,2.020e-10,0.000e+00,1.538e-29,9.912e-31,8.698e-06,1.414e-06,2.020e-10,0.000e+00,1.030e-24,1.661e-25,4.466e-20,1.152e-19,8.542e-24,0.000e+00,6.758e-31,4.355e-32,3.857e-07,6.258e-08,8.938e-12,0.000e+00,5.517e-31,3.556e-32,3.149e-07,5.109e-08,7.297e-12
1.6256e+01,9.6424e-03,0,0.000e+00,1.541e-29,9.929e-31,1.361e-05,2.151e-06,3.073e-10,0.000e+00,1.541e-29,9.929e-31,1.361e-05,2.151e-06,3.073e-10,0.000e+00,1.030e-24,1.661e-25,4.466e-20,1.152e-19,8.542e-24,0.000e+00,6.601e-31,4.254e-32,5.886e-07,9.283e-08,1.326e-11,0.000e+00,5.469e-31,3.525e-32,4.877e-07,7.691e-08,1.098e-11
1.6256e+01,2.4398e-02,0,0.000e+00,1.542e-29,9.938e-31,1.765e-05,2.734e-06,3.904e-10,0.000e+00,1.542e-29,9.938e-31,1.765e-05,2.734e-06,3.904e-10,0.000e+00,1.030e-24,1.661e-25,4.466e-20,1.152e-19,8.542e-24,0.000e+00,6.470e-31,4.170e-32,7.472e-07,1.155e-07,1.650e-11,0.000e+00,5.405e-31,3.483e-32,6.241e-07,9.647e-08,1.378e-11
1.6256e+01,6.1732e-02,0,0.000e+00,1.543e-29,9.943e-31,2.042e-05,3.124e-06,4.461e-10,0.000e+00,1.543e-29,9.943e-31,2.042e-05,3.124e-06,4.461e-10,0.000e+00,1.030e-24,1.661e-25,4.466e-20,1.152e-19,8.542e-24,0.000e+00,6.383e-31,4.114e-32,8.525e-07,1.301e-07,1.859e-11,0.000e+00,5.369e-31,3.460e-32,7.170e-07,1.095e-07,1.563e-11
1.6256e+01,1.5620e-01,0,0.000e+00,1.543e-29,9.946e-31,2.213e-05,3.361e-06,4.801e-10,0.000e+00,1.543e-29,9.946e-31,2.213e-05,3.361e-06,4.801e-10,0.000e+00,1.030e-24,1.661e-25,4.466e-20,1.152e-19,8.542e-24,0.000e+00,6.331e-31,4.080e-32,9.162e-07,1.389e-07,1.983e-11,0.000e+00,5.337e-31,3.440e-32,7.724e-07,1.171e-07,1.672e-11
1.6256e+01,3.9522e-01,0,0.000e+00,1.544e-29,9.947e-31,2.312e-05,3.498e-06,4.996e-10,0.000e+00,1.544e-29,9.947e-31,2.312e-05,3.498e-06,4.996e-10,0.000e+00,1.030e-24,1.661e-25,4.466e-20,1.152e-19,8.542e-24,0.000e+00,6.301e-31,4.061e-32,9.527e-07,1.438e-07,2.054e-11,0.000e+00,5.323e-31,3.431e-32,8.049e-07,1.215e-07,1.735e-11
1.6256e+01,1.0000e+00,0,0.000e+00,1.544e-29,9.948e-31,2.368e-05,3.574e-06,5.105e-10,0.000e+00,1.544e-29,9.948e-31,2.368e-05,3.574e-06,5.105e-10,0.000e+00,1.030e-24,1.661e-25,4.466e-20,1.152e-19,8.542e-24,0.000e+00,6.285e-31,4.050e-32,9.731e-07,1.465e-07,2.093e-11,0.000e+00,5.316e-31,3.426e-32,8.231e-07,1.240e-07,1.770e-11
4.1180e+01,3.5390e-07,0,2.688e-43,1.228e-24,9.700e-26,5.719e-17,1.354e-16,8.698e-21,2.688e-43,1.228e-24,9.700e-26,5.719e-17,1.354e-16,8.698e-21,3.116e-35,4.081e-23,7.464e-24,2.907e-19,7.505e-19,5.566e-23,1.334e-45,6.090e-27,4.812e-28,2.842e-19,6.720e-19,4.317e-23,1.334e-45,6.090e-27,4.812e-28,2.842e-19,6.720e-19,4.317e-23
4.1180e+01,9.5270e-07,0,1.808e-43,3.446e-24,2.480e-25,9.822e-15,2.068e-14,1.214e-18,1.808e-43,3.446e-24,2.480e-25,9.822e-15,2.068e-14,1.214e-18,2.156e-35,2.866e-23,5.165e-24,2.093e-19,5.404e-19,4.007e-23,7.972e-46,1.520e-26,1.093e-27,4.341e-17,9.129e-17,5.358e-21,7.972e-46,1.520e-26,1.093e-27,4.341e-17,9.129e-17,5.358e-21
4.1180e+01,2.5647e-06,0,1.549e-43,6.500e-24,4.433e-25,1.439e-12,2.602e-12,1.463e-16,1.549e-43,6.500e-24,4.433e-25,1.439e-12,2.602e-12,1.463e-16,1.542e-35,2.538e-23,4.538e-24,1.877e-19,4.846e-19,3.594e-23,8.188e-46,3.435e-26,2.343e-27,7.629e-15,1.377e-14,7.740e-19,8.188e-46,3.435e-26,2.343e-27,7.629e-15,1.377e-14,7.740e-19
4.1180e+01,6.9040e-06,0,1.493e-43,9.616e-24,6.352e-25,1.904e-10,2.735e-10,1.540e-14,1.493e-43,9.616e-24,6.352e-25,1.904e-10,2.735e-10,1.540e-14,1.483e-35,2.448e-23,4.364e-24,1.820e-19,4.697e-19,3.484e-23,1.188e-45,7.652e-26,5.055e-27,1.523e-12,2.181e-12,1.229e-16,1.132e-45,7.289e-26,4.815e-27,1.451e-12,2.078e-12,1.170e-16
4.1180e+01,1.8586e-05,0,1.492e-43,1.208e-23,7.836e-25,2.183e-08,2.199e-08,1.365e-12,1.492e-43,1.208e-23,7.836e-25,2.183e-08,2.199e-08,1.365e-12,1.466e-35,2.423e-23,4.316e-24,1.804e-19,4.658e-19,3.454e-23,2.058e-45,1.666e-25,1.081e-26,3.038e-10,3.042e-10,1.890e-14,1.774e-45,1.436e-25,9.318e-27,2.620e-10,2.623e-10,1.630e-14
4.1180e+01,5.0033e-05,0,1.501e-43,1.370e-23,8.831e-25,1.318e-06,1.220e-06,8.214e-11,1.501e-43,1.370e-23,8.831e-25,1.318e-06,1.220e-06,8.214e-11,1.462e-35,2.417e-23,4.303e-24,1.800e-19,4.647e-19,3.446e-23,3.395e-45,3.100e-25,1.998e-26,3.004e-08,2.772e-08,1.868e-12,2.720e-45,2.484e-25,1.601e-26,2.407e-08,2.221e-08,1.497e-12
4.1180e+01,1.3469e-04,0,1.508e-43,1.466e-23,9.449e-25,2.401e-05,2.472e-05,1.582e-09,1.508e-43,1.466e-23,9.449e-25,2.401e-05,2.472e-05,1.582e-09,1.461e-35,2.415e-23,4.299e-24,1.799e-19,4.644e-19,3.444e-23,4.713e-45,4.584e-25,2.954e-26,7.551e-07,7.758e-07,4.970e-11,3.629e-45,3.529e-25,2.274e-26,5.813e-07,5.973e-07,3.826e-11
4.1180e+01,3.6258e-04,0,1.512e-43,1.519e-23,9.792e-25,1.575e-04,1.717e-04,1.092e-08,1.512e-43,1.519e-23,9.792e-25,1.575e-04,1.717e-04,1.092e-08,1.460e-35,2.414e-23,4.298e-24,1.799e-19,4.644e-19,3.444e-23,5.455e-45,5.482e-25,3.533e-26,5.714e-06,6.217e-06,3.953e-10,4.174e-45,4.195e-25,2.703e-26,4.372e-06,4.757e-06,3.025e-10
4.1180e+01,9.7606e-04,0,1.515e-43,1.548e-23,9.977e-25,5.281e-04,5.743e-04,3.652e-08,1.515e-43,1.548e-23,9.977e-25,5.281e-04,5.743e-04,3.652e-08,1.460e-35,2.414e-23,4.298e-24,1.799e-19,4.644e-19,3.444e-23,5.631e-45,5.755e-25,3.709e-26,1.973e-05,2.143e-05,1.363e-09,4.381e-45,4.478e-25,2.886e-26,1.535e-05,1.668e-05,1.060e-09
4.1180e+01,2.6276e-03,0,1.516e-43,1.563e-23,1.007e-24,1.116e-03,1.186e-03,7.574e-08,1.516e-43,1.563e-23,1.007e-24,1.116e-03,1.186e-03,7.574e-08,1.460e-35,2.414e-23,4.298e-24,1.799e-19,4.643e-19,3.444e-23,5.540e-45,5.713e-25,3.682e-26,4.098e-05,4.351e-05,2.780e-09,4.398e-45,4.535e-25,2.923e-26,3.254e-05,3.454e-05,2.207e-09
4.1180e+01,7.0734e-03,0,1.517e-43,1.571e-23,1.012e-24,1.743e-03,1.796e-03,1.173e-07,1.517e-43,1.571e-23,1.012e-24,1.743e-03,1.796e-03,1.173e-07,1.460e-35,2.414e-23,4.298e-24,1.799e-19,4.643e-19,3.444e-23,5.404e-45,5.598e-25,3.607e-26,6.248e-05,6.423e-05,4.199e-09,4.359e-45,4.515e-25,2.910e-26,5.039e-05,5.181e-05,3.387e-09
4.1180e+01,1.9042e-02,0,1.517e-43,1.575e-23,1.015e-24,2.242e-03,2.256e-03,1.498e-07,1.517e-43,1.575e-23,1.015e-24,2.242e-03,2.256e-03,1.498e-07,1.460e-35,2.414e-23,4.298e-24,1.799e-19,4.643e-19,3.444e-23,5.300e-45,5.503e-25,3.546e-26,7.879e-05,7.911e-05,5.259e-09,4.319e-45,4.484e-25,2.890e-26,6.420e-05,6.446e-05,4.286e-09
4.1180e+01,5.1260e-02,0,1.517e-43,1.577e-23,1.016e-24,2.570e-03,2.548e-03,1.709e-07,1.517e-43,1.577e-23,1.016e-24,2.570e-03,2.548e-03,1.709e-07,1.460e-35,2.414e-23,4.298e-24,1.799e-19,4.643e-19,3.444e-23,5.235e-45,5.442e-25,3.507e-26,8.921e-05,8.827e-05,5.928e-09,4.288e-45,4.457e-25,2.872e-26,7.306e-05,7.229e-05,4.855e-09
4.1180e+01,1.3799e-01,0,1.517e-43,1.578e-23,1.017e-24,2.764e-03,2.717e-03,1.833e-07,1.517e-43,1.578e-23,1.017e-24,2.764e-03,2.717e-03,1.833e-07,1.460e-35,2.414e-23,4.298e-24,1.799e-19,4.643e-19,3.444e-23,5.199e-45,5.407e-25,3.485e-26,9.524e-05,9.346e-05,6.313e-09,4.273e-45,4.445e-25,2.865e-26,7.829e-05,7.682e-05,5.190e-09
4.1180e+01,3.7147e-01,0,1.517e-43,1.579e-23,1.017e-24,2.871e-03,2.810e-03,1.902e-07,1.517e-43,1.579e-23,1.017e-24,2.871e-03,2.810e-03,1.902e-07,1.460e-35,2.414e-23,4.298e-24,1.799e-19,4.643e-19,3.444e-23,5.179e-45,5.388e-25,3.473e-26,9.855e-05,9.627e-05,6.523e-09,4.265e-45,4.438e-25,2.860e-26,8.117e-05,7.929e-05,5.373e-09
4.1180e+01,1.0000e+00,0,1.517e-43,1.579e-23,1.018e-24,2.928e-03,2.859e-03,1.938e-07,1.517e-43,1.579e-23,1.018e-24,2.928e-03,2.859e-03,1.938e-07,1.460e-35,2.414e-23,4.298e-24,1.799e-19,4.643e-19,3.444e-23,5.168e-45,5.378e-25,3.466e-26,1.003e-04,9.776e-05,6.635e-09,4.261e-45,4.435e-25,2.858e-26,8.271e-05,8.060e-05,5.471e-09
1.0432e+02,1.3970e-07,0,1.574e-37,1.233e-21,1.182e-22,2.639e-16,6.664e-16,4.714e-20,1.574e-37,1.233e-21,1.182e-22,2.639e-16,6.664e-16,4.714e-20,1.150e-33,2.179e-22,1.389e-22,1.168e-18,3.022e-18,2.243e-22,5.123e-40,4.014e-24,3.847e-25,8.633e-19,2.174e-18,1.535e-22,5.124e-40,4.015e-24,3.848e-25,8.634e-19,2.174e-18,1.536e-22
1.0432e+02,4.0012e-07,0,1.842e-37,2.346e-20,2.043e-21,6.996e-14,1.699e-13,1.130e-17,1.842e-37,2.346e-20,2.043e-21,6.996e-14,1.699e-13,1.130e-17,7.858e-34,1.551e-22,9.710e-23,8.315e-19,2.152e-18,1.597e-22,5.325e-40,6.779e-23,5.904e-24,2.034e-16,4.924e-16,3.270e-20,5.325e-40,6.779e-23,5.904e-24,2.034e-16,4.924e-16,3.270e-20
1.0432e+02,1.1460e-06,0,2.101e-37,2.003e-19,1.592e-20,1.667e-11,3.822e-11,2.382e-15,2.101e-37,2.003e-19,1.592e-20,1.667e-11,3.822e-11,2.382e-15,6.939e-34,1.398e-22,8.672e-23,7.494e-19,1.939e-18,1.439e-22,7.321e-40,6.980e-22,5.548e-23,5.848e-14,1.336e-13,8.314e-18,7.321e-40,6.980e-22,5.548e-23,5.848e-14,1.336e-13,8.314e-18
1.0432e+02,3.2822e-06,0,2.344e-37,8.041e-19,5.856e-20,3.771e-09,7.843e-09,4.577e-13,2.344e-37,8.041e-19,5.856e-20,3.771e-09,7.843e-09,4.577e-13,6.704e-34,1.360e-22,8.411e-23,7.292e-19,1.887e-18,1.400e-22,1.314e-39,4.508e-21,3.283e-22,2.130e-11,4.414e-11,2.574e-15,1.221e-39,4.189e-21,3.051e-22,1.979e-11,4.101e-11,2.392e-15
1.0432e+02,9.4005e-06,0,2.518e-37,1.810e-18,1.244e-19,7.190e-07,1.371e-06,7.668e-11,2.518e-37,1.810e-18,1.244e-19,7.190e-07,1.371e-06,7.668e-11,6.644e-34,1.351e-22,8.346e-23,7.243e-19,1.874e-18,1.391e-22,2.597e-39,1.867e-20,1.283e-21,7.471e-09,1.420e-08,7.948e-13,2.161e-39,1.553e-20,1.068e-21,6.216e-09,1.182e-08,6.613e-13
1.0432e+02,2.6924e-05,0,2.623e-37,2.814e-18,1.870e-19,5.391e-05,1.183e-04,6.796e-09,2.623e-37,2.814e-18,1.870e-19,5.391e-05,1.183e-04,6.796e-09,6.629e-34,1.349e-22,8.330e-23,7.230e-19,1.871e-18,1.388e-22,4.692e-39,5.033e-20,3.345e-21,9.689e-07,2.125e-06,1.219e-10,3.623e-39,3.886e-20,2.583e-21,7.481e-07,1.640e-06,9.416e-11
1.0432e+02,7.7112e-05,0,2.681e-37,3.541e-18,2.311e-19,1.072e-03,2.687e-03,1.569e-07,2.681e-37,3.541e-18,2.311e-19,1.072e-03,2.687e-03,1.569e-07,6.626e-34,1.348e-22,8.326e-23,7.228e-19,1.870e-18,1.388e-22,6.879e-39,9.087e-20,5.930e-21,2.761e-05,6.917e-05,4.039e-09,5.095e-39,6.730e-20,4.392e-21,2.044e-05,5.123e-05,2.991e-09
1.0432e+02,2.2086e-04,0,2.711e-37,3.980e-18,2.573e-19,7.528e-03,1.886e-02,1.129e-06,2.711e-37,3.980e-18,2.573e-19,7.528e-03,1.886e-02,1.129e-06,6.625e-34,1.348e-22,8.325e-23,7.227e-19,1.870e-18,1.388e-22,8.132e-39,1.194e-19,7.720e-21,2.266e-04,5.677e-04,3.394e-08,6.008e-39,8.822e-20,5.703e-21,1.674e-04,4.194e-04,2.507e-08
1.0432e+02,6.3255e-04,0,2.726e-37,4.221e-18,2.720e-19,2.545e-02,6.462e-02,3.921e-06,2.726e-37,4.221e-18,2.720e-19,2.545e-02,6.462e-02,3.921e-06,6.625e-34,1.348e-22,8.325e-23,7.227e-19,1.870e-18,1.388e-22,8.429e-39,1.305e-19,8.412e-21,7.893e-04,2.004e-03,1.215e-07,6.357e-39,9.844e-20,6.344e-21,5.953e-04,1.511e-03,9.163e-08
1.0432e+02,1.8117e-03,0,2.734e-37,4.347e-18,2.801e-19,5.376e-02,1.362e-01,8.208e-06,2.734e-37,4.347e-18,2.801e-19,5.376e-02,1.362e-01,8.208e-06,6.625e-34,1.348e-22,8.325e-23,7.227e-19,1.870e-18,1.388e-22,8.296e-39,1.319e-19,8.502e-21,1.637e-03,4.145e-03,2.497e-07,6.401e-39,1.018e-19,6.560e-21,1.263e-03,3.198e-03,1.927e-07
1.0432e+02,5.1888e-03,0,2.737e-37,4.411e-18,2.843e-19,8.278e-02,2.082e-01,1.245e-05,2.737e-37,4.411e-18,2.843e-19,8.278e-02,2.082e-01,1.245e-05,6.625e-34,1.348e-22,8.325e-23,7.227e-19,1.870e-18,1.388e-22,8.101e-39,1.305e-19,8.412e-21,2.458e-03,6.180e-03,3.695e-07,6.371e-39,1.027e-19,6.616e-21,1.933e-03,4.860e-03,2.906e-07
1.0432e+02,1.4861e-02,0,2.739e-37,4.443e-18,2.863e-19,1.046e-01,2.622e-01,1.565e-05,2.739e-37,4.443e-18,2.863e-19,1.046e-01,2.622e-01,1.565e-05,6.625e-34,1.348e-22,8.325e-23,7.227e-19,1.870e-18,1.388e-22,7.960e-39,1.291e-19,8.320e-21,3.050e-03,7.643e-03,4.559e-07,6.324e-39,1.026e-19,6.610e-21,2.423e-03,6.071e-03,3.622e-07
1.0432e+02,4.2564e-02,0,2.740e-37,4.459e-18,2.873e-19,1.182e-01,2.962e-01,1.761e-05,2.740e-37,4.459e-18,2.873e-19,1.182e-01,2.962e-01,1.761e-05,6.625e-34,1.348e-22,8.325e-23,7.227e-19,1.870e-18,1.388e-22,7.877e-39,1.282e-19,8.260e-21,3.409e-03,8.542e-03,5.077e-07,6.286e-39,1.023e-19,6.592e-21,2.721e-03,6.816e-03,4.052e-07
1.0432e+02,1.2191e-01,0,2.741e-37,4.467e-18,2.879e-19,1.258e-01,3.152e-01,1.870e-05,2.741e-37,4.467e-18,2.879e-19,1.258e-01,3.152e-01,1.870e-05,6.625e-34,1.348e-22,8.325e-23,7.227e-19,1.870e-18,1.388e-22,7.833e-39,1.277e-19,8.227e-21,3.607e-03,9.036e-03,5.360e-07,6.272e-39,1.022e-19,6.587e-21,2.888e-03,7.235e-03,4.292e-07
1.0432e+02,3.4915e-01,0,2.741e-37,4.471e-18,2.881e-19,1.298e-01,3.252e-01,1.928e-05,2.741e-37,4.471e-18,2.881e-19,1.298e-01,3.252e-01,1.928e-05,6.625e-34,1.348e-22,8.325e-23,7.227e-19,1.870e-18,1.388e-22,7.810e-39,1.274e-19,8.209e-21,3.710e-03,9.294e-03,5.508e-07,6.264e-39,1.022e-19,6.584e-21,2.975e-03,7.455e-03,4.418e-07
1.0432e+02,1.0000e+00,0,2.741e-37,4.473e-18,2.882e-19,1.318e-01,3.303e-01,1.957e-05,2.741e-37,4.473e-18,2.882e-19,1.318e-01,3.303e-01,1.957e-05,6.625e-34,1.348e-22,8.325e-23,7.227e-19,1.870e-18,1.388e-22,7.798e-39,1.272e-19,8.200e-21,3.762e-03,9.426e-03,5.583e-07,6.261e-39,1.022e-19,6.583e-21,3.020e-03,7.568e-03,4.482e-07
2.6426e+02,5.5149e-08,0,2.894e-33,6.049e-20,9.644e-21,1.113e-15,2.879e-15,2.117e-19,2.894e-33,6.049e-20,9.644e-21,1.113e-15,2.879e-15,2.117e-19,2.849e-32,8.785e-22,8.232e-22,4.652e-18,1.213e-17,9.027e-22,6.177e-36,1.291e-22,2.058e-23,2.414e-18,6.188e-18,4.530e-22,6.177e-36,1.291e-22,2.059e-23,2.414e-18,6.188e-18,4.530e-22
2.6426e+02,1.6805e-07,0,1.631e-32,6.846e-18,7.671e-19,4.184e-13,1.069e-12,7.678e-17,1.631e-32,6.846e-18,7.671e-19,4.184e-13,1.069e-12,7.678e-17,1.924e-32,6.190e-22,5.800e-22,3.279e-18,8.546e-18,6.361e-22,3.087e-35,1.296e-20,1.452e-21,8.047e-16,2.038e-15,1.457e-19,3.087e-35,1.296e-20,1.452e-21,8.047e-16,2.038e-15,1.457e-19
2.6426e+02,5.1207e-07,0,4.627e-32,3.945e-16,3.626e-17,1.484e-10,3.719e-10,2.580e-14,4.627e-32,3.945e-16,3.626e-17,1.484e-10,3.719e-10,2.580e-14,1.715e-32,5.606e-22,5.253e-22,2.971e-18,7.741e-18,5.761e-22,1.068e-34,9.104e-19,8.369e-20,3.480e-13,8.644e-13,5.974e-17,1.068e-34,9.104e-19,8.368e-20,3.479e-13,8.644e-13,5.973e-17
2.6426e+02,1.5604e-06,0,8.378e-32,8.967e-15,7.766e-16,5.202e-08,1.262e-07,8.316e-12,8.378e-32,8.967e-15,7.766e-16,5.202e-08,1.262e-07,8.316e-12,1.668e-32,5.474e-22,5.129e-22,2.901e-18,7.558e-18,5.625e-22,3.319e-34,3.553e-17,3.077e-18,2.095e-10,5.041e-10,3.308e-14,2.994e-34,3.205e-17,2.776e-18,1.890e-10,4.547e-10,2.984e-14
2.6426e+02,4.7547e-06,0,1.147e-31,8.069e-14,6.257e-15,1.175e-05,3.436e-05,2.331e-09,1.147e-31,8.069e-14,6.257e-15,1.175e-05,3.436e-05,2.331e-09,1.657e-32,5.444e-22,5.101e-22,2.885e-18,7.517e-18,5.594e-22,8.840e-34,6.219e-16,4.823e-17,9.126e-08,2.664e-07,1.804e-11,7.105e-34,4.998e-16,3.876e-17,7.335e-08,2.141e-07,1.450e-11
2.6426e+02,1.4488e-05,0,1.343e-31,3.011e-13,2.149e-14,8.508e-04,3.064e-03,2.586e-07,1.343e-31,3.011e-13,2.149e-14,8.508e-04,3.064e-03,2.586e-07,1.654e-32,5.437e-22,5.095e-22,2.882e-18,7.508e-18,5.588e-22,1.896e-33,4.250e-15,3.033e-16,1.205e-05,4.335e-05,3.659e-09,1.410e-33,3.161e-15,2.256e-16,8.965e-06,3.224e-05,2.721e-09
2.6426e+02,4.4149e-05,0,1.451e-31,6.165e-13,4.178e-14,1.546e-02,6.917e-02,6.709e-06,1.451e-31,6.165e-13,4.178e-14,1.546e-02,6.917e-02,6.709e-06,1.653e-32,5.436e-22,5.094e-22,2.881e-18,7.506e-18,5.586e-22,3.052e-33,1.297e-14,8.789e-16,3.260e-04,1.458e-03,1.414e-07,2.187e-33,9.292e-15,6.297e-16,2.336e-04,1.044e-03,1.013e-07
2.6426e+02,1.3453e-04,0,1.506e-31,8.892e-13,5.857e-14,1.104e-01,5.029e-01,4.966e-05,1.506e-31,8.892e-13,5.857e-14,1.104e-01,5.029e-01,4.966e-05,1.653e-32,5.435e-22,5.093e-22,2.881e-18,7.506e-18,5.586e-22,3.752e-33,2.215e-14,1.459e-15,2.754e-03,1.255e-02,1.239e-06,2.682e-33,1.584e-14,1.043e-15,1.969e-03,8.972e-03,8.857e-07
2.6426e+02,4.0994e-04,0,1.533e-31,1.065e-12,6.915e-14,3.692e-01,1.682e+00,1.783e-04,1.533e-31,1.065e-12,6.915e-14,3.692e-01,1.682e+00,1.783e-04,1.653e-32,5.435e-22,5.093e-22,2.881e-18,7.505e-18,5.586e-22,3.936e-33,2.735e-14,1.775e-15,9.496e-03,4.326e-02,4.583e-06,2.884e-33,2.004e-14,1.301e-15,6.957e-03,3.170e-02,3.358e-06
2.6426e+02,1.2491e-03,0,1.546e-31,1.163e-12,7.494e-14,7.660e-01,3.490e+00,3.734e-04,1.546e-31,1.163e-12,7.494e-14,7.660e-01,3.490e+00,3.734e-04,1.653e-32,5.435e-22,5.093e-22,2.881e-18,7.505e-18,5.586e-22,3.892e-33,2.926e-14,1.886e-15,1.931e-02,8.797e-02,9.407e-06,2.930e-33,2.203e-14,1.420e-15,1.454e-02,6.624e-02,7.083e-06
2.6426e+02,3.8064e-03,0,1.553e-31,1.213e-12,7.814e-14,1.155e+00,5.260e+00,5.553e-04,1.553e-31,1.213e-12,7.814e-14,1.155e+00,5.260e+00,5.553e-04,1.653e-32,5.435e-22,5.093e-22,2.881e-18,7.505e-18,5.586e-22,3.812e-33,2.977e-14,1.919e-15,2.840e-02,1.294e-01,1.365e-05,2.921e-33,2.281e-14,1.470e-15,2.176e-02,9.912e-02,1.046e-05
2.6426e+02,1.1599e-02,0,1.556e-31,1.237e-12,7.973e-14,1.431e+00,6.521e+00,6.797e-04,1.556e-31,1.237e-12,7.973e-14,1.431e+00,6.521e+00,6.797e-04,1.653e-32,5.435e-22,5.093e-22,2.881e-18,7.505e-18,5.586e-22,3.757e-33,2.987e-14,1.925e-15,3.463e-02,1.577e-01,1.643e-05,2.906e-33,2.311e-14,1.489e-15,2.679e-02,1.220e-01,1.271e-05
2.6426e+02,3.5343e-02,0,1.557e-31,1.249e-12,8.049e-14,1.594e+00,7.261e+00,7.509e-04,1.557e-31,1.249e-12,8.049e-14,1.594e+00,7.261e+00,7.509e-04,1.653e-32,5.435e-22,5.093e-22,2.881e-18,7.505e-18,5.586e-22,3.725e-33,2.988e-14,1.926e-15,3.820e-02,1.740e-01,1.798e-05,2.900e-33,2.326e-14,1.499e-15,2.974e-02,1.355e-01,1.400e-05
2.6426e+02,1.0770e-01,0,1.558e-31,1.255e-12,8.086e-14,1.680e+00,7.652e+00,7.880e-04,1.558e-31,1.255e-12,8.086e-14,1.680e+00,7.652e+00,7.880e-04,1.653e-32,5.435e-22,5.093e-22,2.881e-18,7.505e-18,5.586e-22,3.709e-33,2.987e-14,1.925e-15,4.006e-02,1.825e-01,1.878e-05,2.896e-33,2.333e-14,1.504e-15,3.129e-02,1.425e-01,1.467e-05
2.6426e+02,3.2817e-01,0,1.558e-31,1.257e-12,8.103e-14,1.723e+00,7.848e+00,8.064e-04,1.558e-31,1.257e-12,8.103e-14,1.723e+00,7.848e+00,8.064e-04,1.653e-32,5.435e-22,5.093e-22,2.881e-18,7.505e-18,5.586e-22,3.701e-33,2.987e-14,1.925e-15,4.099e-02,1.867e-01,1.918e-05,2.894e-33,2.336e-14,1.505e-15,3.206e-02,1.460e-01,1.500e-05
2.6426e+02,1.0000e+00,0,1.558e-31,1.259e-12,8.112e-14,1.744e+00,7.944e+00,8.154e-04,1.558e-31,1.259e-12,8.112e-14,1.744e+00,7.944e+00,8.154e-04,1.653e-32,5.435e-22,5.093e-22,2.881e-18,7.505e-18,5.586e-22,3.697e-33,2.986e-14,1.925e-15,4.144e-02,1.888e-01,1.937e-05,2.887e-33,2.332e-14,1.503e-15,3.236e-02,1.474e-01,1.512e-05
6.6943e+02,2.1770e-08,0,1.030e-30,6.061e-19,2.141e-19,4.494e-15,1.189e-14,8.900e-19,1.030e-30,6.061e-19,2.141e-19,4.494e-15,1.189e-14,8.900e-19,3.564e-31,3.542e-21,3.319e-21,1.818e-17,4.818e-17,3.620e-21,1.442e-33,8.485e-22,2.997e-22,6.588e-18,1.698e-17,1.256e-21,1.442e-33,8.487e-22,2.997e-22,6.589e-18,1.699e-17,1.256e-21
6.6943e+02,7.0578e-08,0,4.748e-29,1.982e-16,4.270e-17,2.320e-12,6.107e-12,4.538e-16,4.748e-29,1.982e-16,4.270e-17,2.320e-12,6.107e-12,4.538e-16,2.426e-31,2.472e-21,2.316e-21,1.270e-17,3.365e-17,2.527e-21,5.863e-32,2.447e-19,5.272e-20,2.998e-15,7.691e-15,5.647e-19,5.863e-32,2.447e-19,5.272e-20,2.998e-15,7.691e-15,5.647e-19
6.6943e+02,2.2881e-07,0,8.632e-28,4.617e-14,6.416e-15,1.171e-09,3.064e-09,2.249e-13,8.632e-28,4.617e-14,6.416e-15,1.171e-09,3.064e-09,2.249e-13,2.189e-31,2.250e-21,2.108e-21,1.157e-17,3.064e-17,2.300e-21,1.327e-30,7.098e-17,9.864e-18,1.885e-12,4.809e-12,3.486e-16,1.322e-30,7.073e-17,9.829e-18,1.878e-12,4.792e-12,3.473e-16
6.6943e+02,7.4181e-07,0,5.603e-27,6.119e-12,6.458e-13,4.938e-07,1.485e-06,1.113e-10,5.603e-27,6.119e-12,6.458e-13,4.938e-07,1.485e-06,1.113e-10,2.142e-31,2.204e-21,2.065e-21,1.133e-17,3.001e-17,2.253e-21,1.574e-29,1.719e-14,1.814e-15,1.418e-09,4.244e-09,3.154e-13,1.374e-29,1.501e-14,1.584e-15,1.238e-09,3.704e-09,2.753e-13
6.6943e+02,2.4049e-06,0,1.595e-26,3.524e-10,3.139e-11,8.688e-05,3.863e-04,4.012e-08,1.595e-26,3.524e-10,3.139e-11,8.688e-05,3.863e-04,4.012e-08,2.132e-31,2.194e-21,2.056e-21,1.128e-17,2.988e-17,2.243e-21,9.180e-29,2.029e-12,1.807e-13,5.042e-07,2.237e-06,2.319e-10,7.115e-29,1.573e-12,1.401e-13,3.908e-07,1.734e-06,1.797e-10
6.6943e+02,7.7967e-06,0,2.716e-26,6.895e-09,5.570e-10,5.006e-03,3.281e-02,4.615e-06,2.716e-26,6.895e-09,5.570e-10,5.006e-03,3.281e-02,4.615e-06,2.130e-31,2.192e-21,2.054e-21,1.127e-17,2.985e-17,2.241e-21,3.019e-28,7.664e-11,6.191e-12,5.578e-05,3.654e-04,5.138e-08,2.168e-28,5.504e-11,4.447e-12,4.007e-05,2.625e-04,3.691e-08
6.6943e+02,2.5277e-05,0,3.511e-26,4.578e-08,3.347e-09,8.437e-02,7.318e-01,1.207e-04,3.511e-26,4.578e-08,3.347e-09,8.437e-02,7.318e-01,1.207e-04,2.129e-31,2.192e-21,2.054e-21,1.127e-17,2.984e-17,2.241e-21,6.047e-28,7.884e-10,5.765e-11,1.455e-03,1.262e-02,2.081e-06,4.180e-28,5.449e-10,3.984e-11,1.005e-03,8.720e-03,1.438e-06
6.6943e+02,8.1946e-05,0,3.960e-26,1.302e-07,8.927e-09,5.868e-01,5.279e+00,8.779e-04,3.960e-26,1.302e-07,8.927e-09,5.868e-01,5.279e+00,8.779e-04,2.129e-31,2.191e-21,2.054e-21,1.127e-17,2.984e-17,2.241e-21,8.180e-28,2.689e-09,1.844e-10,1.213e-02,1.092e-01,1.815e-05,5.662e-28,1.862e-09,1.276e-10,8.397e-03,7.555e-02,1.256e-05
6.6943e+02,2.6567e-04,0,4.186e-26,2.209e-07,1.462e-08,1.884e+00,1.794e+01,3.149e-03,4.186e-26,2.209e-07,1.462e-08,1.884e+00,1.794e+01,3.149e-03,2.129e-31,2.191e-21,2.054e-21,1.127e-17,2.984e-17,2.241e-21,8.912e-28,4.702e-09,3.112e-10,4.014e-02,3.823e-01,6.707e-05,6.342e-28,3.346e-09,2.215e-10,2.856e-02,2.720e-01,4.773e-05
6.6943e+02,8.6128e-04,0,4.294e-26,2.847e-07,1.852e-08,3.779e+00,3.732e+01,6.571e-03,4.294e-26,2.847e-07,1.852e-08,3.779e+00,3.732e+01,6.571e-03,2.129e-31,2.191e-21,2.054e-21,1.127e-17,2.984e-17,2.241e-21,8.952e-28,5.935e-09,3.860e-10,7.884e-02,7.785e-01,1.371e-04,6.559e-28,4.348e-09,2.828e-10,5.776e-02,5.704e-01,1.004e-04
6.6943e+02,2.7922e-03,0,4.345e-26,3.206e-07,2.068e-08,5.542e+00,5.476e+01,9.640e-03,4.345e-26,3.206e-07,2.068e-08,5.542e+00,5.476e+01,9.640e-03,2.129e-31,2.191e-21,2.054e-21,1.127e-17,2.984e-17,2.241e-21,8.845e-28,6.527e-09,4.209e-10,1.129e-01,1.115e+00,1.964e-04,6.612e-28,4.879e-09,3.146e-10,8.440e-02,8.338e-01,1.468e-04
6.6943e+02,9.0524e-03,0,4.368e-26,3.387e-07,2.183e-08,6.716e+00,6.607e+01,1.163e-02,4.368e-26,3.387e-07,2.183e-08,6.716e+00,6.607e+01,1.163e-02,2.129e-31,2.191e-21,2.054e-21,1.127e-17,2.984e-17,2.241e-21,8.759e-28,6.791e-09,4.377e-10,1.348e-01,1.326e+00,2.334e-04,6.608e-28,5.123e-09,3.302e-10,1.017e-01,1.000e+00,1.761e-04
6.6943e+02,2.9348e-02,0,4.379e-26,3.473e-07,2.238e-08,7.369e+00,7.220e+01,1.271e-02,4.379e-26,3.473e-07,2.238e-08,7.369e+00,7.220e+01,1.271e-02,2.129e-31,2.191e-21,2.054e-21,1.127e-17,2.984e-17,2.241e-21,8.711e-28,6.909e-09,4.453e-10,1.467e-01,1.437e+00,2.530e-04,6.610e-28,5.243e-09,3.379e-10,1.113e-01,1.091e+00,1.920e-04
6.6943e+02,9.5144e-02,0,4.384e-26,3.513e-07,2.264e-08,7.696e+00,7.524e+01,1.325e-02,4.384e-26,3.513e-07,2.264e-08,7.696e+00,7.524e+01,1.325e-02,2.129e-31,2.191e-21,2.054e-21,1.127e-17,2.984e-17,2.241e-21,8.687e-28,6.962e-09,4.487e-10,1.526e-01,1.492e+00,2.627e-04,6.609e-28,5.297e-09,3.414e-10,1.161e-01,1.135e+00,1.998e-04
6.6943e+02,3.0845e-01,0,4.386e-26,3.532e-07,2.276e-08,7.852e+00,7.668e+01,1.350e-02,4.386e-26,3.532e-07,2.276e-08,7.852e+00,7.668e+01,1.350e-02,2.129e-31,2.191e-21,2.054e-21,1.127e-17,2.984e-17,2.241e-21,8.675e-28,6.986e-09,4.502e-10,1.555e-01,1.518e+00,2.672e-04,6.609e-28,5.322e-09,3.430e-10,1.184e-01,1.156e+00,2.036e-04
6.6943e+02,1.0000e+00,0,4.387e-26,3.540e-07,2.281e-08,7.925e+00,7.735e+01,1.362e-02,4.387e-26,3.540e-07,2.281e-08,7.925e+00,7.735e+01,1.362e-02,2.129e-31,2.191e-21,2.054e-21,1.127e-17,2.984e-17,2.241e-21,8.670e-28,6.997e-09,4.509e-10,1.568e-01,1.530e+00,2.693e-04,6.609e-28,5.334e-09,3.437e-10,1.195e-01,1.166e+00,2.053e-04
1.6958e+03,8.5939e-09,0,3.989e-29,3.255e-18,2.116e-18,1.717e-14,4.714e-14,3.626e-18,3.989e-29,3.255e-18,2.116e-18,1.717e-14,4.714e-14,3.626e-18,2.242e-30,1.428e-20,1.338e-20,6.769e-17,1.862e-16,1.436e-20,3.663e-32,2.990e-21,1.943e-21,1.776e-17,4.600e-17,3.408e-21,3.663e-32,2.990e-21,1.943e-21,1.776e-17,4.600e-17,3.408e-21
1.6958e+03,2.9642e-08,0,7.662e-27,1.986e-15,9.079e-16,1.214e-11,3.313e-11,2.543e-15,7.662e-27,1.986e-15,9.079e-16,1.214e-11,3.313e-11,2.543e-15,1.540e-30,9.876e-21,9.255e-21,4.697e-17,1.289e-16,9.942e-21,6.172e-30,1.600e-18,7.313e-19,1.100e-14,2.833e-14,2.095e-18,6.172e-30,1.600e-18,7.313e-19,1.100e-14,2.833e-14,2.095e-18
1.6958e+03,1.0224e-07,0,8.740e-25,1.056e-12,3.050e-13,8.034e-09,2.331e-08,1.789e-12,8.740e-25,1.056e-12,3.050e-13,8.034e-09,2.331e-08,1.789e-12,1.407e-30,9.035e-21,8.467e-21,4.304e-17,1.180e-16,9.098e-21,9.013e-28,1.089e-15,3.145e-16,8.933e-12,2.540e-11,1.888e-15,8.917e-28,1.078e-15,3.112e-16,8.837e-12,2.513e-11,1.868e-15
1.6958e+03,3.5266e-07,0,4.074e-23,4.415e-10,7.882e-11,2.558e-06,1.122e-05,1.176e-09,4.074e-23,4.415e-10,7.882e-11,2.558e-06,1.122e-05,1.176e-09,1.382e-30,8.873e-21,8.316e-21,4.229e-17,1.160e-16,8.937e-21,8.141e-26,8.823e-13,1.575e-13,5.237e-09,2.283e-08,2.379e-12,6.847e-26,7.421e-13,1.325e-13,4.405e-09,1.920e-08,2.001e-12
1.6958e+03,1.2164e-06,0,5.975e-22,1.153e-07,1.387e-08,3.159e-04,2.370e-03,3.737e-07,5.975e-22,1.153e-07,1.387e-08,3.159e-04,2.370e-03,3.737e-07,1.377e-30,8.843e-21,8.287e-21,4.215e-17,1.156e-16,8.906e-21,2.569e-24,4.957e-10,5.965e-11,1.366e-06,1.024e-05,1.613e-09,1.918e-24,3.701e-10,4.454e-11,1.020e-06,7.648e-06,1.204e-09
1.6958e+03,4.1956e-06,0,2.824e-21,1.411e-05,1.324e-06,1.612e-02,1.831e-01,3.263e-05,2.824e-21,1.411e-05,1.324e-06,1.612e-02,1.831e-01,3.263e-05,1.376e-30,8.837e-21,8.281e-21,4.212e-17,1.155e-16,8.900e-21,2.468e-23,1.234e-07,1.157e-08,1.411e-04,1.602e-03,2.856e-07,1.717e-23,8.583e-08,8.050e-09,9.818e-05,1.115e-03,1.987e-07
1.6958e+03,1.4472e-05,0,6.246e-21,5.509e-04,4.798e-05,2.733e-01,3.360e+00,4.899e-04,6.246e-21,5.509e-04,4.798e-05,2.733e-01,3.360e+00,4.899e-04,1.376e-30,8.836e-21,8.280e-21,4.211e-17,1.155e-16,8.899e-21,8.800e-23,7.762e-06,6.760e-07,3.852e-03,4.736e-02,6.907e-06,5.886e-23,5.191e-06,4.522e-07,2.576e-03,3.167e-02,4.619e-06
1.6958e+03,4.9915e-05,0,9.094e-21,5.662e-03,4.750e-04,1.805e+00,2.186e+01,2.569e-03,9.094e-21,5.662e-03,4.750e-04,1.805e+00,2.186e+01,2.569e-03,1.376e-30,8.836e-21,8.280e-21,4.211e-17,1.155e-16,8.899e-21,1.556e-22,9.690e-05,8.129e-06,3.091e-02,3.743e-01,4.399e-05,1.046e-22,6.510e-05,5.461e-06,2.076e-02,2.515e-01,2.956e-05
1.6958e+03,1.7217e-04,0,1.079e-20,1.899e-02,1.551e-03,6.188e+00,6.876e+01,7.724e-03,1.079e-20,1.899e-02,1.551e-03,6.188e+00,6.876e+01,7.724e-03,1.376e-30,8.835e-21,8.280e-21,4.211e-17,1.155e-16,8.899e-21,1.902e-22,3.348e-04,2.735e-05,1.091e-01,1.213e+00,1.363e-04,1.318e-22,2.320e-04,1.895e-05,7.563e-02,8.404e-01,9.442e-05
1.6958e+03,5.9385e-04,0,1.164e-20,3.385e-02,2.716e-03,1.276e+01,1.387e+02,1.477e-02,1.164e-20,3.385e-02,2.716e-03,1.276e+01,1.387e+02,1.477e-02,1.376e-30,8.835e-21,8.280e-21,4.211e-17,1.155e-16,8.899e-21,2.008e-22,5.841e-04,4.687e-05,2.202e-01,2.394e+00,2.550e-04,1.434e-22,4.173e-04,3.348e-05,1.573e-01,1.710e+00,1.822e-04
1.6958e+03,2.0483e-03,0,1.203e-20,4.415e-02,3.507e-03,1.839e+01,1.990e+02,2.091e-02,1.203e-20,4.415e-02,3.507e-03,1.839e+01,1.990e+02,2.091e-02,1.376e-30,8.835e-21,8.280e-21,4.211e-17,1.155e-16,8.899e-21,2.030e-22,7.447e-04,5.916e-05,3.104e-01,3.358e+00,3.529e-04,1.479e-22,5.426e-04,4.310e-05,2.261e-01,2.447e+00,2.571e-04
1.6958e+03,7.0651e-03,0,1.221e-20,4.971e-02,3.930e-03,2.186e+01,2.365e+02,2.478e-02,1.221e-20,4.971e-02,3.930e-03,2.186e+01,2.365e+02,2.478e-02,1.376e-30,8.835e-21,8.280e-21,4.211e-17,1.155e-16,8.899e-21,2.032e-22,8.273e-04,6.540e-05,3.639e-01,3.936e+00,4.125e-04,1.498e-22,6.098e-04,4.820e-05,2.682e-01,2.901e+00,3.040e-04
1.6958e+03,2.4369e-02,0,1.229e-20,5.240e-02,4.133e-03,2.364e+01,2.558e+02,2.679e-02,1.229e-20,5.240e-02,4.133e-03,2.364e+01,2.558e+02,2.679e-02,1.376e-30,8.835e-21,8.280e-21,4.211e-17,1.155e-16,8.899e-21,2.032e-22,8.662e-04,6.832e-05,3.909e-01,4.229e+00,4.431e-04,1.501e-22,6.399e-04,5.047e-05,2.888e-01,3.124e+00,3.273e-04
1.6958e+03,8.4054e-02,0,1.233e-20,5.363e-02,4.226e-03,2.448e+01,2.649e+02,2.775e-02,1.233e-20,5.363e-02,4.226e-03,2.448e+01,2.649e+02,2.775e-02,1.376e-30,8.835e-21,8.280e-21,4.211e-17,1.155e-16,8.899e-21,2.031e-22,8.838e-04,6.964e-05,4.035e-01,4.367e+00,4.575e-04,1.504e-22,6.545e-04,5.157e-05,2.988e-01,3.233e+00,3.388e-04
1.6958e+03,2.8992e-01,0,1.234e-20,5.418e-02,4.268e-03,2.486e+01,2.690e+02,2.818e-02,1.234e-20,5.418e-02,4.268e-03,2.486e+01,2.690e+02,2.818e-02,1.376e-30,8.835e-21,8.280e-21,4.211e-17,1.155e-16,8.899e-21,2.031e-22,8.916e-04,7.022e-05,4.092e-01,4.429e+00,4.640e-04,1.505e-22,6.609e-04,5.205e-05,3.033e-01,3.283e+00,3.439e-04
1.6958e+03,1.0000e+00,0,1.235e-20,5.443e-02,4.286e-03,2.503e+01,2.709e+02,2.838e-02,1.235e-20,5.443e-02,4.286e-03,2.503e+01,2.709e+02,2.838e-02,1.376e-30,8.835e-21,8.280e-21,4.211e-17,1.155e-16,8.899e-21,2.031e-22,8.951e-04,7.048e-05,4.117e-01,4.456e+00,4.669e-04,1.506e-22,6.638e-04,5.227e-05,3.054e-01,3.305e+00,3.463e-04
4.2959e+03,3.3925e-09,0,5.953e-28,1.418e-17,1.196e-17,5.912e-14,1.732e-13,1.405e-17,5.953e-28,1.418e-17,1.196e-17,5.912e-14,1.732e-13,1.405e-17,9.276e-30,5.757e-20,5.396e-20,2.297e-16,6.784e-16,5.542e-20,3.597e-31,8.571e-21,7.224e-21,4.676e-17,1.221e-16,9.056e-21,3.597e-31,8.571e-21,7.224e-21,4.676e-17,1.221e-16,9.056e-21
4.2959e+03,1.2449e-08,0,2.588e-25,1.330e-14,9.692e-15,5.813e-11,1.694e-10,1.372e-14,2.588e-25,1.330e-14,9.692e-15,5.813e-11,1.694e-10,1.372e-14,6.361e-30,3.948e-20,3.700e-20,1.585e-16,4.668e-16,3.807e-20,1.359e-28,6.987e-18,5.091e-18,3.876e-14,1.036e-13,7.677e-18,1.359e-28,6.987e-18,5.091e-18,3.876e-14,1.036e-13,7.677e-18
4.2959e+03,4.5686e-08,0,8.756e-23,1.197e-11,6.690e-12,3.489e-08,1.399e-07,1.339e-11,8.756e-23,1.197e-11,6.690e-12,3.489e-08,1.399e-07,1.339e-11,5.849e-30,3.630e-20,3.402e-20,1.460e-16,4.298e-16,3.503e-20,6.092e-26,8.331e-15,4.655e-15,2.673e-11,1.045e-10,9.785e-15,5.940e-26,8.123e-15,4.539e-15,2.607e-11,1.019e-10,9.541e-15
4.2959e+03,1.6765e-07,0,1.961e-20,9.941e-09,3.681e-09,7.417e-06,5.210e-05,8.005e-09,1.961e-20,9.941e-09,3.681e-09,7.417e-06,5.210e-05,8.005e-09,5.758e-30,3.574e-20,3.350e-20,1.438e-16,4.233e-16,3.449e-20,2.795e-23,1.417e-11,5.247e-12,1.079e-08,7.564e-08,1.157e-11,2.268e-23,1.150e-11,4.258e-12,8.752e-09,6.137e-08,9.384e-12
4.2959e+03,6.1524e-07,0,1.988e-18,6.728e-06,1.513e-06,7.125e-04,8.446e-03,1.458e-06,1.988e-18,6.728e-06,1.513e-06,7.125e-04,8.446e-03,1.458e-06,5.743e-30,3.564e-20,3.340e-20,1.434e-16,4.222e-16,3.440e-20,6.386e-21,2.162e-08,4.861e-09,2.300e-06,2.723e-05,4.702e-09,4.583e-21,1.552e-08,3.489e-09,1.651e-06,1.954e-05,3.375e-09
4.2959e+03,2.2578e-06,0,6.018e-17,2.854e-03,4.281e-04,3.365e-02,3.432e-01,3.458e-05,6.018e-17,2.854e-03,4.281e-04,3.365e-02,3.432e-01,3.458e-05,5.740e-30,3.562e-20,3.339e-20,1.433e-16,4.220e-16,3.438e-20,4.130e-19,1.959e-05,2.939e-06,2.311e-04,2.358e-03,2.378e-07,2.784e-19,1.320e-05,1.980e-06,1.558e-04,1.589e-03,1.603e-07
4.2959e+03,8.2853e-06,0,4.853e-16,1.985e-01,3.604e-02,5.290e-01,2.381e+00,2.690e-04,4.853e-16,1.985e-01,3.604e-02,5.290e-01,2.381e+00,2.696e-04,5.739e-30,3.562e-20,3.338e-20,1.433e-16,4.220e-16,3.438e-20,5.588e-18,2.286e-03,4.150e-04,6.093e-03,2.744e-02,3.106e-06,3.629e-18,1.485e-03,2.696e-04,3.957e-03,1.782e-02,2.022e-06
4.2959e+03,3.0405e-05,0,1.428e-15,2.287e+00,4.475e-01,3.063e+00,7.754e+00,7.590e-04,1.428e-15,2.287e+00,4.475e-01,3.063e+00,7.754e+00,7.743e-04,5.739e-30,3.562e-20,3.338e-20,1.433e-16,4.220e-16,3.438e-20,2.022e-17,3.239e-02,6.338e-03,4.340e-02,1.099e-01,1.077e-05,1.323e-17,2.120e-02,4.148e-03,2.840e-02,7.195e-02,7.191e-06
4.2959e+03,1.1158e-04,0,2.362e-15,8.901e+00,1.727e+00,9.434e+00,1.442e+01,1.082e-03,2.362e-15,8.901e+00,1.727e+00,9.434e+00,1.442e+01,1.169e-03,5.739e-30,3.562e-20,3.338e-20,1.433e-16,4.219e-16,3.438e-20,3.446e-17,1.299e-01,2.519e-02,1.377e-01,2.106e-01,1.581e-05,2.332e-17,8.788e-02,1.704e-02,9.315e-02,1.425e-01,1.156e-05
4.2959e+03,4.0946e-04,0,2.949e-15,1.785e+01,3.435e+00,1.842e+01,2.070e+01,1.293e-03,2.949e-15,1.785e+01,3.435e+00,1.842e+01,2.070e+01,1.401e-03,5.739e-30,3.562e-20,3.338e-20,1.433e-16,4.219e-16,3.438e-20,4.209e-17,2.548e-01,4.903e-02,2.629e-01,2.955e-01,1.847e-05,2.938e-17,1.779e-01,3.422e-02,1.835e-01,2.063e-01,1.398e-05
4.2959e+03,1.5026e-03,0,3.244e-15,2.477e+01,4.767e+00,2.574e+01,2.491e+01,1.418e-03,3.244e-15,2.477e+01,4.767e+00,2.574e+01,2.491e+01,1.506e-03,5.739e-30,3.562e-20,3.338e-20,1.433e-16,4.219e-16,3.438e-20,4.531e-17,3.461e-01,6.659e-02,3.597e-01,3.482e-01,1.983e-05,3.225e-17,2.463e-01,4.739e-02,2.560e-01,2.478e-01,1.500e-05
4.2959e+03,5.5141e-03,0,3.378e-15,2.865e+01,5.513e+00,3.002e+01,2.737e+01,1.479e-03,3.378e-15,2.865e+01,5.513e+00,3.002e+01,2.737e+01,1.569e-03,5.739e-30,3.562e-20,3.338e-20,1.433e-16,4.219e-16,3.438e-20,4.662e-17,3.955e-01,7.610e-02,4.144e-01,3.780e-01,2.043e-05,3.343e-17,2.837e-01,5.458e-02,2.972e-01,2.711e-01,1.556e-05
4.2959e+03,2.0235e-02,0,3.436e-15,3.051e+01,5.870e+00,3.210e+01,2.875e+01,1.506e-03,3.436e-15,3.051e+01,5.870e+00,3.210e+01,2.875e+01,1.585e-03,5.739e-30,3.562e-20,3.338e-20,1.433e-16,4.219e-16,3.438e-20,4.715e-17,4.187e-01,8.057e-02,4.407e-01,3.948e-01,2.069e-05,3.397e-17,3.017e-01,5.805e-02,3.175e-01,2.844e-01,1.569e-05
4.2959e+03,7.4257e-02,0,3.460e-15,3.133e+01,6.028e+00,3.304e+01,2.937e+01,1.521e-03,3.460e-15,3.133e+01,6.028e+00,3.304e+01,2.937e+01,1.593e-03,5.739e-30,3.562e-20,3.338e-20,1.433e-16,4.219e-16,3.438e-20,4.737e-17,4.289e-01,8.253e-02,4.524e-01,4.022e-01,2.084e-05,3.420e-17,3.097e-01,5.958e-02,3.266e-01,2.904e-01,1.577e-05
4.2959e+03,2.7250e-01,0,3.471e-15,3.168e+01,6.096e+00,3.344e+01,2.963e+01,1.527e-03,3.471e-15,3.168e+01,6.096e+00,3.344e+01,2.963e+01,1.596e-03,5.739e-30,3.562e-20,3.338e-20,1.433e-16,4.219e-16,3.438e-20,4.747e-17,4.333e-01,8.337e-02,4.574e-01,4.054e-01,2.090e-05,3.430e-17,3.131e-01,6.024e-02,3.305e-01,2.929e-01,1.580e-05
4.2959e+03,1.0000e+00,0,3.475e-15,3.183e+01,6.125e+00,3.362e+01,2.974e+01,1.530e-03,3.475e-15,3.183e+01,6.125e+00,3.362e+01,2.974e+01,1.598e-03,5.739e-30,3.562e-20,3.338e-20,1.433e-16,4.219e-16,3.438e-20,4.750e-17,4.352e-01,8.373e-02,4.596e-01,4.067e-01,2.093e-05,3.434e-17,3.146e-01,6.053e-02,3.322e-01,2.940e-01,1.581e-05
1.0882e+04,1.3392e-09,0,5.188e-27,5.830e-17,5.312e-17,1.747e-13,5.760e-13,5.151e-17,5.188e-27,5.830e-17,5.312e-17,1.747e-13,5.760e-13,5.151e-17,3.740e-29,2.321e-19,2.175e-19,6.687e-16,2.226e-15,2.019e-19,2.059e-30,2.315e-20,2.109e-20,1.142e-16,3.175e-16,2.399e-20,2.059e-30,2.315e-20,2.109e-20,1.142e-16,3.175e-16,2.399e-20
1.0882e+04,5.2286e-09,0,4.297e-24,7.813e-14,6.819e-14,2.134e-10,7.639e-10,7.011e-14,4.297e-24,7.813e-14,6.819e-14,2.134e-10,7.639e-10,7.011e-14,2.545e-29,1.579e-19,1.480e-19,4.605e-16,1.525e-15,1.381e-19,1.474e-27,2.681e-17,2.339e-17,1.002e-13,3.423e-13,2.806e-17,1.474e-27,2.681e-17,2.339e-17,1.002e-13,3.423e-13,2.806e-17
1.0882e+04,2.0414e-08,0,2.967e-21,1.047e-10,8.267e-11,9.001e-08,5.500e-07,7.628e-11,2.967e-21,1.047e-10,8.267e-11,9.001e-08,5.500e-07,7.628e-11,2.351e-29,1.459e-19,1.368e-19,4.278e-16,1.411e-15,1.278e-19,1.401e-24,4.946e-14,3.904e-14,4.637e-11,2.806e-10,3.799e-14,1.344e-24,4.743e-14,3.744e-14,4.447e-11,2.691e-10,3.643e-14
1.0882e+04,7.9703e-08,0,1.638e-18,1.389e-07,8.946e-08,1.417e-05,1.562e-04,2.784e-08,1.638e-18,1.389e-07,8.946e-08,1.417e-05,1.562e-04,2.784e-08,2.320e-29,1.440e-19,1.349e-19,4.226e-16,1.393e-15,1.261e-19,1.670e-21,1.417e-10,9.122e-11,1.476e-08,1.616e-07,2.881e-11,1.304e-21,1.106e-10,7.120e-11,1.152e-08,1.262e-07,2.249e-11
1.0882e+04,3.1119e-07,0,6.148e-16,1.705e-04,7.627e-05,1.204e-03,1.220e-02,1.420e-06,6.148e-16,1.705e-04,7.627e-05,1.204e-03,1.220e-02,1.420e-06,2.315e-29,1.436e-19,1.347e-19,4.218e-16,1.390e-15,1.259e-19,1.476e-18,4.095e-07,1.831e-07,2.901e-06,2.942e-05,3.435e-09,1.022e-18,2.835e-07,1.268e-07,2.008e-06,2.037e-05,2.378e-09
1.0882e+04,1.2150e-06,0,1.150e-13,7.920e-02,4.533e-02,3.652e-02,2.704e-01,2.934e-05,1.150e-13,7.920e-02,4.533e-02,3.652e-02,2.704e-01,2.992e-05,2.314e-29,1.436e-19,1.346e-19,4.217e-16,1.390e-15,1.258e-19,6.190e-16,4.265e-04,2.441e-04,1.968e-04,1.462e-03,1.589e-07,4.036e-16,2.781e-04,1.591e-04,1.283e-04,9.537e-04,1.058e-07
1.0882e+04,4.7436e-06,0,6.471e-12,4.890e+00,4.627e+00,3.189e-01,1.382e+00,7.515e-05,6.471e-12,4.890e+00,4.627e+00,3.189e-01,1.722e+00,1.441e-04,2.314e-29,1.436e-19,1.346e-19,4.217e-16,1.390e-15,1.258e-19,6.086e-14,4.600e-02,4.352e-02,3.003e-03,1.302e-02,7.091e-07,3.837e-14,2.900e-02,2.744e-02,1.893e-03,1.024e-02,8.595e-07
1.0882e+04,1.8520e-05,0,7.844e-11,5.037e+01,6.068e+01,9.630e-01,1.672e+00,6.361e-05,7.844e-11,5.037e+01,6.068e+01,9.878e-01,3.965e+00,3.208e-04,2.314e-29,1.436e-19,1.346e-19,4.216e-16,1.390e-15,1.258e-19,9.190e-13,5.901e-01,7.110e-01,1.129e-02,1.963e-02,7.469e-07,5.835e-13,3.747e-01,4.514e-01,7.354e-03,2.958e-02,2.399e-06
1.0882e+04,7.2309e-05,0,2.623e-10,1.982e+02,2.398e+02,1.491e+00,1.589e+00,4.667e-05,2.623e-10,1.982e+02,2.398e+02,1.532e+00,5.483e+00,4.378e-04,2.314e-29,1.436e-19,1.346e-19,4.216e-16,1.390e-15,1.258e-19,3.165e-12,2.392e+00,2.893e+00,1.800e-02,1.919e-02,5.640e-07,2.090e-12,1.579e+00,1.910e+00,1.222e-02,4.381e-02,3.505e-06
1.0882e+04,2.8232e-04,0,4.459e-10,3.943e+02,4.750e+02,1.724e+00,1.513e+00,3.996e-05,4.459e-10,3.943e+02,4.750e+02,1.842e+00,6.396e+00,5.076e-04,2.314e-29,1.436e-19,1.346e-19,4.216e-16,1.390e-15,1.258e-19,5.261e-12,4.652e+00,5.605e+00,2.036e-02,1.787e-02,4.724e-07,3.585e-12,3.171e+00,3.820e+00,1.482e-02,5.158e-02,4.102e-06
1.0882e+04,1.1023e-03,0,5.571e-10,5.395e+02,6.500e+02,1.830e+00,1.462e+00,3.729e-05,5.571e-10,5.395e+02,6.500e+02,1.982e+00,6.746e+00,5.341e-04,2.314e-29,1.436e-19,1.346e-19,4.216e-16,1.390e-15,1.258e-19,6.443e-12,6.239e+00,7.517e+00,2.118e-02,1.692e-02,4.320e-07,4.474e-12,4.333e+00,5.220e+00,1.593e-02,5.433e-02,4.311e-06
1.0882e+04,4.3035e-03,0,6.106e-10,6.167e+02,7.430e+02,1.884e+00,1.438e+00,3.622e-05,6.106e-10,6.167e+02,7.430e+02,2.031e+00,6.774e+00,5.361e-04,2.314e-29,1.436e-19,1.346e-19,4.216e-16,1.390e-15,1.258e-19,6.987e-12,7.058e+00,8.503e+00,2.157e-02,1.647e-02,4.153e-07,4.901e-12,4.950e+00,5.964e+00,1.631e-02,5.453e-02,4.324e-06
1.0882e+04,1.6802e-02,0,6.339e-10,6.518e+02,7.853e+02,1.906e+00,1.428e+00,3.579e-05,6.339e-10,6.518e+02,7.853e+02,2.079e+00,7.073e+00,5.589e-04,2.314e-29,1.436e-19,1.346e-19,4.216e-16,1.390e-15,1.258e-19,7.219e-12,7.424e+00,8.944e+00,2.172e-02,1.628e-02,4.084e-07,5.068e-12,5.212e+00,6.279e+00,1.664e-02,5.671e-02,4.491e-06
1.0882e+04,6.5601e-02,0,6.435e-10,6.667e+02,8.032e+02,1.915e+00,1.423e+00,3.562e-05,6.435e-10,6.667e+02,8.032e+02,2.088e+00,7.079e+00,5.594e-04,2.314e-29,1.436e-19,1.346e-19,4.216e-16,1.390e-15,1.258e-19,7.314e-12,7.578e+00,9.129e+00,2.178e-02,1.620e-02,4.056e-07,5.144e-12,5.330e+00,6.421e+00,1.670e-02,5.676e-02,4.494e-06
1.0882e+04,2.5613e-01,0,6.474e-10,6.728e+02,8.105e+02,1.919e+00,1.422e+00,3.555e-05,6.474e-10,6.728e+02,8.105e+02,2.091e+00,7.082e+00,5.596e-04,2.314e-29,1.436e-19,1.346e-19,4.216e-16,1.390e-15,1.258e-19,7.352e-12,7.641e+00,9.205e+00,2.180e-02,1.617e-02,4.045e-07,5.174e-12,5.377e+00,6.478e+00,1.673e-02,5.677e-02,4.495e-06
1.0882e+04,1.0000e+00,0,6.490e-10,6.753e+02,8.135e+02,1.920e+00,1.421e+00,3.552e-05,6.490e-10,6.753e+02,8.135e+02,2.093e+00,7.083e+00,5.597e-04,2.314e-29,1.436e-19,1.346e-19,4.216e-16,1.390e-15,1.258e-19,7.368e-12,7.667e+00,9.236e+00,2.181e-02,1.615e-02,4.041e-07,5.187e-12,5.397e+00,6.503e+00,1.674e-02,5.678e-02,4.496e-06
2.7567e+04,5.2866e-10,0,3.088e-26,2.360e-16,2.198e-16,4.122e-13,1.639e-12,1.725e-16,3.088e-26,2.360e-16,2.198e-16,4.122e-13,1.639e-12,1.725e-16,1.508e-28,9.348e-19,8.771e-19,1.580e-15,6.249e-15,6.655e-19,8.037e-30,6.151e-20,5.723e-20,2.307e-16,7.365e-16,6.220e-20,8.038e-30,6.152e-20,5.724e-20,2.308e-16,7.366e-16,6.220e-20
2.7567e+04,2.1960e-09,0,4.479e-23,4.424e-13,4.069e-13,5.002e-10,2.561e-09,3.184e-13,4.479e-23,4.424e-13,4.069e-13,5.002e-10,2.561e-09,3.184e-13,1.019e-28,6.316e-19,5.925e-19,1.092e-15,4.272e-15,4.534e-19,1.002e-26,9.910e-17,9.104e-17,1.585e-13,7.823e-13,8.812e-17,1.002e-26,9.911e-17,9.104e-17,1.585e-13,7.823e-13,8.812e-17
2.7567e+04,9.1219e-09,0,5.695e-20,8.416e-10,7.514e-10,1.555e-07,1.479e-06,2.604e-10,5.695e-20,8.416e-10,7.514e-10,1.555e-07,1.479e-06,2.604e-10,9.458e-29,5.864e-19,5.501e-19,1.018e-15,3.978e-15,4.222e-19,1.836e-23,2.717e-13,2.422e-13,5.501e-11,5.091e-10,8.963e-14,1.724e-23,2.552e-13,2.275e-13,5.167e-11,4.782e-10,8.419e-14
2.7567e+04,3.7891e-08,0,6.119e-17,1.628e-06,1.350e-06,2.049e-05,2.414e-04,3.239e-08,6.119e-17,1.628e-06,1.350e-06,2.049e-05,2.414e-04,3.239e-08,9.349e-29,5.796e-19,5.438e-19,1.007e-15,3.935e-15,4.176e-19,4.475e-20,1.192e-09,9.872e-10,1.523e-08,1.794e-07,2.434e-11,3.353e-20,8.933e-10,7.397e-10,1.141e-08,1.344e-07,1.824e-11
2.7567e+04,1.5740e-07,0,5.095e-14,2.274e-03,2.163e-03,1.179e-03,1.097e-02,1.227e-06,5.095e-14,2.274e-03,2.163e-03,1.179e-03,1.097e-02,1.241e-06,9.333e-29,5.786e-19,5.428e-19,1.005e-15,3.928e-15,4.169e-19,9.149e-17,4.087e-06,3.884e-06,2.125e-06,1.998e-05,2.255e-09,6.096e-17,2.723e-06,2.588e-06,1.416e-06,1.331e-05,1.520e-09
2.7567e+04,6.5381e-07,0,2.924e-11,8.498e-01,1.974e+00,3.209e-02,7.284e-02,3.196e-06,2.924e-11,8.498e-01,1.974e+00,3.230e-02,1.298e-01,1.094e-05,9.330e-29,5.784e-19,5.427e-19,1.005e-15,3.927e-15,4.168e-19,1.234e-13,3.586e-03,8.330e-03,1.358e-04,3.093e-04,1.360e-08,7.817e-14,2.272e-03,5.276e-03,8.660e-05,3.503e-04,2.979e-08
2.7567e+04,2.7158e-06,0,4.531e-09,5.081e+01,1.860e+02,8.157e-02,3.218e-02,9.066e-07,4.531e-09,5.081e+01,1.860e+02,1.871e-01,6.207e-01,4.778e-05,9.330e-29,5.784e-19,5.427e-19,1.005e-15,3.927e-15,4.168e-19,3.480e-11,3.902e-01,1.428e+00,6.273e-04,2.481e-04,7.007e-09,2.130e-11,2.388e-01,8.741e-01,8.812e-04,2.944e-03,2.282e-07
2.7567e+04,1.1281e-05,0,7.351e-08,5.325e+02,2.359e+03,5.870e-02,1.134e-02,2.941e-07,7.351e-08,5.325e+02,2.359e+03,4.330e-01,1.303e+00,9.753e-05,9.330e-29,5.784e-19,5.427e-19,1.005e-15,3.927e-15,4.168e-19,7.120e-10,5.158e+00,2.284e+01,5.692e-04,1.103e-04,2.867e-09,4.401e-10,3.188e+00,1.412e+01,2.599e-03,7.872e-03,5.934e-07
2.7567e+04,4.6861e-05,0,2.891e-07,2.083e+03,9.224e+03,4.346e-02,6.526e-03,1.665e-07,2.891e-07,2.083e+03,9.224e+03,5.977e-01,1.742e+00,1.292e-04,9.330e-29,5.784e-19,5.427e-19,1.005e-15,3.927e-15,4.168e-19,2.882e-09,2.076e+01,9.196e+01,4.337e-04,6.534e-05,1.671e-09,1.857e-09,1.338e+01,5.925e+01,3.848e-03,1.129e-02,8.434e-07
2.7567e+04,1.9466e-04,0,5.398e-07,4.077e+03,1.806e+04,3.779e-02,5.162e-03,1.311e-07,5.398e-07,4.077e+03,1.806e+04,6.952e-01,2.000e+00,1.477e-04,9.330e-29,5.784e-19,5.427e-19,1.005e-15,3.927e-15,4.168e-19,5.263e-09,3.975e+01,1.761e+02,3.687e-04,5.055e-05,1.287e-09,3.500e-09,2.643e+01,1.171e+02,4.519e-03,1.308e-02,9.733e-07
2.7567e+04,8.0858e-04,0,7.024e-07,5.485e+03,2.429e+04,3.551e-02,4.702e-03,1.193e-07,7.024e-07,5.485e+03,2.429e+04,7.020e-01,2.018e+00,1.490e-04,9.330e-29,5.784e-19,5.427e-19,1.005e-15,3.927e-15,4.168e-19,6.723e-09,5.249e+01,2.325e+02,3.401e-04,4.520e-05,1.149e-09,4.568e-09,3.567e+01,1.580e+02,4.576e-03,1.323e-02,9.847e-07
2.7567e+04,3.3588e-03,0,7.841e-07,6.195e+03,2.744e+04,3.462e-02,4.534e-03,1.150e-07,7.841e-07,6.195e+03,2.744e+04,7.354e-01,2.106e+00,1.553e-04,9.330e-29,5.784e-19,5.427e-19,1.005e-15,3.927e-15,4.168e-19,7.435e-09,5.875e+01,2.602e+02,3.285e-04,4.318e-05,1.098e-09,5.079e-09,4.013e+01,1.778e+02,4.775e-03,1.375e-02,1.023e-06
2.7567e+04,1.3952e-02,0,8.188e-07,6.502e+03,2.880e+04,3.427e-02,4.471e-03,1.134e-07,8.188e-07,6.502e+03,2.880e+04,7.365e-01,2.109e+00,1.555e-04,9.330e-29,5.784e-19,5.427e-19,1.005e-15,3.927e-15,4.168e-19,7.734e-09,6.141e+01,2.720e+02,3.239e-04,4.241e-05,1.078e-09,5.303e-09,4.211e+01,1.865e+02,4.782e-03,1.377e-02,1.024e-06
2.7567e+04,5.7955e-02,0,8.327e-07,6.625e+03,2.935e+04,3.413e-02,4.446e-03,1.128e-07,8.327e-07,6.625e+03,2.935e+04,7.369e-01,2.110e+00,1.556e-04,9.330e-29,5.784e-19,5.427e-19,1.005e-15,3.927e-15,4.168e-19,7.853e-09,6.248e+01,2.768e+02,3.222e-04,4.211e-05,1.070e-09,5.393e-09,4.291e+01,1.900e+02,4.784e-03,1.378e-02,1.024e-06
2.7567e+04,2.4074e-01,0,8.383e-07,6.674e+03,2.956e+04,3.408e-02,4.437e-03,1.125e-07,8.383e-07,6.674e+03,2.956e+04,7.371e-01,2.110e+00,1.556e-04,9.330e-29,5.784e-19,5.427e-19,1.005e-15,3.927e-15,4.168e-19,7.901e-09,6.290e+01,2.786e+02,3.215e-04,4.199e-05,1.067e-09,5.428e-09,4.322e+01,1.914e+02,4.784e-03,1.378e-02,1.024e-06
2.7567e+04,1.0000e+00,0,8.405e-07,6.693e+03,2.965e+04,3.406e-02,4.433e-03,1.124e-07,8.405e-07,6.693e+03,2.965e+04,7.371e-01,2.110e+00,1.556e-04,9.330e-29,5.784e-19,5.427e-19,1.005e-15,3.927e-15,4.168e-19,7.920e-09,6.307e+01,2.793e+02,3.212e-04,4.195e-05,1.066e-09,5.443e-09,4.334e+01,1.920e+02,4.785e-03,1.378e-02,1.024e-06
6.9834e+04,2.0869e-10,0,1.448e-25,9.498e-16,8.920e-16,7.173e-13,3.808e-12,4.978e-16,1.448e-25,9.498e-16,8.920e-16,7.173e-13,3.808e-12,4.978e-16,6.080e-28,3.757e-18,3.536e-18,2.901e-15,1.464e-14,1.900e-18,2.480e-29,1.634e-19,1.528e-19,3.220e-16,1.392e-15,1.437e-19,2.480e-29,1.634e-19,1.528e-19,3.220e-16,1.392e-15,1.437e-19
6.9834e+04,9.2229e-10,0,3.416e-22,2.477e-12,2.319e-12,7.793e-10,6.261e-09,1.032e-12,3.416e-22,2.477e-12,2.319e-12,7.793e-10,6.261e-09,1.032e-12,4.080e-28,2.522e-18,2.373e-18,1.990e-15,1.005e-14,1.297e-18,4.981e-26,3.627e-16,3.381e-16,1.664e-13,1.230e-12,1.938e-16,4.981e-26,3.627e-16,3.381e-16,1.664e-13,1.230e-12,1.938e-16
6.9834e+04,4.0760e-09,0,7.452e-19,6.600e-09,6.123e-09,2.030e-07,2.505e-06,3.880e-10,7.452e-19,6.600e-09,6.123e-09,2.030e-07,2.505e-06,3.880e-10,3.805e-28,2.352e-18,2.213e-18,1.872e-15,9.435e-15,1.212e-18,1.647e-22,1.465e-12,1.354e-12,4.814e-11,5.940e-10,9.458e-14,1.509e-22,1.342e-12,1.240e-12,4.410e-11,5.442e-10,8.665e-14
6.9834e+04,1.8014e-08,0,1.431e-15,1.653e-05,1.634e-05,2.085e-05,2.034e-04,2.815e-08,1.431e-15,1.653e-05,1.634e-05,2.085e-05,2.034e-04,2.815e-08,3.768e-28,2.329e-18,2.191e-18,1.857e-15,9.348e-15,1.200e-18,7.528e-19,8.722e-09,8.597e-09,1.114e-08,1.132e-07,1.588e-11,5.404e-19,6.261e-09,6.171e-09,7.994e-09,8.125e-08,1.140e-11
6.9834e+04,7.9610e-08,0,2.244e-12,1.673e-02,4.085e-02,1.143e-03,3.398e-03,1.747e-07,2.244e-12,1.673e-02,4.085e-02,1.143e-03,4.996e-03,4.400e-07,3.762e-28,2.326e-18,2.188e-18,1.855e-15,9.336e-15,1.199e-18,3.016e-15,2.249e-05,5.491e-05,1.551e-06,4.673e-06,2.418e-10,1.932e-15,1.441e-05,3.518e-05,9.944e-07,4.432e-06,4.009e-10
6.9834e+04,3.5183e-07,0,2.634e-09,5.311e+00,2.558e+01,3.415e-03,1.282e-03,3.819e-08,2.634e-09,5.311e+00,2.558e+01,1.264e-02,4.277e-02,3.265e-06,3.762e-28,2.325e-18,2.188e-18,1.855e-15,9.334e-15,1.199e-18,8.709e-12,1.756e-02,8.456e-02,1.135e-05,4.295e-06,1.292e-10,5.352e-12,1.079e-02,5.197e-02,2.588e-05,8.951e-05,6.968e-09
6.9834e+04,1.5549e-06,0,5.194e-07,2.671e+02,1.308e+03,8.682e-04,1.838e-04,4.960e-09,5.194e-07,2.671e+02,1.308e+03,6.232e-02,1.712e-01,1.235e-05,3.762e-28,2.325e-18,2.188e-18,1.854e-15,9.334e-15,1.199e-18,3.256e-09,1.674e+00,8.198e+00,5.460e-06,1.168e-06,3.173e-11,1.941e-09,9.982e-01,4.888e+00,2.348e-04,6.568e-04,4.840e-08
6.9834e+04,6.8717e-06,0,8.462e-06,2.496e+03,1.112e+04,2.701e-04,4.812e-05,1.258e-09,8.462e-06,2.496e+03,1.112e+04,1.308e-01,3.449e-01,2.465e-05,3.762e-28,2.325e-18,2.188e-18,1.854e-15,9.334e-15,1.199e-18,6.773e-08,1.998e+01,8.900e+01,2.169e-06,3.905e-07,1.028e-11,4.090e-08,1.206e+01,5.374e+01,6.371e-04,1.711e-03,1.247e-07
6.9834e+04,3.0369e-05,0,3.415e-05,9.510e+03,4.036e+04,1.530e-04,2.592e-05,6.717e-10,3.415e-05,9.510e+03,4.036e+04,1.813e-01,4.729e-01,3.371e-05,3.762e-28,2.325e-18,2.188e-18,1.854e-15,9.334e-15,1.199e-18,2.813e-07,7.833e+01,3.324e+02,1.263e-06,2.165e-07,5.647e-12,1.766e-07,4.919e+01,2.088e+02,9.451e-04,2.510e-03,1.824e-07
6.9834e+04,1.3421e-04,0,6.363e-05,1.817e+04,7.710e+04,1.219e-04,2.044e-05,5.289e-10,6.363e-05,1.817e+04,7.710e+04,2.003e-01,5.211e-01,3.712e-05,3.762e-28,2.325e-18,2.188e-18,1.854e-15,9.334e-15,1.199e-18,5.126e-07,1.464e+02,6.212e+02,9.843e-07,1.669e-07,4.349e-12,3.334e-07,9.521e+01,4.041e+02,1.058e-03,2.802e-03,2.035e-07
6.9834e+04,5.9315e-04,1,8.195e-05,2.397e+04,1.017e+05,1.118e-04,1.872e-05,4.845e-10,8.195e-05,2.397e+04,1.017e+05,2.098e-01,5.451e-01,3.882e-05,3.762e-28,2.325e-18,2.188e-18,1.854e-15,9.334e-15,1.199e-18,6.490e-07,1.898e+02,8.055e+02,8.877e-07,1.503e-07,3.916e-12,4.293e-07,1.255e+02,5.328e+02,1.108e-03,2.931e-03,2.128e-07
6.9834e+04,2.6214e-03,1,9.052e-05,2.674e+04,1.135e+05,1.082e-04,1.812e-05,4.691e-10,9.052e-05,2.674e+04,1.135e+05,2.105e-01,5.469e-01,3.895e-05,3.762e-28,2.325e-18,2.188e-18,1.854e-15,9.334e-15,1.199e-18,7.111e-07,2.100e+02,8.914e+02,8.526e-07,1.444e-07,3.761e-12,4.743e-07,1.401e+02,5.946e+02,1.112e-03,2.941e-03,2.135e-07
6.9834e+04,1.1585e-02,1,9.432e-05,2.787e+04,1.183e+05,1.069e-04,1.791e-05,4.635e-10,9.432e-05,2.787e+04,1.183e+05,2.107e-01,5.475e-01,3.899e-05,3.762e-28,2.325e-18,2.188e-18,1.854e-15,9.334e-15,1.199e-18,7.386e-07,2.183e+02,9.263e+02,8.397e-07,1.422e-07,3.705e-12,4.943e-07,1.461e+02,6.198e+02,1.113e-03,2.944e-03,2.138e-07
6.9834e+04,5.1200e-02,1,9.578e-05,2.831e+04,1.201e+05,1.065e-04,1.783e-05,4.614e-10,9.578e-05,2.831e+04,1.201e+05,2.108e-01,5.476e-01,3.900e-05,3.762e-28,2.325e-18,2.188e-18,1.854e-15,9.334e-15,1.199e-18,7.491e-07,2.214e+02,9.396e+02,8.350e-07,1.414e-07,3.684e-12,5.019e-07,1.483e+02,6.296e+02,1.114e-03,2.945e-03,2.138e-07
6.9834e+04,2.2627e-01,1,9.633e-05,2.847e+04,1.208e+05,1.063e-04,1.780e-05,4.607e-10,9.633e-05,2.847e+04,1.208e+05,2.108e-01,5.477e-01,3.901e-05,3.762e-28,2.325e-18,2.188e-18,1.854e-15,9.334e-15,1.199e-18,7.531e-07,2.226e+02,9.447e+02,8.332e-07,1.411e-07,3.676e-12,5.048e-07,1.492e+02,6.333e+02,1.114e-03,2.946e-03,2.139e-07
6.9834e+04,1.0000e+00,1,9.654e-05,2.854e+04,1.211e+05,1.062e-04,1.779e-05,4.604e-10,9.654e-05,2.854e+04,1.211e+05,2.108e-01,5.477e-01,3.901e-05,3.762e-28,2.325e-18,2.188e-18,1.854e-15,9.334e-15,1.199e-18,7.546e-07,2.230e+02,9.465e+02,8.325e-07,1.410e-07,3.673e-12,5.059e-07,1.495e+02,6.346e+02,1.114e-03,2.946e-03,2.139e-07
1.7691e+05,8.2381e-11,0,6.110e-25,3.798e-15,3.605e-15,9.248e-13,7.021e-12,1.138e-15,6.110e-25,3.798e-15,3.605e-15,9.248e-13,7.021e-12,1.138e-15,2.454e-27,1.502e-17,1.426e-17,3.823e-15,2.825e-14,4.424e-18,6.908e-29,4.355e-19,4.079e-19,2.555e-16,1.889e-15,2.724e-19,6.909e-29,4.355e-19,4.079e-19,2.556e-16,1.889e-15,2.724e-19
1.7691e+05,3.8735e-10,0,2.148e-21,1.377e-11,1.305e-11,9.329e-10,1.061e-08,1.888e-12,2.148e-21,1.377e-11,1.305e-11,9.329e-10,1.061e-08,1.888e-12,1.637e-27,1.002e-17,9.513e-18,2.717e-15,1.921e-14,3.012e-18,2.046e-25,1.329e-15,1.244e-15,1.277e-13,1.416e-12,2.523e-16,2.046e-25,1.329e-15,1.244e-15,1.277e-13,1.416e-12,2.523e-16
1.7691e+05,1.8213e-09,0,7.394e-18,5.105e-08,4.838e-08,2.038e-07,2.034e-06,2.815e-10,7.394e-18,5.105e-08,4.838e-08,2.038e-07,2.034e-06,2.815e-10,1.533e-27,9.389e-18,8.912e-18,2.560e-15,1.813e-14,2.834e-18,1.127e-21,7.882e-12,7.380e-12,3.387e-11,3.597e-10,5.527e-14,9.972e-22,6.975e-12,6.531e-12,2.998e-11,3.183e-10,4.891e-14
1.7691e+05,8.5637e-09,0,2.388e-14,1.057e-04,1.835e-04,1.923e-05,1.161e-04,7.240e-09,2.388e-14,1.057e-04,1.835e-04,1.923e-05,1.196e-04,1.013e-08,1.520e-27,9.310e-18,8.836e-18,2.540e-15,1.800e-14,2.812e-18,9.053e-18,4.019e-08,6.962e-08,7.689e-09,4.799e-08,3.032e-12,6.206e-18,2.755e-08,4.773e-08,5.271e-09,3.397e-08,3.109e-12
1.7691e+05,4.0266e-08,0,6.617e-11,7.876e-02,3.676e-01,2.011e-04,9.694e-05,3.026e-09,6.617e-11,7.876e-02,3.676e-01,4.587e-04,1.799e-03,1.413e-07,1.519e-27,9.300e-18,8.827e-18,2.538e-15,1.798e-14,2.809e-18,6.662e-14,7.933e-05,3.702e-04,2.064e-07,1.025e-07,3.270e-12,4.098e-14,4.880e-05,2.277e-04,2.925e-07,1.216e-06,1.007e-10
1.7691e+05,1.8933e-07,0,1.347e-07,1.578e+01,7.353e+01,4.155e-05,9.678e-06,2.638e-10,1.347e-07,1.578e+01,7.353e+01,4.141e-03,1.112e-02,7.801e-07,1.518e-27,9.298e-18,8.825e-18,2.538e-15,1.798e-14,2.809e-18,3.487e-10,4.084e-02,1.903e-01,1.088e-07,2.615e-08,7.267e-13,2.078e-10,2.434e-02,1.134e-01,6.553e-06,1.856e-05,1.373e-09
1.7691e+05,8.9022e-07,0,3.125e-05,3.536e+02,1.131e+03,4.925e-06,9.491e-07,2.494e-11,3.125e-05,3.536e+02,1.131e+03,1.696e-02,4.221e-02,2.911e-06,1.518e-27,9.298e-18,8.825e-18,2.538e-15,1.798e-14,2.809e-18,1.598e-07,1.809e+00,5.783e+00,2.545e-08,5.068e-09,1.357e-13,9.280e-08,1.050e+00,3.358e+00,5.169e-05,1.357e-04,9.829e-09
1.7691e+05,4.1858e-06,0,5.440e-04,2.072e+03,5.673e+03,1.191e-06,2.104e-07,5.431e-12,5.440e-04,2.072e+03,5.673e+03,3.586e-02,8.818e-02,6.065e-06,1.518e-27,9.298e-18,8.825e-18,2.538e-15,1.798e-14,2.809e-18,3.598e-06,1.370e+01,3.752e+01,7.957e-09,1.453e-09,3.822e-14,2.112e-06,8.045e+00,2.202e+01,1.428e-04,3.704e-04,2.676e-08
1.7691e+05,1.9681e-05,0,2.229e-03,6.194e+03,1.594e+04,6.372e-07,1.099e-07,2.822e-12,2.229e-03,6.194e+03,1.594e+04,4.760e-02,1.168e-01,8.026e-06,1.518e-27,9.298e-18,8.825e-18,2.538e-15,1.798e-14,2.809e-18,1.516e-05,4.213e+01,1.084e+02,4.379e-09,7.808e-10,2.043e-14,9.311e-06,2.587e+01,6.656e+01,2.040e-04,5.276e-04,3.809e-08
1.7691e+05,9.2540e-05,0,4.125e-03,1.147e+04,2.951e+04,5.073e-07,8.726e-08,2.239e-12,4.125e-03,1.147e+04,2.951e+04,5.245e-02,1.286e-01,8.837e-06,1.518e-27,9.298e-18,8.825e-18,2.538e-15,1.798e-14,2.809e-18,2.746e-05,7.634e+01,1.964e+02,3.411e-09,6.064e-10,1.586e-14,1.746e-05,4.854e+01,1.249e+02,2.278e-04,5.888e-04,4.249e-08
1.7691e+05,4.3512e-04,1,5.254e-03,1.480e+04,3.808e+04,4.681e-07,8.048e-08,2.063e-12,5.254e-03,1.480e+04,3.808e+04,5.487e-02,1.345e-01,9.241e-06,1.518e-27,9.298e-18,8.825e-18,2.538e-15,1.798e-14,2.809e-18,3.443e-05,9.698e+01,2.495e+02,3.099e-09,5.506e-10,1.439e-14,2.223e-05,6.263e+01,1.611e+02,2.382e-04,6.157e-04,4.443e-08
1.7691e+05,2.0459e-03,1,5.746e-03,1.630e+04,4.195e+04,4.550e-07,7.827e-08,2.008e-12,5.746e-03,1.630e+04,4.195e+04,5.504e-02,1.349e-01,9.270e-06,1.518e-27,9.298e-18,8.825e-18,2.538e-15,1.798e-14,2.809e-18,3.739e-05,1.061e+02,2.729e+02,2.992e-09,5.318e-10,1.391e-14,2.433e-05,6.902e+01,1.776e+02,2.391e-04,6.179e-04,4.459e-08
1.7691e+05,9.6198e-03,1,5.936e-03,1.689e+04,4.345e+04,4.505e-07,7.750e-08,1.987e-12,5.936e-03,1.689e+04,4.345e+04,5.509e-02,1.350e-01,9.278e-06,1.518e-27,9.298e-18,8.825e-18,2.538e-15,1.798e-14,2.809e-18,3.852e-05,1.096e+02,2.820e+02,2.954e-09,5.251e-10,1.372e-14,2.514e-05,7.151e+01,1.840e+02,2.394e-04,6.186e-04,4.464e-08
1.7691e+05,4.5232e-02,1,6.005e-03,1.710e+04,4.400e+04,4.489e-07,7.722e-08,1.980e-12,6.005e-03,1.710e+04,4.400e+04,5.511e-02,1.350e-01,9.281e-06,1.518e-27,9.298e-18,8.825e-18,2.538e-15,1.798e-14,2.809e-18,3.893e-05,1.109e+02,2.853e+02,2.940e-09,5.227e-10,1.366e-14,2.543e-05,7.242e+01,1.864e+02,2.395e-04,6.188e-04,4.466e-08
1.7691e+05,2.1268e-01,1,6.030e-03,1.718e+04,4.420e+04,4.483e-07,7.712e-08,1.977e-12,6.030e-03,1.718e+04,4.420e+04,5.511e-02,1.351e-01,9.282e-06,1.518e-27,9.298e-18,8.825e-18,2.538e-15,1.798e-14,2.809e-18,3.908e-05,1.113e+02,2.865e+02,2.935e-09,5.219e-10,1.363e-14,2.554e-05,7.276e+01,1.872e+02,2.395e-04,6.189e-04,4.466e-08
1.7691e+05,1.0000e+00,1,6.039e-03,1.721e+04,4.428e+04,4.481e-07,7.709e-08,1.976e-12,6.039e-03,1.721e+04,4.428e+04,5.512e-02,1.351e-01,9.282e-06,1.518e-27,9.298e-18,8.825e-18,2.538e-15,1.798e-14,2.809e-18,3.913e-05,1.115e+02,2.869e+02,2.934e-09,5.216e-10,1.363e-14,2.557e-05,7.287e+01,1.875e+02,2.395e-04,6.189e-04,4.466e-08
4.4814e+05,3.2520e-11,0,2.497e-24,1.490e-14,1.453e-14,8.746e-13,9.930e-12,1.770e-15,2.497e-24,1.490e-14,1.453e-14,8.746e-13,9.930e-12,1.770e-15,9.913e-27,5.879e-17,5.748e-17,3.590e-15,4.075e-14,7.264e-18,1.860e-28,1.159e-18,1.086e-18,1.528e-16,1.683e-15,3.010e-19,1.860e-28,1.159e-18,1.086e-18,1.528e-16,1.683e-15,3.010e-19
4.4814e+05,1.6268e-10,0,1.245e-20,7.510e-11,7.310e-11,8.796e-10,1.063e-08,1.367e-12,1.245e-20,7.510e-11,7.310e-11,8.796e-10,1.063e-08,1.367e-12,6.573e-27,3.908e-17,3.812e-17,2.619e-15,2.883e-14,5.159e-18,7.766e-25,4.881e-15,4.572e-15,8.234e-14,1.004e-12,1.504e-16,7.766e-25,4.881e-15,4.572e-15,8.234e-14,1.004e-12,1.504e-16
4.4814e+05,8.1383e-10,0,6.308e-17,3.105e-07,3.786e-07,1.572e-07,1.450e-06,1.372e-10,6.308e-17,3.105e-07,3.786e-07,1.572e-07,1.453e-06,1.390e-10,6.184e-27,3.677e-17,3.587e-17,2.504e-15,2.726e-14,4.877e-18,6.651e-21,3.347e-11,4.003e-11,2.039e-11,2.063e-10,2.172e-14,5.692e-21,2.864e-11,3.426e-11,1.745e-11,1.769e-10,1.919e-14
4.4814e+05,4.0712e-09,0,3.152e-13,4.610e-04,1.695e-03,8.255e-06,7.129e-06,2.485e-10,3.152e-13,4.610e-04,1.695e-03,9.416e-06,3.928e-05,3.291e-09,6.139e-27,3.651e-17,3.561e-17,2.496e-15,2.708e-14,4.845e-18,8.634e-17,1.266e-07,4.650e-07,2.419e-09,2.248e-09,8.281e-14,5.639e-17,8.270e-08,3.037e-07,1.840e-09,9.199e-09,8.860e-13
4.4814e+05,2.0366e-08,0,1.449e-09,2.221e-01,1.080e+00,3.654e-06,8.867e-07,2.380e-11,1.449e-09,2.221e-01,1.080e+00,1.611e-04,4.449e-04,3.002e-08,6.134e-27,3.648e-17,3.558e-17,2.495e-15,2.706e-14,4.842e-18,1.094e-12,1.677e-04,8.159e-04,2.875e-09,7.586e-10,2.142e-14,6.486e-13,9.943e-05,4.838e-04,7.791e-08,2.491e-07,1.903e-11
4.4814e+05,1.0188e-07,0,4.323e-06,1.647e+01,7.338e+01,2.987e-07,5.756e-08,1.482e-12,4.323e-06,1.647e+01,7.340e+01,1.060e-03,2.423e-03,1.570e-07,6.133e-27,3.647e-17,3.557e-17,2.495e-15,2.706e-14,4.841e-18,8.759e-09,3.337e-02,1.487e-01,6.259e-10,1.322e-10,3.576e-15,5.052e-09,1.925e-02,8.581e-02,1.338e-06,3.530e-06,2.561e-10
4.4814e+05,5.0967e-07,0,1.141e-03,2.843e+02,8.827e+02,2.556e-08,4.452e-09,1.124e-13,1.141e-03,2.932e+02,9.620e+02,4.205e-03,9.403e-03,6.067e-07,6.133e-27,3.647e-17,3.557e-17,2.495e-15,2.706e-14,4.841e-18,4.764e-06,1.187e+00,3.685e+00,1.103e-10,2.105e-11,5.586e-16,2.692e-06,6.916e-01,2.269e+00,1.072e-05,2.764e-05,1.993e-09
4.4814e+05,2.5497e-06,0,2.008e-02,7.666e+02,2.068e+03,5.298e-09,8.756e-10,2.185e-14,2.008e-02,8.908e+02,2.765e+03,8.942e-03,1.993e-02,1.285e-06,6.133e-27,3.647e-17,3.557e-17,2.495e-15,2.706e-14,4.841e-18,1.097e-04,4.188e+00,1.130e+01,2.991e-11,5.420e-12,1.422e-16,6.285e-05,2.788e+00,8.654e+00,3.024e-05,7.775e-05,5.602e-09
4.4814e+05,1.2755e-05,0,8.257e-02,1.185e+03,2.725e+03,2.764e-09,4.506e-10,1.126e-14,8.257e-02,1.318e+03,4.042e+03,1.190e-02,2.651e-02,1.710e-06,6.133e-27,3.647e-17,3.557e-17,2.495e-15,2.706e-14,4.841e-18,4.638e-04,6.658e+00,1.531e+01,1.604e-11,2.868e-12,7.533e-17,2.782e-04,4.442e+00,1.362e+01,4.333e-05,1.113e-04,8.021e-09
4.4814e+05,6.3806e-05,0,1.510e-01,2.116e+03,4.865e+03,2.214e-09,3.612e-10,9.031e-15,1.510e-01,2.116e+03,4.865e+03,1.312e-02,2.922e-02,1.884e-06,6.133e-27,3.647e-17,3.557e-17,2.495e-15,2.706e-14,4.841e-18,8.303e-04,1.164e+01,2.675e+01,1.259e-11,2.251e-12,5.915e-17,5.155e-04,7.223e+00,1.661e+01,4.838e-05,1.243e-04,8.955e-09
4.4814e+05,3.1919e-04,1,1.899e-01,2.667e+03,6.132e+03,2.060e-09,3.352e-10,8.382e-15,1.899e-01,2.667e+03,6.132e+03,1.321e-02,2.942e-02,1.897e-06,6.133e-27,3.647e-17,3.557e-17,2.495e-15,2.706e-14,4.841e-18,1.029e-03,1.446e+01,3.324e+01,1.154e-11,2.059e-12,5.412e-17,6.510e-04,9.145e+00,2.102e+01,4.892e-05,1.257e-04,9.055e-09
4.4814e+05,1.5968e-03,1,2.060e-01,2.901e+03,6.671e+03,2.007e-09,3.266e-10,8.166e-15,2.060e-01,2.901e+03,6.671e+03,1.376e-02,3.064e-02,1.975e-06,6.133e-27,3.647e-17,3.557e-17,2.495e-15,2.706e-14,4.841e-18,1.110e-03,1.564e+01,3.595e+01,1.118e-11,1.994e-12,5.241e-17,7.039e-04,9.915e+00,2.279e+01,5.079e-05,1.305e-04,9.400e-09
4.4814e+05,7.9879e-03,1,2.119e-01,2.988e+03,6.870e+03,1.990e-09,3.250e-10,8.109e-15,2.119e-01,2.988e+03,6.870e+03,1.377e-02,3.067e-02,1.978e-06,6.133e-27,3.647e-17,3.557e-17,2.495e-15,2.706e-14,4.841e-18,1.139e-03,1.607e+01,3.694e+01,1.106e-11,1.980e-12,5.193e-17,7.243e-04,1.021e+01,2.348e+01,5.085e-05,1.306e-04,9.412e-09
4.4814e+05,3.9960e-02,1,2.140e-01,3.019e+03,6.940e+03,1.984e-09,3.242e-10,8.060e-15,2.140e-01,3.019e+03,6.940e+03,1.378e-02,3.068e-02,1.978e-06,6.133e-27,3.647e-17,3.557e-17,2.495e-15,2.706e-14,4.841e-18,1.150e-03,1.622e+01,3.729e+01,1.102e-11,1.972e-12,5.157e-17,7.314e-04,1.032e+01,2.372e+01,5.087e-05,1.307e-04,9.415e-09
4.4814e+05,1.9990e-01,1,2.147e-01,3.029e+03,6.964e+03,1.982e-09,3.238e-10,8.043e-15,2.147e-01,3.029e+03,6.964e+03,1.378e-02,3.068e-02,1.978e-06,6.133e-27,3.647e-17,3.557e-17,2.495e-15,2.706e-14,4.841e-18,1.153e-03,1.627e+01,3.741e+01,1.100e-11,1.969e-12,5.145e-17,7.339e-04,1.035e+01,2.381e+01,5.088e-05,1.307e-04,9.417e-09
4.4814e+05,1.0000e+00,1,2.149e-01,3.033e+03,6.972e+03,1.981e-09,3.237e-10,8.037e-15,2.149e-01,3.033e+03,6.972e+03,1.378e-02,3.069e-02,1.979e-06,6.133e-27,3.647e-17,3.557e-17,2.495e-15,2.706e-14,4.841e-18,1.154e-03,1.629e+01,3.745e+01,1.100e-11,1.968e-12,5.140e-17,7.347e-04,1.037e+01,2.383e+01,5.088e-05,1.307e-04,9.417e-09
1.1352e+06,1.2838e-11,0,9.272e-24,2.728e-14,4.014e-14,1.893e-13,2.128e-12,2.636e-16,9.272e-24,2.728e-14,4.014e-14,1.893e-13,2.128e-12,2.636e-16,3.671e-26,1.054e-16,1.585e-16,5.252e-16,5.721e-15,6.374e-19,4.954e-28,3.078e-18,2.884e-18,8.355e-17,1.027e-15,1.344e-19,4.954e-28,3.078e-18,2.884e-18,8.355e-17,1.027e-15,1.344e-19
1.1352e+06,6.8326e-11,0,6.480e-20,1.976e-10,2.845e-10,2.574e-10,1.670e-09,1.534e-13,6.480e-20,1.976e-10,2.845e-10,2.574e-10,1.670e-09,1.534e-13,2.428e-26,7.215e-17,1.061e-16,4.244e-16,4.835e-15,5.688e-19,2.882e-24,1.750e-14,1.682e-14,4.206e-14,4.717e-13,5.519e-17,2.882e-24,1.750e-14,1.682e-14,4.206e-14,4.717e-13,5.519e-17
1.1352e+06,3.6365e-10,0,4.651e-16,8.337e-07,2.056e-06,4.635e-08,9.544e-08,4.185e-12,4.651e-16,8.337e-07,2.056e-06,4.636e-08,1.333e-07,9.596e-12,2.295e-26,6.877e-17,1.006e-16,4.163e-16,4.849e-15,5.726e-19,3.703e-20,9.562e-11,2.167e-10,1.022e-11,3.013e-11,1.528e-15,3.059e-20,7.898e-11,1.790e-10,8.449e-12,4.482e-11,4.229e-15
1.1352e+06,1.9355e-09,0,3.379e-12,1.018e-03,5.249e-03,1.510e-07,3.232e-08,7.713e-13,3.379e-12,1.018e-03,5.249e-03,1.494e-06,3.742e-06,2.272e-10,2.281e-26,6.842e-17,1.000e-16,4.160e-16,4.858e-15,5.740e-19,7.296e-16,2.577e-07,1.329e-06,7.133e-11,2.287e-11,6.698e-16,4.528e-16,1.600e-07,8.251e-07,5.480e-10,2.349e-09,1.893e-13
1.1352e+06,1.0301e-08,0,2.374e-08,2.236e-01,9.565e-01,1.575e-08,2.156e-09,4.712e-14,2.374e-08,2.236e-01,9.565e-01,1.796e-05,2.928e-05,1.595e-09,2.280e-26,6.839e-17,9.998e-17,4.159e-16,4.859e-15,5.742e-19,1.467e-11,1.516e-04,6.703e-04,1.941e-11,4.252e-12,1.158e-16,8.318e-12,8.599e-05,3.802e-04,1.634e-08,4.517e-08,3.303e-12
1.1352e+06,5.4826e-08,0,7.907e-05,1.274e+01,3.935e+01,9.152e-10,1.110e-10,2.345e-15,7.907e-05,1.318e+01,4.128e+01,9.840e-05,1.490e-04,8.013e-09,2.280e-26,6.838e-17,9.998e-17,4.159e-16,4.860e-15,5.742e-19,1.337e-07,2.344e-02,7.278e-02,3.095e-12,6.076e-13,1.612e-17,7.495e-08,1.367e-02,4.326e-02,2.447e-07,6.323e-07,4.555e-11
1.1352e+06,2.9180e-07,0,1.742e-02,7.176e+01,1.724e+02,6.282e-11,7.204e-12,1.512e-16,1.742e-02,1.187e+02,3.553e+02,4.200e-04,6.312e-04,3.391e-08,2.280e-26,6.838e-17,9.998e-17,4.159e-16,4.860e-15,5.742e-19,6.230e-05,2.697e-01,6.477e-01,4.531e-13,8.447e-14,2.230e-18,3.424e-05,2.567e-01,7.775e-01,2.195e-06,5.630e-06,4.047e-10
1.1352e+06,1.5531e-06,0,2.636e-01,1.457e+02,3.411e+02,1.168e-11,1.299e-12,2.703e-17,2.636e-01,3.107e+02,8.836e+02,8.730e-04,1.311e-03,7.040e-08,2.280e-26,6.838e-17,9.998e-17,4.159e-16,4.860e-15,5.742e-19,1.245e-03,7.166e-01,1.677e+00,1.111e-13,2.010e-14,5.277e-19,6.990e-04,9.000e-01,2.607e+00,6.172e-06,1.581e-05,1.136e-09
1.1352e+06,8.2659e-06,0,1.069e+00,1.759e+02,4.024e+02,6.038e-12,6.437e-13,1.295e-17,1.069e+00,4.423e+02,1.240e+03,1.169e-03,1.755e-03,9.425e-08,2.280e-26,6.838e-17,9.998e-17,4.159e-16,4.860e-15,5.742e-19,5.180e-03,8.795e-01,2.011e+00,5.885e-14,1.010e-14,2.600e-19,3.048e-03,1.380e+00,3.926e+00,8.900e-06,2.280e-05,1.637e-09
1.1352e+06,4.3994e-05,0,1.921e+00,2.429e+02,5.346e+02,4.874e-12,5.416e-13,1.122e-17,1.921e+00,4.966e+02,1.386e+03,1.290e-03,1.936e-03,1.040e-07,2.280e-26,6.838e-17,9.998e-17,4.159e-16,4.860e-15,5.742e-19,9.122e-03,1.161e+00,2.554e+00,4.655e-14,8.472e-15,2.206e-19,5.548e-03,1.569e+00,4.446e+00,9.943e-06,2.547e-05,1.829e-09
1.1352e+06,2.3415e-04,1,2.382e+00,2.989e+02,6.577e+02,4.591e-12,5.048e-13,1.039e-17,2.382e+00,5.238e+02,1.460e+03,1.350e-03,2.026e-03,1.088e-07,2.280e-26,6.838e-17,9.998e-17,4.159e-16,4.860e-15,5.742e-19,1.116e-02,1.410e+00,3.102e+00,4.341e-14,7.768e-15,2.016e-19,6.879e-03,1.655e+00,4.681e+00,1.041e-05,2.666e-05,1.915e-09
1.1352e+06,1.2462e-03,1,2.564e+00,3.213e+02,7.070e+02,4.497e-12,4.907e-13,1.006e-17,2.564e+00,5.252e+02,1.463e+03,1.353e-03,2.031e-03,1.091e-07,2.280e-26,6.838e-17,9.998e-17,4.159e-16,4.860e-15,5.742e-19,1.195e-02,1.507e+00,3.317e+00,4.227e-14,7.488e-15,1.942e-19,7.411e-03,1.661e+00,4.698e+00,1.044e-05,2.675e-05,1.921e-09
1.1352e+06,6.6328e-03,1,2.627e+00,3.292e+02,7.244e+02,4.460e-12,4.913e-13,1.013e-17,2.627e+00,5.256e+02,1.464e+03,1.354e-03,2.032e-03,1.092e-07,2.280e-26,6.838e-17,9.998e-17,4.159e-16,4.860e-15,5.742e-19,1.223e-02,1.542e+00,3.393e+00,4.180e-14,7.523e-15,1.953e-19,7.596e-03,1.663e+00,4.702e+00,1.045e-05,2.677e-05,1.923e-09
1.1352e+06,3.5302e-02,1,2.649e+00,3.318e+02,7.302e+02,4.439e-12,4.907e-13,9.968e-18,2.649e+00,5.257e+02,1.465e+03,1.354e-03,2.033e-03,1.092e-07,2.280e-26,6.838e-17,9.998e-17,4.159e-16,4.860e-15,5.742e-19,1.232e-02,1.553e+00,3.418e+00,4.154e-14,7.466e-15,1.921e-19,7.659e-03,1.664e+00,4.704e+00,1.046e-05,2.678e-05,1.923e-09
1.1352e+06,1.8789e-01,1,2.656e+00,3.327e+02,7.321e+02,4.432e-12,4.899e-13,9.974e-18,2.656e+00,5.258e+02,1.465e+03,1.354e-03,2.033e-03,1.092e-07,2.280e-26,6.838e-17,9.998e-17,4.159e-16,4.860e-15,5.742e-19,1.235e-02,1.557e+00,3.426e+00,4.146e-14,7.442e-15,1.922e-19,7.680e-03,1.664e+00,4.705e+00,1.046e-05,2.678e-05,1.924e-09
1.1352e+06,1.0000e+00,1,2.658e+00,3.330e+02,7.328e+02,4.430e-12,4.897e-13,9.984e-18,2.658e+00,5.258e+02,1.465e+03,1.354e-03,2.033e-03,1.092e-07,2.280e-26,6.838e-17,9.998e-17,4.159e-16,4.860e-15,5.742e-19,1.236e-02,1.558e+00,3.429e+00,4.143e-14,7.435e-15,1.924e-19,7.686e-03,1.664e+00,4.705e+00,1.046e-05,2.678e-05,1.924e-09
2.8758e+06,5.0677e-12,0,2.839e-23,6.616e-15,2.908e-14,1.121e-15,3.882e-15,1.075e-19,2.839e-23,6.616e-15,2.908e-14,1.121e-15,3.882e-15,1.075e-19,1.122e-25,1.609e-17,8.021e-17,4.491e-20,9.068e-20,2.511e-24,1.321e-27,8.109e-18,7.685e-18,3.481e-17,1.331e-16,3.685e-21,1.321e-27,8.109e-18,7.685e-18,3.481e-17,1.331e-16,3.685e-21
2.8758e+06,2.8696e-11,0,2.800e-19,7.361e-11,3.145e-10,1.559e-12,3.275e-12,1.202e-16,2.800e-19,7.361e-11,3.145e-10,1.559e-12,3.275e-12,1.202e-16,7.497e-26,1.243e-17,6.123e-17,4.493e-20,1.077e-19,3.954e-24,1.067e-23,4.613e-14,6.210e-14,1.892e-14,8.932e-14,3.278e-18,1.067e-23,4.613e-14,6.210e-14,1.892e-14,8.933e-14,3.278e-18
2.8758e+06,1.6249e-10,0,2.822e-15,6.223e-07,2.958e-06,1.177e-10,2.186e-11,3.276e-16,2.822e-15,6.223e-07,2.958e-06,1.630e-10,1.902e-10,6.982e-15,7.136e-26,1.231e-17,6.005e-17,4.698e-20,1.139e-19,4.182e-24,2.032e-19,1.862e-10,8.312e-10,1.152e-12,6.152e-13,1.515e-17,1.614e-19,1.479e-10,6.600e-10,2.137e-12,7.404e-12,2.717e-16
2.8758e+06,9.2013e-10,0,2.895e-11,8.317e-04,3.375e-03,5.102e-11,1.923e-12,2.386e-17,2.895e-11,8.317e-04,3.375e-03,5.465e-09,3.939e-09,1.308e-13,7.101e-26,1.231e-17,5.998e-17,4.733e-20,1.149e-19,4.218e-24,5.881e-15,3.091e-07,1.381e-06,6.216e-13,1.370e-13,2.817e-18,3.491e-15,1.835e-07,8.196e-07,1.301e-10,2.842e-10,1.043e-14
2.8758e+06,5.2103e-09,0,2.749e-07,1.282e-01,4.182e-01,3.418e-12,9.657e-14,1.147e-18,2.749e-07,1.284e-01,4.211e-01,4.741e-08,2.696e-08,8.547e-13,7.098e-26,1.231e-17,5.998e-17,4.737e-20,1.150e-19,4.222e-24,1.551e-10,1.208e-04,4.304e-04,1.039e-13,1.869e-14,3.469e-19,8.455e-11,6.596e-05,2.406e-04,2.725e-09,4.704e-09,1.726e-13
2.8758e+06,2.9504e-08,0,5.801e-04,2.311e+00,5.603e+00,1.626e-13,4.135e-15,4.870e-20,5.801e-04,3.314e+00,9.511e+00,2.674e-07,1.478e-07,4.665e-12,7.097e-26,1.231e-17,5.998e-17,4.737e-20,1.151e-19,4.222e-24,8.707e-07,4.549e-03,1.103e-02,1.323e-14,1.892e-15,3.100e-20,4.713e-07,4.445e-03,1.398e-02,4.097e-08,6.065e-08,2.226e-12
2.8758e+06,1.6707e-07,0,6.202e-02,9.022e+00,2.030e+01,9.525e-15,2.328e-16,2.686e-21,6.202e-02,2.676e+01,6.962e+01,1.157e-06,6.380e-07,2.013e-11,7.097e-26,1.231e-17,5.998e-17,4.737e-20,1.151e-19,4.222e-24,1.997e-04,3.317e-02,7.465e-02,1.582e-15,1.700e-16,2.378e-21,1.072e-04,7.233e-02,2.024e-01,3.530e-07,4.245e-07,1.525e-11
2.8758e+06,9.4602e-07,0,7.019e-01,1.506e+01,3.339e+01,1.649e-15,3.867e-17,4.538e-22,7.019e-01,6.656e+01,1.693e+02,2.549e-06,1.406e-06,4.435e-11,7.097e-26,1.231e-17,5.998e-17,4.737e-20,1.151e-19,4.222e-24,2.973e-03,7.087e-02,1.571e-01,3.487e-16,3.130e-17,4.269e-22,1.626e-03,2.382e-01,6.520e-01,9.917e-07,1.072e-06,3.779e-11
2.8758e+06,5.3569e-06,0,2.278e+00,1.951e+01,4.284e+01,8.480e-16,2.025e-17,2.379e-22,2.278e+00,9.200e+01,2.332e+02,3.430e-06,1.891e-06,5.966e-11,7.097e-26,1.231e-17,5.998e-17,4.737e-20,1.151e-19,4.222e-24,9.909e-03,9.140e-02,2.007e-01,1.782e-16,1.665e-17,2.247e-22,5.685e-03,3.527e-01,9.587e-01,1.409e-06,1.481e-06,5.199e-11
2.8758e+06,3.0334e-05,1,3.835e+00,2.130e+01,4.676e+01,6.958e-16,1.619e-17,1.791e-22,3.835e+00,9.800e+01,2.482e+02,3.636e-06,2.005e-06,6.325e-11,7.097e-26,1.231e-17,5.998e-17,4.737e-20,1.151e-19,4.222e-24,1.636e-02,9.782e-02,2.148e-01,1.471e-16,1.304e-17,1.686e-22,9.739e-03,3.818e-01,1.037e+00,1.513e-06,1.580e-06,5.539e-11
2.8758e+06,1.7177e-04,1,4.652e+00,2.288e+01,4.937e+01,6.552e-16,1.651e-17,1.863e-22,4.652e+00,1.031e+02,2.609e+02,3.811e-06,2.101e-06,6.630e-11,7.097e-26,1.231e-17,5.998e-17,4.737e-20,1.151e-19,4.222e-24,1.961e-02,9.900e-02,2.174e-01,1.389e-16,1.339e-17,1.751e-22,1.181e-02,4.012e-01,1.089e+00,1.586e-06,1.656e-06,5.805e-11
2.8758e+06,9.7263e-04,1,4.962e+00,2.432e+01,5.247e+01,6.462e-16,1.623e-17,1.907e-22,4.962e+00,1.033e+02,2.614e+02,3.818e-06,2.105e-06,6.641e-11,7.097e-26,1.231e-17,5.998e-17,4.737e-20,1.151e-19,4.222e-24,2.082e-02,1.025e-01,2.213e-01,1.356e-16,1.323e-17,1.791e-22,1.261e-02,4.024e-01,1.092e+00,1.590e-06,1.659e-06,5.817e-11
2.8758e+06,5.5076e-03,1,5.066e+00,2.480e+01,5.351e+01,6.308e-16,1.414e-17,1.699e-22,5.066e+00,1.033e+02,2.615e+02,3.820e-06,2.106e-06,6.645e-11,7.097e-26,1.231e-17,5.998e-17,4.737e-20,1.151e-19,4.222e-24,2.123e-02,1.044e-01,2.253e-01,1.304e-16,1.155e-17,1.595e-22,1.288e-02,4.027e-01,1.093e+00,1.591e-06,1.660e-06,5.820e-11
2.8758e+06,3.1187e-02,1,5.099e+00,2.495e+01,5.384e+01,6.300e-16,1.436e-17,1.633e-22,5.099e+00,1.034e+02,2.616e+02,3.820e-06,2.106e-06,6.646e-11,7.097e-26,1.231e-17,5.998e-17,4.737e-20,1.151e-19,4.222e-24,2.136e-02,1.050e-01,2.266e-01,1.309e-16,1.159e-17,1.533e-22,1.297e-02,4.028e-01,1.093e+00,1.591e-06,1.661e-06,5.821e-11
2.8758e+06,1.7660e-01,1,5.110e+00,2.500e+01,5.395e+01,6.309e-16,1.501e-17,1.717e-22,5.110e+00,1.034e+02,2.616e+02,3.820e-06,2.106e-06,6.646e-11,7.097e-26,1.231e-17,5.998e-17,4.737e-20,1.151e-19,4.222e-24,2.140e-02,1.052e-01,2.270e-01,1.315e-16,1.217e-17,1.612e-22,1.299e-02,4.028e-01,1.093e+00,1.592e-06,1.661e-06,5.822e-11
2.8758e+06,1.0000e+00,1,5.113e+00,2.502e+01,5.398e+01,6.313e-16,1.524e-17,1.753e-22,5.113e+00,1.034e+02,2.616e+02,3.820e-06,2.106e-06,6.646e-11,7.097e-26,1.231e-17,5.998e-17,4.737e-20,1.151e-19,4.222e-24,2.141e-02,1.053e-01,2.272e-01,1.318e-16,1.237e-17,1.645e-22,1.300e-02,4.028e-01,1.093e+00,1.592e-06,1.661e-06,5.822e-11
7.2850e+06,2.0005e-12,0,2.577e-23,6.377e-17,3.240e-16,7.130e-19,7.430e-22,1.145e-291,2.577e-23,6.377e-17,3.240e-16,7.130e-19,7.430e-22,1.145e-291,8.338e-26,3.881e-21,1.226e-20,7.413e-26,7.724e-29,1.145e-291,3.523e-27,9.682e-18,1.886e-17,7.039e-19,7.335e-22,1.145e-291,3.523e-27,9.682e-18,1.886e-17,7.039e-19,7.335e-22,1.145e-291
7.2850e+06,1.2052e-11,0,3.791e-19,1.066e-12,5.420e-12,8.473e-16,4.582e-18,1.638e-291,3.791e-19,1.066e-12,5.420e-12,8.473e-16,4.582e-18,1.638e-291,6.126e-26,3.854e-21,1.225e-20,9.308e-26,5.033e-28,1.638e-291,3.937e-23,7.716e-14,2.124e-13,8.234e-16,4.452e-18,1.638e-291,3.937e-23,7.716e-14,2.124e-13,8.234e-16,4.453e-18,1.638e-291
7.2850e+06,7.2608e-11,0,5.410e-15,1.343e-08,5.991e-08,4.927e-15,1.036e-17,1.638e-291,5.410e-15,1.343e-08,5.991e-08,5.604e-14,3.030e-16,1.638e-291,5.971e-26,4.013e-21,1.276e-20,9.795e-26,5.296e-28,1.638e-291,1.112e-18,2.590e-10,1.330e-09,4.509e-15,1.033e-17,1.638e-291,8.554e-19,1.998e-10,1.027e-09,5.560e-14,3.006e-16,1.638e-291
7.2850e+06,4.3743e-10,0,7.768e-11,1.519e-05,4.024e-05,5.043e-16,6.366e-19,1.638e-291,7.768e-11,1.519e-05,4.024e-05,1.316e-12,7.090e-15,1.638e-291,5.960e-26,4.038e-21,1.284e-20,9.866e-26,5.335e-28,1.638e-291,4.646e-14,2.336e-07,1.042e-06,4.972e-16,6.366e-19,1.638e-291,2.609e-14,1.324e-07,5.905e-07,1.315e-12,7.089e-15,1.638e-291
7.2850e+06,2.6353e-09,0,9.162e-07,2.718e-03,6.656e-03,2.405e-17,2.705e-20,1.638e-291,9.162e-07,2.718e-03,6.656e-03,9.035e-12,4.763e-14,1.638e-291,5.959e-26,4.041e-21,1.285e-20,9.874e-26,5.339e-28,1.638e-291,9.859e-10,3.114e-05,8.147e-05,2.405e-17,2.705e-20,1.638e-291,5.161e-10,2.133e-05,7.251e-05,9.035e-12,4.763e-14,1.638e-291
7.2850e+06,1.5877e-08,0,9.187e-04,8.331e-02,1.857e-01,9.409e-19,1.013e-21,1.638e-291,9.187e-04,9.671e-02,2.213e-01,5.272e-11,2.774e-13,1.638e-291,5.959e-26,4.041e-21,1.285e-20,9.875e-26,5.339e-28,1.638e-291,1.815e-06,4.873e-04,1.100e-03,9.409e-19,1.013e-21,1.638e-291,9.527e-07,1.213e-03,3.449e-03,5.272e-11,2.774e-13,1.638e-291
7.2850e+06,9.5650e-08,0,3.498e-02,4.601e-01,1.001e+00,4.736e-20,4.971e-23,1.638e-291,3.498e-02,1.040e+00,2.349e+00,2.417e-10,1.272e-12,1.638e-291,5.959e-26,4.041e-21,1.285e-20,9.875e-26,5.339e-28,1.638e-291,1.579e-04,2.741e-03,5.967e-03,4.736e-20,4.971e-23,1.638e-291,8.275e-05,1.608e-02,4.259e-02,2.417e-10,1.272e-12,1.638e-291
7.2850e+06,5.7624e-07,0,1.766e-01,8.744e-01,1.887e+00,7.501e-21,7.858e-24,1.638e-291,1.794e-01,2.858e+00,6.372e+00,5.428e-10,2.856e-12,1.638e-291,5.959e-26,4.041e-21,1.285e-20,9.875e-26,5.339e-28,1.638e-291,1.001e-03,5.311e-03,1.146e-02,7.501e-21,7.858e-24,1.638e-291,5.505e-04,5.117e-02,1.336e-01,5.428e-10,2.856e-12,1.638e-291
7.2850e+06,3.4716e-06,0,4.177e-01,1.082e+00,2.333e+00,3.958e-21,3.957e-24,1.638e-291,4.177e-01,4.074e+00,9.082e+00,7.353e-10,3.868e-12,1.638e-291,5.959e-26,4.041e-21,1.285e-20,9.875e-26,5.339e-28,1.638e-291,1.971e-03,6.639e-03,1.433e-02,3.958e-21,3.957e-24,1.638e-291,1.107e-03,7.491e-02,1.952e-01,7.353e-10,3.868e-12,1.638e-291
7.2850e+06,2.0915e-05,1,6.665e-01,1.134e+00,2.446e+00,3.492e-21,3.592e-24,1.638e-291,6.665e-01,4.354e+00,9.705e+00,7.791e-10,4.099e-12,1.638e-291,5.959e-26,4.041e-21,1.285e-20,9.875e-26,5.339e-28,1.638e-291,3.036e-03,6.748e-03,1.455e-02,3.492e-21,3.592e-24,1.638e-291,1.768e-03,8.079e-02,2.104e-01,7.791e-10,4.099e-12,1.638e-291
7.2850e+06,1.2600e-04,1,7.877e-01,1.145e+00,2.470e+00,2.974e-21,3.203e-24,1.638e-291,7.877e-01,4.600e+00,1.025e+01,8.173e-10,4.300e-12,1.638e-291,5.959e-26,4.041e-21,1.285e-20,9.875e-26,5.339e-28,1.638e-291,3.550e-03,6.744e-03,1.455e-02,2.974e-21,3.203e-24,1.638e-291,2.088e-03,8.478e-02,2.208e-01,8.173e-10,4.300e-12,1.638e-291
7.2850e+06,7.5911e-04,1,8.309e-01,1.148e+00,2.477e+00,2.980e-21,2.999e-24,1.638e-291,8.309e-01,4.608e+00,1.026e+01,8.186e-10,4.306e-12,1.638e-291,5.959e-26,4.041e-21,1.285e-20,9.875e-26,5.339e-28,1.638e-291,3.731e-03,6.737e-03,1.453e-02,2.980e-21,2.999e-24,1.638e-291,2.205e-03,8.501e-02,2.214e-01,8.186e-10,4.306e-12,1.638e-291
7.2850e+06,4.5733e-03,1,8.447e-01,1.149e+00,2.479e+00,2.975e-21,3.275e-24,1.638e-291,8.447e-01,4.611e+00,1.027e+01,8.189e-10,4.308e-12,1.638e-291,5.959e-26,4.041e-21,1.285e-20,9.875e-26,5.339e-28,1.638e-291,3.788e-03,6.734e-03,1.452e-02,2.975e-21,3.275e-24,1.638e-291,2.242e-03,8.507e-02,2.215e-01,8.189e-10,4.308e-12,1.638e-291
7.2850e+06,2.7552e-02,1,8.489e-01,1.150e+00,2.479e+00,3.118e-21,2.965e-24,1.638e-291,8.489e-01,4.611e+00,1.027e+01,8.190e-10,4.309e-12,1.638e-291,5.959e-26,4.041e-21,1.285e-20,9.875e-26,5.339e-28,1.638e-291,3.806e-03,6.733e-03,1.452e-02,3.118e-21,2.965e-24,1.638e-291,2.254e-03,8.510e-02,2.216e-01,8.190e-10,4.309e-12,1.638e-291
7.2850e+06,1.6599e-01,1,8.502e-01,1.150e+00,2.479e+00,3.128e-21,3.008e-24,1.638e-291,8.502e-01,4.611e+00,1.027e+01,8.190e-10,4.309e-12,1.638e-291,5.959e-26,4.041e-21,1.285e-20,9.875e-26,5.339e-28,1.638e-291,3.811e-03,6.733e-03,1.452e-02,3.128e-21,3.008e-24,1.638e-291,2.258e-03,8.510e-02,2.216e-01,8.190e-10,4.309e-12,1.638e-291
7.2850e+06,1.0000e+00,1,8.506e-01,1.150e+00,2.480e+00,3.126e-21,3.038e-24,1.638e-291,8.506e-01,4.612e+00,1.027e+01,8.190e-10,4.309e-12,1.638e-291,5.959e-26,4.041e-21,1.285e-20,9.875e-26,5.339e-28,1.638e-291,3.813e-03,6.733e-03,1.452e-02,3.126e-21,3.038e-24,1.638e-291,2.258e-03,8.510e-02,2.216e-01,8.190e-10,4.309e-12,1.638e-291
1.8455e+07,7.8971e-13,0,4.941e-25,2.183e-19,1.107e-18,1.351e-23,8.923e-289,0.000e+00,4.941e-25,2.183e-19,1.107e-18,1.350e-23,8.923e-289,0.000e+00,6.466e-29,1.208e-26,3.673e-26,5.805e-33,8.923e-289,0.000e+00,8.819e-27,2.183e-19,1.107e-18,1.351e-23,8.923e-289,0.000e+00,8.821e-27,2.183e-19,1.107e-18,1.350e-23,8.923e-289,0.000e+00
1.8455e+07,5.0618e-12,0,1.151e-20,5.104e-15,2.577e-14,2.904e-20,2.037e-288,0.000e+00,1.151e-20,5.104e-15,2.577e-14,2.904e-20,2.037e-288,0.000e+00,6.387e-29,1.231e-26,3.743e-26,9.796e-33,2.037e-288,0.000e+00,1.396e-22,5.104e-15,2.577e-14,2.904e-20,2.037e-288,0.000e+00,1.396e-22,5.104e-15,2.577e-14,2.904e-20,2.037e-288,0.000e+00
1.8455e+07,3.2444e-11,0,2.350e-16,3.629e-11,1.171e-10,6.040e-20,2.037e-288,0.000e+00,2.350e-16,3.629e-11,1.171e-10,3.418e-18,2.037e-288,0.000e+00,6.627e-29,1.287e-26,3.911e-26,1.584e-32,2.037e-288,0.000e+00,5.615e-18,3.555e-11,1.154e-10,6.040e-20,2.037e-288,0.000e+00,4.208e-18,3.453e-11,1.121e-10,3.418e-18,2.037e-288,0.000e+00
1.8455e+07,2.0796e-10,0,4.715e-12,1.549e-08,4.192e-08,3.308e-21,2.037e-288,0.000e+00,4.715e-12,1.549e-08,4.192e-08,8.118e-17,2.037e-288,0.000e+00,6.661e-29,1.294e-26,3.934e-26,1.594e-32,2.037e-288,0.000e+00,2.833e-13,1.533e-08,4.182e-08,3.308e-21,2.037e-288,0.000e+00,1.569e-13,1.476e-08,4.026e-08,8.118e-17,2.037e-288,0.000e+00
1.8455e+07,1.3329e-09,0,6.700e-08,2.730e-06,6.203e-06,1.269e-22,2.037e-288,0.000e+00,6.700e-08,2.746e-06,6.249e-06,5.786e-16,2.037e-288,0.000e+00,6.664e-29,1.295e-26,3.936e-26,1.594e-32,2.037e-288,0.000e+00,2.682e-09,1.763e-06,4.012e-06,1.269e-22,2.037e-288,0.000e+00,1.366e-09,1.370e-06,3.212e-06,5.786e-16,2.037e-288,0.000e+00
1.8455e+07,8.5437e-09,0,3.681e-05,1.845e-04,4.003e-04,4.272e-24,2.037e-288,0.000e+00,3.681e-05,1.846e-04,4.005e-04,3.450e-15,2.037e-288,0.000e+00,6.665e-29,1.295e-26,3.936e-26,1.595e-32,2.037e-288,0.000e+00,1.740e-06,3.487e-05,7.615e-05,4.272e-24,2.037e-288,0.000e+00,9.075e-07,6.070e-05,1.381e-04,3.450e-15,2.037e-288,0.000e+00
1.8455e+07,5.4762e-08,0,1.550e-03,2.585e-03,5.569e-03,1.869e-25,2.037e-288,0.000e+00,1.579e-03,3.016e-03,6.500e-03,1.755e-14,2.037e-288,0.000e+00,6.665e-29,1.295e-26,3.936e-26,1.595e-32,2.037e-288,0.000e+00,7.873e-05,1.653e-04,3.564e-04,1.869e-25,2.037e-288,0.000e+00,4.981e-05,8.334e-04,1.843e-03,1.755e-14,2.037e-288,0.000e+00
1.8455e+07,3.5101e-07,0,6.090e-03,5.007e-03,1.079e-02,2.795e-26,2.037e-288,0.000e+00,6.800e-03,1.005e-02,2.167e-02,4.016e-14,2.037e-288,0.000e+00,6.665e-29,1.295e-26,3.936e-26,1.595e-32,2.037e-288,0.000e+00,2.369e-04,2.269e-04,4.889e-04,2.795e-26,2.037e-288,0.000e+00,2.312e-04,2.548e-03,5.621e-03,4.016e-14,2.037e-288,0.000e+00
1.8455e+07,2.2498e-06,0,9.872e-03,5.506e-03,1.186e-02,1.449e-26,2.037e-288,0.000e+00,1.050e-02,1.525e-02,3.287e-02,5.474e-14,2.037e-288,0.000e+00,6.665e-29,1.295e-26,3.936e-26,1.595e-32,2.037e-288,0.000e+00,2.669e-04,2.266e-04,4.882e-04,1.449e-26,2.037e-288,0.000e+00,3.768e-04,3.685e-03,8.127e-03,5.474e-14,2.037e-288,0.000e+00
1.8455e+07,1.4421e-05,1,1.395e-02,5.376e-03,1.158e-02,1.183e-26,2.037e-288,0.000e+00,1.395e-02,1.647e-02,3.551e-02,5.806e-14,2.037e-288,0.000e+00,6.665e-29,1.295e-26,3.936e-26,1.595e-32,2.037e-288,0.000e+00,2.767e-04,2.137e-04,4.604e-04,1.183e-26,2.037e-288,0.000e+00,4.137e-04,3.954e-03,8.721e-03,5.806e-14,2.037e-288,0.000e+00
1.8455e+07,9.2432e-05,1,1.608e-02,5.311e-03,1.144e-02,1.187e-26,2.037e-288,0.000e+00,1.608e-02,1.752e-02,3.777e-02,6.089e-14,2.037e-288,0.000e+00,6.665e-29,1.295e-26,3.936e-26,1.595e-32,2.037e-288,0.000e+00,2.832e-04,2.092e-04,4.507e-04,1.187e-26,2.037e-288,0.000e+00,4.398e-04,4.157e-03,9.169e-03,6.089e-14,2.037e-288,0.000e+00
1.8455e+07,5.9246e-04,1,1.680e-02,5.290e-03,1.140e-02,1.103e-26,2.037e-288,0.000e+00,1.680e-02,1.756e-02,3.785e-02,6.099e-14,2.037e-288,0.000e+00,6.665e-29,1.295e-26,3.936e-26,1.595e-32,2.037e-288,0.000e+00,2.850e-04,2.077e-04,4.475e-04,1.103e-26,2.037e-288,0.000e+00,4.412e-04,4.166e-03,9.190e-03,6.099e-14,2.037e-288,0.000e+00
1.8455e+07,3.7975e-03,1,1.701e-02,5.284e-03,1.138e-02,1.165e-26,2.037e-288,0.000e+00,1.701e-02,1.757e-02,3.787e-02,6.102e-14,2.037e-288,0.000e+00,6.665e-29,1.295e-26,3.936e-26,1.595e-32,2.037e-288,0.000e+00,2.854e-04,2.073e-04,4.466e-04,1.165e-26,2.037e-288,0.000e+00,4.416e-04,4.169e-03,9.196e-03,6.102e-14,2.037e-288,0.000e+00
1.8455e+07,2.4340e-02,1,1.707e-02,5.282e-03,1.138e-02,1.104e-26,2.037e-288,0.000e+00,1.707e-02,1.757e-02,3.788e-02,6.102e-14,2.037e-288,0.000e+00,6.665e-29,1.295e-26,3.936e-26,1.595e-32,2.037e-288,0.000e+00,2.856e-04,2.072e-04,4.463e-04,1.104e-26,2.037e-288,0.000e+00,4.417e-04,4.170e-03,9.197e-03,6.102e-14,2.037e-288,0.000e+00
1.8455e+07,1.5601e-01,1,1.709e-02,5.282e-03,1.138e-02,1.121e-26,2.037e-288,0.000e+00,1.709e-02,1.757e-02,3.788e-02,6.103e-14,2.037e-288,0.000e+00,6.665e-29,1.295e-26,3.936e-26,1.595e-32,2.037e-288,0.000e+00,2.856e-04,2.071e-04,4.462e-04,1.121e-26,2.037e-288,0.000e+00,4.418e-04,4.170e-03,9.198e-03,6.103e-14,2.037e-288,0.000e+00
1.8455e+07,1.0000e+00,1,1.710e-02,5.282e-03,1.138e-02,1.128e-26,2.037e-288,0.000e+00,1.710e-02,1.757e-02,3.788e-02,6.103e-14,2.037e-288,0.000e+00,6.665e-29,1.295e-26,3.936e-26,1.595e-32,2.037e-288,0.000e+00,2.856e-04,2.071e-04,4.462e-04,1.128e-26,2.037e-288,0.000e+00,4.417e-04,4.170e-03,9.198e-03,6.103e-14,2.037e-288,0.000e+00
4.6749e+07,3.1174e-13,0,1.010e-27,4.374e-22,2.219e-21,5.763e-34,0.000e+00,0.000e+00,1.010e-27,4.374e-22,2.219e-21,5.762e-34,0.000e+00,0.000e+00,7.347e-35,1.167e-32,3.546e-32,4.429e-46,0.000e+00,0.000e+00,1.000e-27,4.374e-22,2.219e-21,5.763e-34,0.000e+00,0.000e+00,1.000e-27,4.374e-22,2.219e-21,5.762e-34,0.000e+00,0.000e+00
4.6749e+07,2.1259e-12,0,3.328e-23,1.246e-17,5.701e-17,2.220e-29,0.000e+00,0.000e+00,3.328e-23,1.246e-17,5.701e-17,2.220e-29,0.000e+00,0.000e+00,7.671e-35,1.218e-32,3.703e-32,1.164e-44,0.000e+00,0.000e+00,3.229e-23,1.246e-17,5.701e-17,2.220e-29,0.000e+00,0.000e+00,3.229e-23,1.246e-17,5.701e-17,2.220e-29,0.000e+00,0.000e+00
4.6749e+07,1.4497e-11,0,9.474e-19,2.866e-14,7.714e-14,2.740e-29,0.000e+00,0.000e+00,9.474e-19,2.866e-14,7.714e-14,2.176e-27,0.000e+00,0.000e+00,8.032e-35,1.275e-32,3.877e-32,1.221e-44,0.000e+00,0.000e+00,9.461e-19,2.866e-14,7.714e-14,2.740e-29,0.000e+00,0.000e+00,9.395e-19,2.866e-14,7.714e-14,2.176e-27,0.000e+00,0.000e+00
4.6749e+07,9.8863e-11,0,2.635e-14,1.013e-11,2.415e-11,1.288e-30,0.000e+00,0.000e+00,2.635e-14,1.014e-11,2.415e-11,6.020e-26,0.000e+00,0.000e+00,8.076e-35,1.282e-32,3.898e-32,1.228e-44,0.000e+00,0.000e+00,2.635e-14,1.013e-11,2.415e-11,1.288e-30,0.000e+00,0.000e+00,2.635e-14,1.014e-11,2.415e-11,6.020e-26,0.000e+00,0.000e+00
4.6749e+07,6.7419e-10,0,1.475e-10,1.351e-09,2.974e-09,4.355e-32,0.000e+00,0.000e+00,1.475e-10,1.351e-09,2.974e-09,4.422e-25,0.000e+00,0.000e+00,8.080e-35,1.283e-32,3.900e-32,1.228e-44,0.000e+00,0.000e+00,1.475e-10,1.351e-09,2.974e-09,4.355e-32,0.000e+00,0.000e+00,1.473e-10,1.351e-09,2.974e-09,4.422e-25,0.000e+00,0.000e+00
4.6749e+07,4.5976e-09,0,3.773e-08,7.078e-08,1.525e-07,1.313e-33,0.000e+00,0.000e+00,3.775e-08,7.265e-08,1.565e-07,2.828e-24,0.000e+00,0.000e+00,8.080e-35,1.283e-32,3.900e-32,1.228e-44,0.000e+00,0.000e+00,3.773e-08,7.078e-08,1.525e-07,1.313e-33,0.000e+00,0.000e+00,3.775e-08,7.265e-08,1.565e-07,2.828e-24,0.000e+00,0.000e+00
4.6749e+07,3.1353e-08,0,1.099e-06,1.820e-07,3.921e-07,5.124e-35,0.000e+00,0.000e+00,1.196e-06,1.138e-06,2.452e-06,1.532e-23,0.000e+00,0.000e+00,8.080e-35,1.283e-32,3.900e-32,1.228e-44,0.000e+00,0.000e+00,1.098e-06,1.820e-07,3.921e-07,5.124e-35,0.000e+00,0.000e+00,1.188e-06,1.138e-06,2.452e-06,1.532e-23,0.000e+00,0.000e+00
4.6749e+07,2.1381e-07,0,3.757e-06,5.777e-08,1.244e-07,6.976e-36,0.000e+00,0.000e+00,4.455e-06,3.454e-06,7.440e-06,3.577e-23,0.000e+00,0.000e+00,8.080e-35,1.283e-32,3.900e-32,1.228e-44,0.000e+00,0.000e+00,3.649e-06,5.777e-08,1.244e-07,6.976e-36,0.000e+00,0.000e+00,4.394e-06,3.454e-06,7.440e-06,3.577e-23,0.000e+00,0.000e+00
4.6749e+07,1.4580e-06,0,6.581e-06,3.409e-08,7.343e-08,3.657e-36,0.000e+00,0.000e+00,6.917e-06,5.035e-06,1.085e-05,4.901e-23,0.000e+00,0.000e+00,8.080e-35,1.283e-32,3.900e-32,1.228e-44,0.000e+00,0.000e+00,5.541e-06,3.409e-08,7.343e-08,3.657e-36,0.000e+00,0.000e+00,6.845e-06,5.035e-06,1.085e-05,4.901e-23,0.000e+00,0.000e+00
4.6749e+07,9.9430e-06,1,1.089e-05,2.900e-08,6.247e-08,3.179e-36,0.000e+00,0.000e+00,1.089e-05,5.401e-06,1.164e-05,5.205e-23,0.000e+00,0.000e+00,8.080e-35,1.283e-32,3.900e-32,1.228e-44,0.000e+00,0.000e+00,6.052e-06,2.900e-08,6.247e-08,3.179e-36,0.000e+00,0.000e+00,7.485e-06,5.401e-06,1.164e-05,5.205e-23,0.000e+00,0.000e+00
4.6749e+07,6.7805e-05,1,1.275e-05,2.770e-08,5.967e-08,3.221e-36,0.000e+00,0.000e+00,1.275e-05,5.424e-06,1.168e-05,5.223e-23,0.000e+00,0.000e+00,8.080e-35,1.283e-32,3.900e-32,1.228e-44,0.000e+00,0.000e+00,6.240e-06,2.770e-08,5.967e-08,3.221e-36,0.000e+00,0.000e+00,7.553e-06,5.424e-06,1.168e-05,5.223e-23,0.000e+00,0.000e+00
4.6749e+07,4.6239e-04,1,1.335e-05,2.735e-08,5.891e-08,2.994e-36,0.000e+00,0.000e+00,1.335e-05,5.428e-06,1.169e-05,5.226e-23,0.000e+00,0.000e+00,8.080e-35,1.283e-32,3.900e-32,1.228e-44,0.000e+00,0.000e+00,6.295e-06,2.735e-08,5.891e-08,2.994e-36,0.000e+00,0.000e+00,7.571e-06,5.428e-06,1.169e-05,5.226e-23,0.000e+00,0.000e+00
4.6749e+07,3.1533e-03,1,1.352e-05,2.725e-08,5.870e-08,2.816e-36,0.000e+00,0.000e+00,1.352e-05,5.430e-06,1.170e-05,5.227e-23,0.000e+00,0.000e+00,8.080e-35,1.283e-32,3.900e-32,1.228e-44,0.000e+00,0.000e+00,6.310e-06,2.725e-08,5.870e-08,2.816e-36,0.000e+00,0.000e+00,7.575e-06,5.430e-06,1.170e-05,5.227e-23,0.000e+00,0.000e+00
4.6749e+07,2.1503e-02,1,1.357e-05,2.722e-08,5.864e-08,3.275e-36,0.000e+00,0.000e+00,1.357e-05,5.430e-06,1.170e-05,5.227e-23,0.000e+00,0.000e+00,8.080e-35,1.283e-32,3.900e-32,1.228e-44,0.000e+00,0.000e+00,6.314e-06,2.722e-08,5.864e-08,3.275e-36,0.000e+00,0.000e+00,7.576e-06,5.430e-06,1.170e-05,5.227e-23,0.000e+00,0.000e+00
4.6749e+07,1.4664e-01,1,1.358e-05,2.721e-08,5.862e-08,2.945e-36,0.000e+00,0.000e+00,1.358e-05,5.430e-06,1.170e-05,5.227e-23,0.000e+00,0.000e+00,8.080e-35,1.283e-32,3.900e-32,1.228e-44,0.000e+00,0.000e+00,6.315e-06,2.721e-08,5.862e-08,2.945e-36,0.000e+00,0.000e+00,7.577e-06,5.430e-06,1.170e-05,5.227e-23,0.000e+00,0.000e+00
4.6749e+07,1.0000e+00,1,1.359e-05,2.721e-08,5.862e-08,2.863e-36,0.000e+00,0.000e+00,1.359e-05,5.430e-06,1.170e-05,5.227e-23,0.000e+00,0.000e+00,8.080e-35,1.283e-32,3.900e-32,1.228e-44,0.000e+00,0.000e+00,6.315e-06,2.721e-08,5.862e-08,2.863e-36,0.000e+00,0.000e+00,7.577e-06,5.430e-06,1.170e-05,5.227e-23,0.000e+00,0.000e+00
1.1843e+08,1.2306e-13,0,3.128e-30,1.330e-24,6.625e-24,8.853e-185,0.000e+00,0.000e+00,3.128e-30,1.330e-24,6.625e-24,8.822e-185,0.000e+00,0.000e+00,1.729e-40,2.746e-38,8.346e-38,2.184e-191,0.000e+00,0.000e+00,3.128e-30,1.330e-24,6.625e-24,8.853e-185,0.000e+00,0.000e+00,3.128e-30,1.330e-24,6.625e-24,8.822e-185,0.000e+00,0.000e+00
1.1843e+08,8.9285e-13,0,1.422e-25,2.543e-20,8.755e-20,5.001e-124,0.000e+00,0.000e+00,1.422e-25,2.543e-20,8.755e-20,5.074e-124,0.000e+00,0.000e+00,1.773e-40,2.815e-38,8.556e-38,6.359e-136,0.000e+00,0.000e+00,1.422e-25,2.543e-20,8.755e-20,5.001e-124,0.000e+00,0.000e+00,1.422e-25,2.543e-20,8.755e-20,5.074e-124,0.000e+00,0.000e+00
1.1843e+08,6.4780e-12,0,5.618e-21,2.241e-17,5.902e-17,2.921e-118,0.000e+00,0.000e+00,5.618e-21,2.241e-17,5.902e-17,3.226e-116,0.000e+00,0.000e+00,1.846e-40,2.930e-38,8.907e-38,5.490e-130,0.000e+00,0.000e+00,5.618e-21,2.241e-17,5.902e-17,2.921e-118,0.000e+00,0.000e+00,5.618e-21,2.241e-17,5.902e-17,3.226e-116,0.000e+00,0.000e+00
1.1843e+08,4.7000e-11,0,1.545e-16,6.069e-15,1.366e-14,9.110e-119,0.000e+00,0.000e+00,1.545e-16,6.069e-15,1.366e-14,7.955e-115,0.000e+00,0.000e+00,1.854e-40,2.943e-38,8.947e-38,1.601e-129,0.000e+00,0.000e+00,1.545e-16,6.069e-15,1.366e-14,9.110e-119,0.000e+00,0.000e+00,1.545e-16,6.069e-15,1.366e-14,7.955e-115,0.000e+00,0.000e+00
1.1843e+08,3.4100e-10,0,1.577e-13,6.540e-13,1.414e-12,8.178e-120,0.000e+00,0.000e+00,1.577e-13,6.581e-13,1.423e-12,3.505e-114,0.000e+00,0.000e+00,1.854e-40,2.944e-38,8.950e-38,1.731e-129,0.000e+00,0.000e+00,1.577e-13,6.540e-13,1.414e-12,8.178e-120,0.000e+00,0.000e+00,1.577e-13,6.581e-13,1.423e-12,3.505e-114,0.000e+00,0.000e+00
1.1843e+08,2.4741e-09,0,2.433e-11,9.523e-12,2.052e-11,6.858e-121,0.000e+00,0.000e+00,2.515e-11,2.876e-11,6.201e-11,1.353e-113,0.000e+00,0.000e+00,1.854e-40,2.944e-38,8.950e-38,1.741e-129,0.000e+00,0.000e+00,2.433e-11,9.523e-12,2.052e-11,6.858e-121,0.000e+00,0.000e+00,2.515e-11,2.876e-11,6.201e-11,1.353e-113,0.000e+00,0.000e+00
1.1843e+08,1.7950e-08,0,3.153e-10,1.173e-12,2.526e-12,5.676e-122,0.000e+00,0.000e+00,4.887e-10,3.404e-10,7.332e-10,4.478e-113,0.000e+00,0.000e+00,1.854e-40,2.944e-38,8.950e-38,1.742e-129,0.000e+00,0.000e+00,3.153e-10,1.173e-12,2.526e-12,5.676e-122,0.000e+00,0.000e+00,4.887e-10,3.404e-10,7.332e-10,4.478e-113,0.000e+00,0.000e+00
1.1843e+08,1.3024e-07,0,7.713e-10,2.250e-13,4.846e-13,1.598e-122,0.000e+00,0.000e+00,1.749e-09,9.416e-10,2.029e-09,8.484e-113,0.000e+00,0.000e+00,1.854e-40,2.944e-38,8.950e-38,1.742e-129,0.000e+00,0.000e+00,7.713e-10,2.250e-13,4.846e-13,1.598e-122,0.000e+00,0.000e+00,1.749e-09,9.416e-10,2.029e-09,8.484e-113,0.000e+00,0.000e+00
1.1843e+08,9.4491e-07,0,1.070e-09,1.265e-13,2.724e-13,1.045e-122,0.000e+00,0.000e+00,2.501e-09,1.263e-09,2.720e-09,1.029e-112,0.000e+00,0.000e+00,1.854e-40,2.944e-38,8.950e-38,1.742e-129,0.000e+00,0.000e+00,1.070e-09,1.265e-13,2.724e-13,1.045e-122,0.000e+00,0.000e+00,2.501e-09,1.263e-09,2.720e-09,1.029e-112,0.000e+00,0.000e+00
1.1843e+08,6.8556e-06,1,1.220e-09,1.080e-13,2.328e-13,8.980e-123,0.000e+00,0.000e+00,2.693e-09,1.343e-09,2.892e-09,1.072e-112,0.000e+00,0.000e+00,1.854e-40,2.944e-38,8.950e-38,1.742e-129,0.000e+00,0.000e+00,1.220e-09,1.080e-13,2.328e-13,8.980e-123,0.000e+00,0.000e+00,2.693e-09,1.343e-09,2.892e-09,1.072e-112,0.000e+00,0.000e+00
1.1843e+08,4.9740e-05,1,1.409e-09,1.036e-13,2.232e-13,9.147e-123,0.000e+00,0.000e+00,2.867e-09,1.415e-09,3.048e-09,1.110e-112,0.000e+00,0.000e+00,1.854e-40,2.944e-38,8.950e-38,1.742e-129,0.000e+00,0.000e+00,1.409e-09,1.036e-13,2.232e-13,9.147e-123,0.000e+00,0.000e+00,2.867e-09,1.415e-09,3.048e-09,1.110e-112,0.000e+00,0.000e+00
1.1843e+08,3.6088e-04,1,1.467e-09,1.025e-13,2.208e-13,8.477e-123,0.000e+00,0.000e+00,2.871e-09,1.417e-09,3.052e-09,1.111e-112,0.000e+00,0.000e+00,1.854e-40,2.944e-38,8.950e-38,1.742e-129,0.000e+00,0.000e+00,1.467e-09,1.025e-13,2.208e-13,8.477e-123,0.000e+00,0.000e+00,2.871e-09,1.417e-09,3.052e-09,1.111e-112,0.000e+00,0.000e+00
1.1843e+08,2.6183e-03,1,1.482e-09,1.022e-13,2.201e-13,7.403e-123,0.000e+00,0.000e+00,2.872e-09,1.417e-09,3.053e-09,1.111e-112,0.000e+00,0.000e+00,1.854e-40,2.944e-38,8.950e-38,1.742e-129,0.000e+00,0.000e+00,1.482e-09,1.022e-13,2.201e-13,7.403e-123,0.000e+00,0.000e+00,2.872e-09,1.417e-09,3.053e-09,1.111e-112,0.000e+00,0.000e+00
1.1843e+08,1.8997e-02,1,1.487e-09,1.021e-13,2.199e-13,7.424e-123,0.000e+00,0.000e+00,2.872e-09,1.417e-09,3.053e-09,1.111e-112,0.000e+00,0.000e+00,1.854e-40,2.944e-38,8.950e-38,1.742e-129,0.000e+00,0.000e+00,1.487e-09,1.021e-13,2.199e-13,7.424e-123,0.000e+00,0.000e+00,2.872e-09,1.417e-09,3.053e-09,1.111e-112,0.000e+00,0.000e+00
1.1843e+08,1.3783e-01,1,1.488e-09,1.021e-13,2.199e-13,9.262e-123,0.000e+00,0.000e+00,2.872e-09,1.417e-09,3.053e-09,1.111e-112,0.000e+00,0.000e+00,1.854e-40,2.944e-38,8.950e-38,1.742e-129,0.000e+00,0.000e+00,1.488e-09,1.021e-13,2.199e-13,9.262e-123,0.000e+00,0.000e+00,2.872e-09,1.417e-09,3.053e-09,1.111e-112,0.000e+00,0.000e+00
1.1843e+08,1.0000e+00,1,1.488e-09,1.021e-13,2.199e-13,9.685e-123,0.000e+00,0.000e+00,2.872e-09,1.417e-09,3.053e-09,1.111e-112,0.000e+00,0.000e+00,1.854e-40,2.944e-38,8.950e-38,1.742e-129,0.000e+00,0.000e+00,1.488e-09,1.021e-13,2.199e-13,9.685e-123,0.000e+00,0.000e+00,2.872e-09,1.417e-09,3.053e-09,1.111e-112,0.000e+00,0.000e+00
3.0000e+08,4.8579e-14,0,1.015e-32,3.480e-27,1.552e-26,0.000e+00,0.000e+00,0.000e+00,1.015e-32,3.480e-27,1.552e-26,0.000e+00,0.000e+00,0.000e+00,4.483e-46,7.118e-44,2.164e-43,0.000e+00,0.000e+00,0.000e+00,1.015e-32,3.480e-27,1.552e-26,0.000e+00,0.000e+00,0.000e+00,1.015e-32,3.480e-27,1.552e-26,0.000e+00,0.000e+00,0.000e+00
3.0000e+08,3.7499e-13,0,6.401e-28,2.565e-23,6.919e-23,0.000e+00,0.000e+00,0.000e+00,6.401e-28,2.565e-23,6.919e-23,0.000e+00,0.000e+00,0.000e+00,4.562e-46,7.244e-44,2.202e-43,0.000e+00,0.000e+00,0.000e+00,6.401e-28,2.565e-23,6.919e-23,0.000e+00,0.000e+00,0.000e+00,6.401e-28,2.565e-23,6.919e-23,0.000e+00,0.000e+00,0.000e+00
3.0000e+08,2.8946e-12,0,3.496e-23,1.498e-20,3.547e-20,0.000e+00,0.000e+00,0.000e+00,3.496e-23,1.499e-20,3.548e-20,0.000e+00,0.000e+00,0.000e+00,4.733e-46,7.516e-44,2.285e-43,0.000e+00,0.000e+00,0.000e+00,3.496e-23,1.498e-20,3.547e-20,0.000e+00,0.000e+00,0.000e+00,3.496e-23,1.499e-20,3.548e-20,0.000e+00,0.000e+00,0.000e+00
3.0000e+08,2.2344e-11,0,3.336e-19,3.025e-18,6.606e-18,0.000e+00,0.000e+00,0.000e+00,3.336e-19,3.052e-18,6.679e-18,0.000e+00,0.000e+00,0.000e+00,4.751e-46,7.543e-44,2.293e-43,0.000e+00,0.000e+00,0.000e+00,3.336e-19,3.025e-18,6.606e-18,0.000e+00,0.000e+00,0.000e+00,3.336e-19,3.052e-18,6.679e-18,0.000e+00,0.000e+00,0.000e+00
3.0000e+08,1.7248e-10,0,1.516e-16,2.140e-16,4.609e-16,0.000e+00,0.000e+00,0.000e+00,1.520e-16,2.663e-16,5.777e-16,0.000e+00,0.000e+00,0.000e+00,4.752e-46,7.545e-44,2.294e-43,0.000e+00,0.000e+00,0.000e+00,1.516e-16,2.140e-16,4.609e-16,0.000e+00,0.000e+00,0.000e+00,1.520e-16,2.663e-16,5.777e-16,0.000e+00,0.000e+00,0.000e+00
3.0000e+08,1.3314e-09,0,7.596e-15,1.176e-16,2.534e-16,0.000e+00,0.000e+00,0.000e+00,1.037e-14,9.934e-15,2.140e-14,0.000e+00,0.000e+00,0.000e+00,4.752e-46,7.545e-44,2.294e-43,0.000e+00,0.000e+00,0.000e+00,7.596e-15,1.176e-16,2.534e-16,0.000e+00,0.000e+00,0.000e+00,1.037e-14,9.934e-15,2.140e-14,0.000e+00,0.000e+00,0.000e+00
3.0000e+08,1.0277e-08,0,4.575e-14,5.917e-18,1.275e-17,0.000e+00,0.000e+00,0.000e+00,1.805e-13,8.748e-14,1.885e-13,0.000e+00,0.000e+00,0.000e+00,4.752e-46,7.545e-44,2.294e-43,0.000e+00,0.000e+00,0.000e+00,4.575e-14,5.917e-18,1.275e-17,0.000e+00,0.000e+00,0.000e+00,1.805e-13,8.748e-14,1.885e-13,0.000e+00,0.000e+00,0.000e+00
3.0000e+08,7.9330e-08,0,9.567e-14,9.222e-19,1.987e-18,0.000e+00,0.000e+00,0.000e+00,5.530e-13,2.291e-13,4.935e-13,0.000e+00,0.000e+00,0.000e+00,4.752e-46,7.545e-44,2.294e-43,0.000e+00,0.000e+00,0.000e+00,9.567e-14,9.222e-19,1.987e-18,0.000e+00,0.000e+00,0.000e+00,5.530e-13,2.291e-13,4.935e-13,0.000e+00,0.000e+00,0.000e+00
3.0000e+08,6.1236e-07,0,1.160e-13,5.099e-19,1.099e-18,0.000e+00,0.000e+00,0.000e+00,7.570e-13,3.045e-13,6.560e-13,0.000e+00,0.000e+00,0.000e+00,4.752e-46,7.545e-44,2.294e-43,0.000e+00,0.000e+00,0.000e+00,1.160e-13,5.099e-19,1.099e-18,0.000e+00,0.000e+00,0.000e+00,7.570e-13,3.045e-13,6.560e-13,0.000e+00,0.000e+00,0.000e+00
3.0000e+08,4.7269e-06,0,1.174e-13,4.389e-19,9.455e-19,0.000e+00,0.000e+00,0.000e+00,8.093e-13,3.238e-13,6.975e-13,0.000e+00,0.000e+00,0.000e+00,4.752e-46,7.545e-44,2.294e-43,0.000e+00,0.000e+00,0.000e+00,1.174e-13,4.389e-19,9.455e-19,0.000e+00,0.000e+00,0.000e+00,8.093e-13,3.238e-13,6.975e-13,0.000e+00,0.000e+00,0.000e+00
3.0000e+08,3.6488e-05,1,1.175e-13,4.232e-19,9.117e-19,0.000e+00,0.000e+00,0.000e+00,8.125e-13,3.249e-13,7.000e-13,0.000e+00,0.000e+00,0.000e+00,4.752e-46,7.545e-44,2.294e-43,0.000e+00,0.000e+00,0.000e+00,1.175e-13,4.232e-19,9.117e-19,0.000e+00,0.000e+00,0.000e+00,8.125e-13,3.249e-13,7.000e-13,0.000e+00,0.000e+00,0.000e+00
3.0000e+08,2.8166e-04,1,1.174e-13,4.193e-19,9.032e-19,0.000e+00,0.000e+00,0.000e+00,8.131e-13,3.252e-13,7.005e-13,0.000e+00,0.000e+00,0.000e+00,4.752e-46,7.545e-44,2.294e-43,0.000e+00,0.000e+00,0.000e+00,1.174e-13,4.193e-19,9.032e-19,0.000e+00,0.000e+00,0.000e+00,8.131e-13,3.252e-13,7.005e-13,0.000e+00,0.000e+00,0.000e+00
3.0000e+08,2.1742e-03,1,1.174e-13,4.182e-19,9.010e-19,0.000e+00,0.000e+00,0.000e+00,8.133e-13,3.252e-13,7.006e-13,0.000e+00,0.000e+00,0.000e+00,4.752e-46,7.545e-44,2.294e-43,0.000e+00,0.000e+00,0.000e+00,1.174e-13,4.182e-19,9.010e-19,0.000e+00,0.000e+00,0.000e+00,8.133e-13,3.252e-13,7.006e-13,0.000e+00,0.000e+00,0.000e+00
3.0000e+08,1.6783e-02,1,1.174e-13,4.180e-19,9.004e-19,0.000e+00,0.000e+00,0.000e+00,8.133e-13,3.253e-13,7.007e-13,0.000e+00,0.000e+00,0.000e+00,4.752e-46,7.545e-44,2.294e-43,0.000e+00,0.000e+00,0.000e+00,1.174e-13,4.180e-19,9.004e-19,0.000e+00,0.000e+00,0.000e+00,8.133e-13,3.253e-13,7.007e-13,0.000e+00,0.000e+00,0.000e+00
3.0000e+08,1.2955e-01,1,1.174e-13,4.179e-19,9.003e-19,0.000e+00,0.000e+00,0.000e+00,8.133e-13,3.253e-13,7.007e-13,0.000e+00,0.000e+00,0.000e+00,4.752e-46,7.545e-44,2.294e-43,0.000e+00,0.000e+00,0.000e+00,1.174e-13,4.179e-19,9.003e-19,0.000e+00,0.000e+00,0.000e+00,8.133e-13,3.253e-13,7.007e-13,0.000e+00,0.000e+00,0.000e+00
3.0000e+08,1.0000e+00,1,1.174e-13,4.179e-19,9.003e-19,0.000e+00,0.000e+00,0.000e+00,8.133e-13,3.253e-13,7.007e-13,0.000e+00,0.000e+00,0.000e+00,4.752e-46,7.545e-44,2.294e-43,0.000e+00,0.000e+00,0.000e+00,1.174e-13,4.179e-19,9.003e-19,0.000e+00,0.000e+00,0.000e+00,8.133e-13,3.253e-13,7.007e-13,0.000e+00,0.000e+00,0.000e+00
